ISO-10303-21;
HEADER;
FILE_DESCRIPTION (( 'STEP AP214' ),
    '1' );
FILE_NAME ('display.STEP',
    '2025-07-16T17:24:31',
    ( '' ),
    ( '' ),
    'SwSTEP 2.0',
    'SolidWorks 2020',
    '' );
FILE_SCHEMA (( 'AUTOMOTIVE_DESIGN' ));
ENDSEC;

DATA;
#1 = CARTESIAN_POINT ( 'NONE',  ( -5.903476268457487741, 12.49657050444547401, 1.499999999999995115 ) ) ;
#2 = DIRECTION ( 'NONE',  ( 0.000000000000000000, -0.000000000000000000, 1.000000000000000000 ) ) ;
#3 = EDGE_CURVE ( 'NONE', #2384, #3929, #4010, .T. ) ;
#4 = DIRECTION ( 'NONE',  ( 0.000000000000000000, 0.000000000000000000, 1.000000000000000000 ) ) ;
#5 = LINE ( 'NONE', #2306, #931 ) ;
#6 = CARTESIAN_POINT ( 'NONE',  ( 53.75000000000000000, -2.000000000000000000, 1.199999999999999956 ) ) ;
#7 = DIRECTION ( 'NONE',  ( 0.000000000000000000, 1.000000000000000000, 0.000000000000000000 ) ) ;
#8 = EDGE_CURVE ( 'NONE', #411, #3235, #2102, .T. ) ;
#9 = VECTOR ( 'NONE', #1095, 1000.000000000000000 ) ;
#10 = AXIS2_PLACEMENT_3D ( 'NONE', #2221, #3836, #983 ) ;
#11 = DIRECTION ( 'NONE',  ( -0.000000000000000000, -1.000000000000000000, -0.000000000000000000 ) ) ;
#12 = ORIENTED_EDGE ( 'NONE', *, *, #1034, .F. ) ;
#14 = VERTEX_POINT ( 'NONE', #874 ) ;
#13 = VECTOR ( 'NONE', #1699, 1000.000000000000000 ) ;
#15 = CYLINDRICAL_SURFACE ( 'NONE', #2552, 1.500000000000003997 ) ;
#16 = VERTEX_POINT ( 'NONE', #2771 ) ;
#17 = CARTESIAN_POINT ( 'NONE',  ( -6.087814780727985209, -18.00342949555452776, -1.199999999999999956 ) ) ;
#18 = EDGE_CURVE ( 'NONE', #2971, #557, #2121, .T. ) ;
#19 = VECTOR ( 'NONE', #3233, 1000.000000000000000 ) ;
#20 = PLANE ( 'NONE',  #1162 ) ;
#21 = CARTESIAN_POINT ( 'NONE',  ( -53.75000000000000000, -4.000000000000000000, 11.40000000000000036 ) ) ;
#22 = CARTESIAN_POINT ( 'NONE',  ( 47.66218521927218887, -50.50342949555436434, 4.000000000000000000 ) ) ;
#23 = DIRECTION ( 'NONE',  ( 0.000000000000000000, 0.000000000000000000, -1.000000000000000000 ) ) ;
#24 = ORIENTED_EDGE ( 'NONE', *, *, #2034, .T. ) ;
#25 = AXIS2_PLACEMENT_3D ( 'NONE', #514, #3976, #2718 ) ;
#26 = SURFACE_SIDE_STYLE ('',( #2151 ) ) ;
#27 = CARTESIAN_POINT ( 'NONE',  ( -5.549298300014720908, -46.50342949555435723, 1.400000000000000133 ) ) ;
#28 = PLANE ( 'NONE',  #1649 ) ;
#29 = EDGE_LOOP ( 'NONE', ( #2770, #1142 ) ) ;
#30 = CARTESIAN_POINT ( 'NONE',  ( -19.96729603904625350, 10.49657050444530526, 0.000000000000000000 ) ) ;
#31 = CARTESIAN_POINT ( 'NONE',  ( -52.63781478072816356, -50.50342949555435013, -2.200000000000004619 ) ) ;
#32 = PRODUCT_DEFINITION ( '未知', '', #2340, #3169 ) ;
#33 = DIRECTION ( 'NONE',  ( 1.000000000000000000, 0.000000000000000000, -0.000000000000000000 ) ) ;
#34 = CARTESIAN_POINT ( 'NONE',  ( -52.63781478072815645, 12.49657050444530171, -3.000000000000004441 ) ) ;
#35 = DIRECTION ( 'NONE',  ( -0.000000000000000000, -0.000000000000000000, -1.000000000000000000 ) ) ;
#36 = DIRECTION ( 'NONE',  ( 1.000000000000000000, 0.000000000000000000, 0.000000000000000000 ) ) ;
#37 = ORIENTED_EDGE ( 'NONE', *, *, #4077, .F. ) ;
#38 = EDGE_CURVE ( 'NONE', #1395, #3948, #3402, .T. ) ;
#39 = ORIENTED_EDGE ( 'NONE', *, *, #3626, .F. ) ;
#40 = CARTESIAN_POINT ( 'NONE',  ( 43.75000000000000000, -4.000000000000000000, 9.199999999999999289 ) ) ;
#41 = AXIS2_PLACEMENT_3D ( 'NONE', #3190, #1544, #1244 ) ;
#42 = EDGE_CURVE ( 'NONE', #3739, #59, #3926, .T. ) ;
#43 = LINE ( 'NONE', #1012, #3213 ) ;
#44 = CARTESIAN_POINT ( 'NONE',  ( -5.549298300014720908, -46.50342949555435723, 1.400000000000000133 ) ) ;
#45 = DIRECTION ( 'NONE',  ( -1.000000000000000000, 0.000000000000000000, 0.000000000000000000 ) ) ;
#46 = ORIENTED_EDGE ( 'NONE', *, *, #1616, .T. ) ;
#47 = VECTOR ( 'NONE', #661, 1000.000000000000000 ) ;
#48 = EDGE_CURVE ( 'NONE', #2120, #2716, #4049, .T. ) ;
#49 = DIRECTION ( 'NONE',  ( 0.000000000000000000, 0.000000000000000000, 1.000000000000000000 ) ) ;
#50 = VECTOR ( 'NONE', #1558, 1000.000000000000000 ) ;
#51 = DIRECTION ( 'NONE',  ( 0.000000000000000000, 1.000000000000000000, 0.000000000000000000 ) ) ;
#52 = ORIENTED_EDGE ( 'NONE', *, *, #3703, .F. ) ;
#53 = PRODUCT_CONTEXT ( 'NONE', #2250, 'mechanical' ) ;
#54 = CARTESIAN_POINT ( 'NONE',  ( 29.66218521927184426, 10.49657050444530526, -3.469446951953614189E-15 ) ) ;
#55 = LINE ( 'NONE', #2571, #1579 ) ;
#56 = CARTESIAN_POINT ( 'NONE',  ( 43.75000000000000000, 14.15054178657793393, 9.199999999999999289 ) ) ;
#57 = CARTESIAN_POINT ( 'NONE',  ( 29.66218521927184426, 14.49657050444530526, -3.469446951953614189E-15 ) ) ;
#58 = ORIENTED_EDGE ( 'NONE', *, *, #1743, .F. ) ;
#59 = VERTEX_POINT ( 'NONE', #275 ) ;
#60 = PLANE ( 'NONE',  #3897 ) ;
#61 = EDGE_LOOP ( 'NONE', ( #3612, #664, #2495, #2192, #1628, #2938, #1865, #3650 ) ) ;
#62 = CARTESIAN_POINT ( 'NONE',  ( 23.74999999999997158, -0.9999999999999986677, 7.199999999999983302 ) ) ;
#63 = ADVANCED_FACE ( 'NONE', ( #1515 ), #2788, .F. ) ;
#64 = CARTESIAN_POINT ( 'NONE',  ( 24.41218521927201834, -18.00342949555452776, 1.400000000000000133 ) ) ;
#65 = CARTESIAN_POINT ( 'NONE',  ( -53.75000000000000000, -4.000000000000000000, 9.199999999999999289 ) ) ;
#66 = PLANE ( 'NONE',  #430 ) ;
#67 = ORIENTED_EDGE ( 'NONE', *, *, #2520, .T. ) ;
#68 = EDGE_CURVE ( 'NONE', #2669, #557, #3783, .T. ) ;
#69 = VERTEX_POINT ( 'NONE', #40 ) ;
#70 = DIRECTION ( 'NONE',  ( 0.000000000000000000, 0.000000000000000000, 1.000000000000000000 ) ) ;
#71 = LINE ( 'NONE', #995, #3990 ) ;
#72 = ORIENTED_EDGE ( 'NONE', *, *, #3588, .T. ) ;
#73 = CARTESIAN_POINT ( 'NONE',  ( -53.74999999999997158, -6.000000000000000000, 1.199999999999999956 ) ) ;
#74 = EDGE_CURVE ( 'NONE', #3613, #464, #929, .T. ) ;
#75 = PLANE ( 'NONE',  #1906 ) ;
#76 = DIRECTION ( 'NONE',  ( 0.000000000000000000, -0.000000000000000000, -1.000000000000000000 ) ) ;
#77 =( GEOMETRIC_REPRESENTATION_CONTEXT ( 3 ) GLOBAL_UNCERTAINTY_ASSIGNED_CONTEXT ( ( #2133 ) ) GLOBAL_UNIT_ASSIGNED_CONTEXT ( ( #1225, #940, #2111 ) ) REPRESENTATION_CONTEXT ( 'NONE', 'WORKASPACE' ) );
#78 = VECTOR ( 'NONE', #403, 1000.000000000000000 ) ;
#79 = VERTEX_POINT ( 'NONE', #2537 ) ;
#80 = ORIENTED_EDGE ( 'NONE', *, *, #3104, .T. ) ;
#81 = CARTESIAN_POINT ( 'NONE',  ( 55.75000000000000000, 0.000000000000000000, 1.199999999999999956 ) ) ;
#82 = ORIENTED_EDGE ( 'NONE', *, *, #777, .F. ) ;
#83 = DIRECTION ( 'NONE',  ( 0.000000000000000000, -0.000000000000000000, 1.000000000000000000 ) ) ;
#84 = CIRCLE ( 'NONE', #2921, 30.50000000000000000 ) ;
#85 = DIRECTION ( 'NONE',  ( -0.000000000000000000, 1.000000000000000000, -0.000000000000000000 ) ) ;
#86 = PRODUCT_RELATED_PRODUCT_CATEGORY ( 'part', '', ( #1449 ) ) ;
#87 = EDGE_LOOP ( 'NONE', ( #3721, #1814, #2355, #2906 ) ) ;
#88 = FACE_OUTER_BOUND ( 'NONE', #2562, .T. ) ;
#89 = EDGE_LOOP ( 'NONE', ( #545, #3036, #614, #3435 ) ) ;
#90 = VECTOR ( 'NONE', #2240, 1000.000000000000000 ) ;
#91 = VECTOR ( 'NONE', #2268, 1000.000000000000000 ) ;
#92 = ORIENTED_EDGE ( 'NONE', *, *, #3366, .F. ) ;
#93 = CARTESIAN_POINT ( 'NONE',  ( -35.75000000000000711, 0.000000000000000000, 13.19999999999999929 ) ) ;
#94 = EDGE_CURVE ( 'NONE', #2907, #1342, #967, .T. ) ;
#95 = PLANE ( 'NONE',  #936 ) ;
#96 = ORIENTED_EDGE ( 'NONE', *, *, #2493, .T. ) ;
#97 = AXIS2_PLACEMENT_3D ( 'NONE', #2619, #1589, #2237 ) ;
#98 = VECTOR ( 'NONE', #3263, 1000.000000000000000 ) ;
#99 = FACE_OUTER_BOUND ( 'NONE', #870, .T. ) ;
#100 = EDGE_CURVE ( 'NONE', #2907, #2505, #3544, .T. ) ;
#101 = CARTESIAN_POINT ( 'NONE',  ( 1.959434878635765970E-16, 0.000000000000000000, 14.80000000000000071 ) ) ;
#102 = DIRECTION ( 'NONE',  ( 0.000000000000000000, -1.000000000000000000, 0.000000000000000000 ) ) ;
#103 = ORIENTED_EDGE ( 'NONE', *, *, #693, .F. ) ;
#104 = ORIENTED_EDGE ( 'NONE', *, *, #2953, .T. ) ;
#105 = CARTESIAN_POINT ( 'NONE',  ( -55.75000000000000000, 0.000000000000000000, 17.19999999999999929 ) ) ;
#106 = ORIENTED_EDGE ( 'NONE', *, *, #311, .T. ) ;
#107 = DIRECTION ( 'NONE',  ( 1.000000000000000000, 0.000000000000000000, 0.000000000000000000 ) ) ;
#108 = DIRECTION ( 'NONE',  ( 1.000000000000000000, -0.000000000000000000, -0.000000000000000000 ) ) ;
#109 = ORIENTED_EDGE ( 'NONE', *, *, #2652, .F. ) ;
#110 = LINE ( 'NONE', #731, #19 ) ;
#111 = ORIENTED_EDGE ( 'NONE', *, *, #4045, .T. ) ;
#112 = CIRCLE ( 'NONE', #1101, 1.600000000000000755 ) ;
#113 = ORIENTED_EDGE ( 'NONE', *, *, #1400, .T. ) ;
#114 = CARTESIAN_POINT ( 'NONE',  ( 53.75000000000000000, 14.15054178657793393, 11.40000000000000036 ) ) ;
#115 = DIRECTION ( 'NONE',  ( 0.000000000000000000, -1.000000000000000000, 0.000000000000000000 ) ) ;
#116 = DIRECTION ( 'NONE',  ( 0.000000000000000000, 1.000000000000000000, 0.000000000000000000 ) ) ;
#117 = VECTOR ( 'NONE', #108, 1000.000000000000000 ) ;
#118 = ORIENTED_EDGE ( 'NONE', *, *, #2469, .T. ) ;
#119 = EDGE_CURVE ( 'NONE', #3074, #3015, #954, .T. ) ;
#120 = DIRECTION ( 'NONE',  ( 0.000000000000000000, 0.000000000000000000, 1.000000000000000000 ) ) ;
#121 = VECTOR ( 'NONE', #2245, 1000.000000000000000 ) ;
#122 = CARTESIAN_POINT ( 'NONE',  ( -6.087814780727786257, -54.50342949555474092, 103.4000000000000057 ) ) ;
#123 = LINE ( 'NONE', #1369, #1188 ) ;
#124 = DIRECTION ( 'NONE',  ( 1.000000000000000000, -0.000000000000000000, 0.000000000000000000 ) ) ;
#125 = ADVANCED_FACE ( 'NONE', ( #1559 ), #2846, .F. ) ;
#126 = ORIENTED_EDGE ( 'NONE', *, *, #930, .F. ) ;
#127 = ORIENTED_EDGE ( 'NONE', *, *, #1400, .F. ) ;
#128 = PLANE ( 'NONE',  #2156 ) ;
#129 = ORIENTED_EDGE ( 'NONE', *, *, #2136, .F. ) ;
#130 = DIRECTION ( 'NONE',  ( -1.000000000000000000, 0.000000000000000000, 0.000000000000000000 ) ) ;
#131 = EDGE_CURVE ( 'NONE', #2319, #905, #1867, .T. ) ;
#132 = FILL_AREA_STYLE ('',( #2316 ) ) ;
#133 = ORIENTED_EDGE ( 'NONE', *, *, #2695, .F. ) ;
#134 = ORIENTED_EDGE ( 'NONE', *, *, #3068, .T. ) ;
#135 = AXIS2_PLACEMENT_3D ( 'NONE', #3740, #4065, #871 ) ;
#136 = ORIENTED_EDGE ( 'NONE', *, *, #3053, .F. ) ;
#137 = DIRECTION ( 'NONE',  ( 0.000000000000000000, -1.000000000000000000, 0.000000000000000000 ) ) ;
#138 = CARTESIAN_POINT ( 'NONE',  ( 0.000000000000000000, -4.000000000000000000, 11.59999999999999964 ) ) ;
#139 = CARTESIAN_POINT ( 'NONE',  ( 8.000000000000000000, -1.999999999999998224, 11.40000000000000036 ) ) ;
#140 = ORIENTED_EDGE ( 'NONE', *, *, #1640, .T. ) ;
#141 = LINE ( 'NONE', #740, #2265 ) ;
#142 = CARTESIAN_POINT ( 'NONE',  ( 53.74999999999998579, -6.000000000000000000, 17.19999999999999929 ) ) ;
#143 = ADVANCED_FACE ( 'NONE', ( #3162 ), #341, .F. ) ;
#144 = DIRECTION ( 'NONE',  ( -0.000000000000000000, -0.000000000000000000, 1.000000000000000000 ) ) ;
#145 = AXIS2_PLACEMENT_3D ( 'NONE', #1285, #2863, #2264 ) ;
#146 = ORIENTED_EDGE ( 'NONE', *, *, #3679, .T. ) ;
#147 = VERTEX_POINT ( 'NONE', #382 ) ;
#148 = DIRECTION ( 'NONE',  ( 0.000000000000000000, 0.000000000000000000, 1.000000000000000000 ) ) ;
#149 = EDGE_CURVE ( 'NONE', #170, #2675, #84, .T. ) ;
#150 = ORIENTED_EDGE ( 'NONE', *, *, #2344, .F. ) ;
#151 = AXIS2_PLACEMENT_3D ( 'NONE', #1066, #3939, #3267 ) ;
#152 = CARTESIAN_POINT ( 'NONE',  ( 32.66218521927219598, -18.50342949555436434, 0.000000000000000000 ) ) ;
#153 = EDGE_CURVE ( 'NONE', #3115, #2525, #2714, .T. ) ;
#154 = ORIENTED_EDGE ( 'NONE', *, *, #508, .F. ) ;
#155 = VERTEX_POINT ( 'NONE', #660 ) ;
#156 = AXIS2_PLACEMENT_3D ( 'NONE', #1796, #3010, #1775 ) ;
#157 = ORIENTED_EDGE ( 'NONE', *, *, #1273, .F. ) ;
#158 = DIRECTION ( 'NONE',  ( 0.000000000000000000, 1.000000000000000000, 0.000000000000000000 ) ) ;
#159 = AXIS2_PLACEMENT_3D ( 'NONE', #1315, #2896, #2915 ) ;
#160 = CYLINDRICAL_SURFACE ( 'NONE', #760, 30.50000000000000355 ) ;
#161 = CARTESIAN_POINT ( 'NONE',  ( 1.912185219272021452, 12.49657050444528927, -3.000000000000004441 ) ) ;
#162 = EDGE_LOOP ( 'NONE', ( #3880, #3677, #1511, #3824 ) ) ;
#163 = CARTESIAN_POINT ( 'NONE',  ( 24.41218521927201834, -18.00342949555452776, 4.000000000000000000 ) ) ;
#164 = AXIS2_PLACEMENT_3D ( 'NONE', #2889, #3779, #36 ) ;
#165 = PRESENTATION_STYLE_ASSIGNMENT (( #3290 ) ) ;
#166 = DIRECTION ( 'NONE',  ( 1.000000000000000000, 0.000000000000000000, 0.000000000000000000 ) ) ;
#167 = LINE ( 'NONE', #971, #722 ) ;
#168 = CARTESIAN_POINT ( 'NONE',  ( -6.626331261441737119, -48.49867502662053198, 1.400000000000303668 ) ) ;
#169 = EDGE_CURVE ( 'NONE', #3350, #2734, #2871, .T. ) ;
#170 = VERTEX_POINT ( 'NONE', #2578 ) ;
#171 = ORIENTED_EDGE ( 'NONE', *, *, #4093, .F. ) ;
#172 = PLANE ( 'NONE',  #456 ) ;
#173 = VERTEX_POINT ( 'NONE', #2936 ) ;
#174 = DIRECTION ( 'NONE',  ( 0.000000000000000000, 0.000000000000000000, 1.000000000000000000 ) ) ;
#175 = EDGE_CURVE ( 'NONE', #1905, #1166, #1657, .T. ) ;
#176 = CARTESIAN_POINT ( 'NONE',  ( 4.774965710472682368, -46.50342949555435723, -1.199999999999999956 ) ) ;
#177 = ORIENTED_EDGE ( 'NONE', *, *, #2953, .F. ) ;
#178 = EDGE_LOOP ( 'NONE', ( #1069, #3616 ) ) ;
#179 = ADVANCED_FACE ( 'NONE', ( #2670 ), #2973, .T. ) ;
#180 = EDGE_LOOP ( 'NONE', ( #2231, #3052, #1049, #3748, #3034, #1839, #2687, #584, #1676, #414, #1772, #3938, #1452, #340, #37, #2859 ) ) ;
#181 = PLANE ( 'NONE',  #2286 ) ;
#182 = DIRECTION ( 'NONE',  ( 0.000000000000000000, 0.000000000000000000, 1.000000000000000000 ) ) ;
#183 = LINE ( 'NONE', #261, #1729 ) ;
#184 = VERTEX_POINT ( 'NONE', #1728 ) ;
#185 = VECTOR ( 'NONE', #939, 1000.000000000000000 ) ;
#186 = EDGE_CURVE ( 'NONE', #834, #557, #2650, .T. ) ;
#187 = DIRECTION ( 'NONE',  ( 4.625929269271485322E-15, 1.000000000000000000, 0.000000000000000000 ) ) ;
#188 = VECTOR ( 'NONE', #513, 1000.000000000000000 ) ;
#189 = DIRECTION ( 'NONE',  ( 0.000000000000000000, 1.000000000000000000, 0.000000000000000000 ) ) ;
#190 = CARTESIAN_POINT ( 'NONE',  ( 32.66218521927219598, -18.50342949555436434, 4.000000000000000000 ) ) ;
#191 = VECTOR ( 'NONE', #2062, 1000.000000000000000 ) ;
#192 = DIRECTION ( 'NONE',  ( 0.000000000000000000, 0.000000000000000000, 1.000000000000000000 ) ) ;
#193 = EDGE_LOOP ( 'NONE', ( #2461, #628, #3969 ) ) ;
#194 = DIRECTION ( 'NONE',  ( 0.000000000000000000, 0.000000000000000000, 1.000000000000000000 ) ) ;
#195 = ORIENTED_EDGE ( 'NONE', *, *, #169, .T. ) ;
#196 = CARTESIAN_POINT ( 'NONE',  ( 43.75000000000000000, 14.15054178657793393, 11.40000000000000036 ) ) ;
#197 = VECTOR ( 'NONE', #4013, 1000.000000000000000 ) ;
#198 = ORIENTED_EDGE ( 'NONE', *, *, #919, .T. ) ;
#199 = EDGE_CURVE ( 'NONE', #2697, #184, #1114, .T. ) ;
#200 = ORIENTED_EDGE ( 'NONE', *, *, #3686, .F. ) ;
#201 = CARTESIAN_POINT ( 'NONE',  ( -41.83781478072816640, -46.50342949555435723, -3.469446951953614189E-15 ) ) ;
#202 = VECTOR ( 'NONE', #3207, 1000.000000000000000 ) ;
#203 = CARTESIAN_POINT ( 'NONE',  ( -53.75000000000000000, -1.999999999999998224, 11.40000000000000036 ) ) ;
#204 = CARTESIAN_POINT ( 'NONE',  ( -6.087814780728155739, -46.50342949555435723, -5.204170427930421283E-15 ) ) ;
#205 = ORIENTED_EDGE ( 'NONE', *, *, #552, .F. ) ;
#206 = EDGE_CURVE ( 'NONE', #256, #399, #3925, .T. ) ;
#207 = SHAPE_REPRESENTATION_RELATIONSHIP ( 'NONE' , 'NONE' ,  #3436, #1804 ) ;
#208 = CIRCLE ( 'NONE', #3503, 1.600000000000000755 ) ;
#209 = LINE ( 'NONE', #1914, #1097 ) ;
#210 = CARTESIAN_POINT ( 'NONE',  ( 53.74999999999998579, -10.00000000000000000, 17.19999999999999929 ) ) ;
#211 = ADVANCED_FACE ( 'NONE', ( #2359 ), #1974, .F. ) ;
#212 = CARTESIAN_POINT ( 'NONE',  ( -35.75000000000000711, -4.000000000000000000, 13.19999999999999929 ) ) ;
#213 = ORIENTED_EDGE ( 'NONE', *, *, #2489, .F. ) ;
#214 = CARTESIAN_POINT ( 'NONE',  ( -55.75000000000000000, 0.000000000000000000, 1.199999999999999956 ) ) ;
#215 = ORIENTED_EDGE ( 'NONE', *, *, #2802, .T. ) ;
#216 = DIRECTION ( 'NONE',  ( -0.000000000000000000, -0.000000000000000000, -1.000000000000000000 ) ) ;
#217 = CARTESIAN_POINT ( 'NONE',  ( 47.46218521927219314, -5.066693348986541409E-15, 69.00030769157909560 ) ) ;
#218 = CIRCLE ( 'NONE', #1128, 1.499999999999999556 ) ;
#219 = ORIENTED_EDGE ( 'NONE', *, *, #2917, .T. ) ;
#220 = AXIS2_PLACEMENT_3D ( 'NONE', #3448, #1506, #3431 ) ;
#221 = CARTESIAN_POINT ( 'NONE',  ( -53.75000000000000000, -4.000000000000000000, 17.19999999999999929 ) ) ;
#222 = DIRECTION ( 'NONE',  ( 0.000000000000000000, 0.000000000000000000, 1.000000000000000000 ) ) ;
#223 = DIRECTION ( 'NONE',  ( -0.000000000000000000, -0.000000000000000000, -1.000000000000000000 ) ) ;
#224 = EDGE_LOOP ( 'NONE', ( #2343, #1688, #1229, #1359, #3178, #1042, #599, #1885, #3893 ) ) ;
#225 = VECTOR ( 'NONE', #3627, 1000.000000000000000 ) ;
#226 = EDGE_CURVE ( 'NONE', #1098, #1880, #1923, .T. ) ;
#227 = VECTOR ( 'NONE', #1871, 1000.000000000000000 ) ;
#228 =( LENGTH_UNIT ( ) NAMED_UNIT ( * ) SI_UNIT ( .MILLI., .METRE. ) );
#229 = CARTESIAN_POINT ( 'NONE',  ( -6.087814780727985209, -18.00342949555452776, 1.400000000000000133 ) ) ;
#230 = VECTOR ( 'NONE', #593, 1000.000000000000000 ) ;
#231 = EDGE_CURVE ( 'NONE', #2782, #4043, #2608, .T. ) ;
#232 = LINE ( 'NONE', #1475, #1593 ) ;
#233 = ORIENTED_EDGE ( 'NONE', *, *, #100, .F. ) ;
#234 = ORIENTED_EDGE ( 'NONE', *, *, #1703, .T. ) ;
#235 = DIRECTION ( 'NONE',  ( -1.000000000000000000, 0.000000000000000000, 0.000000000000000000 ) ) ;
#236 = CARTESIAN_POINT ( 'NONE',  ( -59.63781478072815645, 6.366468760374541412E-15, -3.000000000000004441 ) ) ;
#237 = VERTEX_POINT ( 'NONE', #3949 ) ;
#238 = DIRECTION ( 'NONE',  ( 8.673617379884027583E-16, 1.000000000000000000, 0.000000000000000000 ) ) ;
#239 = LINE ( 'NONE', #1483, #2029 ) ;
#240 = DIRECTION ( 'NONE',  ( 0.000000000000000000, 0.000000000000000000, 1.000000000000000000 ) ) ;
#241 = ORIENTED_EDGE ( 'NONE', *, *, #1474, .T. ) ;
#242 = SURFACE_STYLE_USAGE ( .BOTH. , #843 ) ;
#243 = FILL_AREA_STYLE ('',( #1854 ) ) ;
#244 = UNCERTAINTY_MEASURE_WITH_UNIT (LENGTH_MEASURE( 1.000000000000000082E-05 ), #228, 'distance_accuracy_value', 'NONE');
#245 = LINE ( 'NONE', #190, #3523 ) ;
#246 = ADVANCED_FACE ( 'NONE', ( #3884 ), #1032, .F. ) ;
#247 = AXIS2_PLACEMENT_3D ( 'NONE', #757, #1648, #3596 ) ;
#248 = DIRECTION ( 'NONE',  ( 0.000000000000000000, 1.000000000000000000, 0.000000000000000000 ) ) ;
#249 = EDGE_LOOP ( 'NONE', ( #1585, #2977 ) ) ;
#250 = CARTESIAN_POINT ( 'NONE',  ( -6.087814780727985209, -46.50342949555435723, -1.199999999999999956 ) ) ;
#251 = ORIENTED_EDGE ( 'NONE', *, *, #3666, .T. ) ;
#252 = DIRECTION ( 'NONE',  ( 1.000000000000000000, 0.000000000000000000, 0.000000000000000000 ) ) ;
#253 = VECTOR ( 'NONE', #3710, 1000.000000000000000 ) ;
#254 = ADVANCED_FACE ( 'NONE', ( #792 ), #445, .F. ) ;
#255 = VECTOR ( 'NONE', #3035, 1000.000000000000000 ) ;
#256 = VERTEX_POINT ( 'NONE', #3905 ) ;
#257 = DIRECTION ( 'NONE',  ( -0.000000000000000000, -1.000000000000000000, -0.000000000000000000 ) ) ;
#258 = DIRECTION ( 'NONE',  ( -0.000000000000000000, 1.000000000000000000, -0.000000000000000000 ) ) ;
#259 = ADVANCED_FACE ( 'NONE', ( #1663 ), #2292, .F. ) ;
#260 = CARTESIAN_POINT ( 'NONE',  ( 53.75000000000000000, 14.15054178657793393, 11.40000000000000036 ) ) ;
#261 = CARTESIAN_POINT ( 'NONE',  ( 0.000000000000000000, 12.49657050444528927, -2.200000000000004619 ) ) ;
#262 = ORIENTED_EDGE ( 'NONE', *, *, #705, .F. ) ;
#263 = CARTESIAN_POINT ( 'NONE',  ( -5.549298300014720908, 10.49657050444530526, 1.400000000000000133 ) ) ;
#264 = CARTESIAN_POINT ( 'NONE',  ( 47.66218521927218887, -46.50342949555435723, 0.000000000000000000 ) ) ;
#265 = AXIS2_PLACEMENT_3D ( 'NONE', #65, #662, #407 ) ;
#266 = FACE_OUTER_BOUND ( 'NONE', #3154, .T. ) ;
#267 = VERTEX_POINT ( 'NONE', #2313 ) ;
#268 = ADVANCED_FACE ( 'NONE', ( #1416 ), #2689, .T. ) ;
#269 = DIRECTION ( 'NONE',  ( -0.000000000000000000, 1.000000000000000000, -0.000000000000000000 ) ) ;
#270 = ORIENTED_EDGE ( 'NONE', *, *, #3999, .F. ) ;
#271 = DIRECTION ( 'NONE',  ( 0.000000000000000000, 0.000000000000000000, -1.000000000000000000 ) ) ;
#272 = ADVANCED_FACE ( 'NONE', ( #747 ), #770, .F. ) ;
#273 = DIRECTION ( 'NONE',  ( 1.000000000000000000, 0.000000000000000000, 0.000000000000000000 ) ) ;
#274 = ORIENTED_EDGE ( 'NONE', *, *, #723, .F. ) ;
#275 = CARTESIAN_POINT ( 'NONE',  ( -41.83781478072816640, -50.50342949555436434, -1.500000000000007327 ) ) ;
#276 = CARTESIAN_POINT ( 'NONE',  ( 55.75000000000000000, 0.000000000000000000, 1.199999999999999956 ) ) ;
#277 = EDGE_CURVE ( 'NONE', #2708, #602, #2959, .T. ) ;
#278 = VECTOR ( 'NONE', #3813, 1000.000000000000000 ) ;
#279 = CARTESIAN_POINT ( 'NONE',  ( -6.087814780728155739, -48.50342949555453487, 1.499999999999994449 ) ) ;
#280 = DIRECTION ( 'NONE',  ( -0.000000000000000000, -0.000000000000000000, -1.000000000000000000 ) ) ;
#281 = CARTESIAN_POINT ( 'NONE',  ( 38.74999999999997158, -1.000000000000000000, 1.199999999999999956 ) ) ;
#282 = VERTEX_POINT ( 'NONE', #465 ) ;
#283 = AXIS2_PLACEMENT_3D ( 'NONE', #570, #1245, #3108 ) ;
#284 = PRESENTATION_STYLE_ASSIGNMENT (( #1222 ) ) ;
#285 = AXIS2_PLACEMENT_3D ( 'NONE', #2134, #847, #1448 ) ;
#286 = CARTESIAN_POINT ( 'NONE',  ( -41.83781478072816640, 10.49657050444530526, -3.469446951953614189E-15 ) ) ;
#287 = SURFACE_SIDE_STYLE ('',( #1545 ) ) ;
#288 = DIRECTION ( 'NONE',  ( -0.000000000000000000, -0.000000000000000000, -1.000000000000000000 ) ) ;
#289 = CARTESIAN_POINT ( 'NONE',  ( 7.791666477590282192, -46.50342949555435723, 0.000000000000000000 ) ) ;
#290 = VERTEX_POINT ( 'NONE', #853 ) ;
#291 = DIRECTION ( 'NONE',  ( 0.000000000000000000, -1.000000000000000000, 0.000000000000000000 ) ) ;
#292 = AXIS2_PLACEMENT_3D ( 'NONE', #204, #3383, #3689 ) ;
#293 = CARTESIAN_POINT ( 'NONE',  ( -16.95059527192864124, 10.49657050444530526, -1.199999999999999956 ) ) ;
#294 = VECTOR ( 'NONE', #3983, 1000.000000000000000 ) ;
#295 = AXIS2_PLACEMENT_3D ( 'NONE', #3567, #1332, #1354 ) ;
#296 = CARTESIAN_POINT ( 'NONE',  ( 40.46218521927218603, -50.50342949555436434, -2.200000000000004619 ) ) ;
#297 = ORIENTED_EDGE ( 'NONE', *, *, #3626, .T. ) ;
#298 = VERTEX_POINT ( 'NONE', #1187 ) ;
#299 = ORIENTED_EDGE ( 'NONE', *, *, #624, .F. ) ;
#300 = AXIS2_PLACEMENT_3D ( 'NONE', #3147, #328, #1565 ) ;
#301 = DIRECTION ( 'NONE',  ( -0.000000000000000000, 1.000000000000000000, -0.000000000000000000 ) ) ;
#302 = EDGE_CURVE ( 'NONE', #290, #3572, #2335, .T. ) ;
#303 = VECTOR ( 'NONE', #3618, 1000.000000000000000 ) ;
#304 = DIRECTION ( 'NONE',  ( -0.000000000000000000, -1.000000000000000000, -0.000000000000000000 ) ) ;
#305 = LINE ( 'NONE', #990, #2854 ) ;
#306 = ORIENTED_EDGE ( 'NONE', *, *, #2262, .T. ) ;
#307 = EDGE_CURVE ( 'NONE', #2148, #1973, #2766, .T. ) ;
#308 = DIRECTION ( 'NONE',  ( -0.000000000000000000, -1.000000000000000000, -0.000000000000000000 ) ) ;
#309 = CARTESIAN_POINT ( 'NONE',  ( 0.000000000000000000, 0.001000000000000132727, 13.19999999999999929 ) ) ;
#310 = FACE_OUTER_BOUND ( 'NONE', #3375, .T. ) ;
#311 = EDGE_CURVE ( 'NONE', #3726, #1339, #3037, .T. ) ;
#312 = DIRECTION ( 'NONE',  ( -6.938893903907228378E-15, -1.000000000000000000, 0.000000000000000000 ) ) ;
#313 = ORIENTED_EDGE ( 'NONE', *, *, #1622, .F. ) ;
#314 = CARTESIAN_POINT ( 'NONE',  ( -36.58781478072799587, -18.00342949555452421, 1.400000000000000133 ) ) ;
#315 = DIRECTION ( 'NONE',  ( -1.000000000000000000, 0.000000000000000000, 0.000000000000000000 ) ) ;
#316 = DIRECTION ( 'NONE',  ( 0.000000000000000000, -0.000000000000000000, 1.000000000000000000 ) ) ;
#317 = ORIENTED_EDGE ( 'NONE', *, *, #3638, .T. ) ;
#318 = ORIENTED_EDGE ( 'NONE', *, *, #924, .F. ) ;
#319 = LINE ( 'NONE', #4047, #2628 ) ;
#320 = VECTOR ( 'NONE', #3085, 1000.000000000000000 ) ;
#321 = DIRECTION ( 'NONE',  ( 1.000000000000000000, -2.478176394252582127E-16, 0.000000000000000000 ) ) ;
#322 = CIRCLE ( 'NONE', #2430, 1.500000000000000666 ) ;
#323 = CARTESIAN_POINT ( 'NONE',  ( 53.74999999999999289, -10.00000000000000000, 1.199999999999999956 ) ) ;
#324 = EDGE_CURVE ( 'NONE', #14, #1740, #1896, .T. ) ;
#325 = CARTESIAN_POINT ( 'NONE',  ( 47.46218521927219314, 14.49657050444530526, 69.00030769157909560 ) ) ;
#326 = DIRECTION ( 'NONE',  ( 0.000000000000000000, 0.000000000000000000, 1.000000000000000000 ) ) ;
#327 = ORIENTED_EDGE ( 'NONE', *, *, #3018, .T. ) ;
#328 = DIRECTION ( 'NONE',  ( 0.000000000000000000, 0.000000000000000000, 1.000000000000000000 ) ) ;
#329 = DIRECTION ( 'NONE',  ( 0.000000000000000000, -0.000000000000000000, 1.000000000000000000 ) ) ;
#330 = EDGE_CURVE ( 'NONE', #2517, #1316, #1818, .T. ) ;
#331 = CARTESIAN_POINT ( 'NONE',  ( -52.63781478072816356, -50.50342949555435013, -2.200000000000004619 ) ) ;
#332 = DIRECTION ( 'NONE',  ( -0.000000000000000000, -1.000000000000000000, -0.000000000000000000 ) ) ;
#333 = CARTESIAN_POINT ( 'NONE',  ( -6.087814780727985209, -18.00342949555452776, 1.400000000000000133 ) ) ;
#334 = ORIENTED_EDGE ( 'NONE', *, *, #859, .F. ) ;
#335 = EDGE_CURVE ( 'NONE', #2708, #2682, #598, .T. ) ;
#336 = CARTESIAN_POINT ( 'NONE',  ( -7.999999999999996447, 14.15054178657793393, 11.40000000000000036 ) ) ;
#337 = FACE_OUTER_BOUND ( 'NONE', #945, .T. ) ;
#338 = CARTESIAN_POINT ( 'NONE',  ( -14.08781478072798699, -48.50342949555436434, -2.200000000000004619 ) ) ;
#339 = ORIENTED_EDGE ( 'NONE', *, *, #2086, .T. ) ;
#340 = ORIENTED_EDGE ( 'NONE', *, *, #2618, .T. ) ;
#341 = PLANE ( 'NONE',  #3119 ) ;
#342 = DIRECTION ( 'NONE',  ( 0.000000000000000000, 0.000000000000000000, 1.000000000000000000 ) ) ;
#343 = CARTESIAN_POINT ( 'NONE',  ( -6.087814780727985209, -18.00342949555452776, -1.199999999999992628 ) ) ;
#344 = LINE ( 'NONE', #3507, #2729 ) ;
#345 = ORIENTED_EDGE ( 'NONE', *, *, #2293, .T. ) ;
#346 = FACE_OUTER_BOUND ( 'NONE', #4099, .T. ) ;
#347 = CARTESIAN_POINT ( 'NONE',  ( -6.087814780728155739, -50.50342949555436434, 1.499999999999994449 ) ) ;
#348 = CIRCLE ( 'NONE', #4051, 1.500000000000000666 ) ;
#349 = EDGE_LOOP ( 'NONE', ( #241, #1685, #3966, #2808 ) ) ;
#350 = ADVANCED_FACE ( 'NONE', ( #1170 ), #3700, .F. ) ;
#351 = CARTESIAN_POINT ( 'NONE',  ( -59.63781478072815645, 6.366468760374541412E-15, 69.00030769157909560 ) ) ;
#352 = FACE_BOUND ( 'NONE', #3871, .T. ) ;
#353 = LINE ( 'NONE', #982, #90 ) ;
#354 = PLANE ( 'NONE',  #3843 ) ;
#355 = VECTOR ( 'NONE', #124, 1000.000000000000000 ) ;
#356 = ADVANCED_FACE ( 'NONE', ( #908 ), #1213, .F. ) ;
#357 = LINE ( 'NONE', #1110, #363 ) ;
#358 = ORIENTED_EDGE ( 'NONE', *, *, #2744, .T. ) ;
#360 = ORIENTED_EDGE ( 'NONE', *, *, #3825, .F. ) ;
#359 = AXIS2_PLACEMENT_3D ( 'NONE', #2815, #3823, #4073 ) ;
#361 = DIRECTION ( 'NONE',  ( 1.000000000000000000, 0.000000000000000000, -0.000000000000000000 ) ) ;
#362 = CARTESIAN_POINT ( 'NONE',  ( -6.272216450523537823, 12.49657050444547046, 1.499999999999995115 ) ) ;
#363 = VECTOR ( 'NONE', #440, 1000.000000000000000 ) ;
#364 = SURFACE_STYLE_USAGE ( .BOTH. , #1376 ) ;
#365 =( GEOMETRIC_REPRESENTATION_CONTEXT ( 3 ) GLOBAL_UNCERTAINTY_ASSIGNED_CONTEXT ( ( #3215 ) ) GLOBAL_UNIT_ASSIGNED_CONTEXT ( ( #3730, #3388, #1160 ) ) REPRESENTATION_CONTEXT ( 'NONE', 'WORKASPACE' ) );
#366 = DIRECTION ( 'NONE',  ( -8.177564888977941169E-17, 0.7071067811865523467, 0.7071067811865426878 ) ) ;
#367 = DIRECTION ( 'NONE',  ( 0.000000000000000000, 0.000000000000000000, 1.000000000000000000 ) ) ;
#368 = VERTEX_POINT ( 'NONE', #4026 ) ;
#369 = AXIS2_PLACEMENT_3D ( 'NONE', #3575, #2658, #182 ) ;
#370 = DIRECTION ( 'NONE',  ( 0.000000000000000000, 1.000000000000000000, 0.000000000000000000 ) ) ;
#371 = ORIENTED_EDGE ( 'NONE', *, *, #1760, .T. ) ;
#372 = CARTESIAN_POINT ( 'NONE',  ( 1.912185219272014347, -50.50342949555436434, -2.200000000000004619 ) ) ;
#373 = SHAPE_DEFINITION_REPRESENTATION ( #3043, #1851 ) ;
#374 = LINE ( 'NONE', #3513, #1208 ) ;
#375 = DIRECTION ( 'NONE',  ( -0.000000000000000000, 0.000000000000000000, -1.000000000000000000 ) ) ;
#376 = CARTESIAN_POINT ( 'NONE',  ( 55.75000000000000000, 0.000000000000000000, 17.19999999999999929 ) ) ;
#377 = EDGE_CURVE ( 'NONE', #3365, #2120, #2458, .T. ) ;
#378 = CARTESIAN_POINT ( 'NONE',  ( 0.000000000000000000, 0.000000000000000000, 0.000000000000000000 ) ) ;
#379 = EDGE_LOOP ( 'NONE', ( #746, #1662, #3000, #24 ) ) ;
#380 = CARTESIAN_POINT ( 'NONE',  ( 43.75000000000000000, -4.000000000000000000, 9.199999999999999289 ) ) ;
#381 = ADVANCED_FACE ( 'NONE', ( #3987 ), #526, .T. ) ;
#382 = CARTESIAN_POINT ( 'NONE',  ( -43.75000000000000000, -1.999999999999998224, 9.199999999999999289 ) ) ;
#383 = VECTOR ( 'NONE', #1762, 1000.000000000000000 ) ;
#384 = CIRCLE ( 'NONE', #1754, 1.499999999999999556 ) ;
#385 = LINE ( 'NONE', #2609, #4027 ) ;
#386 = EDGE_CURVE ( 'NONE', #3901, #730, #2440, .T. ) ;
#387 = LINE ( 'NONE', #2190, #1546 ) ;
#388 = CARTESIAN_POINT ( 'NONE',  ( -53.75000000000000000, -2.000000000000000000, 9.199999999999999289 ) ) ;
#389 = EDGE_LOOP ( 'NONE', ( #82, #3775 ) ) ;
#390 = AXIS2_PLACEMENT_3D ( 'NONE', #790, #1131, #2417 ) ;
#391 = DIRECTION ( 'NONE',  ( -0.000000000000000000, -1.000000000000000000, -0.000000000000000000 ) ) ;
#392 = VECTOR ( 'NONE', #2082, 1000.000000000000000 ) ;
#393 = DIRECTION ( 'NONE',  ( -0.000000000000000000, -1.000000000000000000, -0.000000000000000000 ) ) ;
#394 = ORIENTED_EDGE ( 'NONE', *, *, #324, .F. ) ;
#395 = APPLICATION_PROTOCOL_DEFINITION ( 'draft international standard', 'automotive_design', 1998, #2250 ) ;
#396 = LINE ( 'NONE', #3220, #1318 ) ;
#397 = DIRECTION ( 'NONE',  ( 0.000000000000000000, -1.000000000000000000, 0.000000000000000000 ) ) ;
#398 = EDGE_CURVE ( 'NONE', #3365, #2946, #1836, .T. ) ;
#399 = VERTEX_POINT ( 'NONE', #1801 ) ;
#400 = ORIENTED_EDGE ( 'NONE', *, *, #3268, .T. ) ;
#401 = DIRECTION ( 'NONE',  ( -0.000000000000000000, -0.000000000000000000, -1.000000000000000000 ) ) ;
#402 = ORIENTED_EDGE ( 'NONE', *, *, #186, .F. ) ;
#403 = DIRECTION ( 'NONE',  ( -2.478176394252582127E-16, 1.000000000000000000, 0.000000000000000000 ) ) ;
#404 = ADVANCED_FACE ( 'NONE', ( #1134 ), #2172, .T. ) ;
#405 = VECTOR ( 'NONE', #2399, 1000.000000000000000 ) ;
#406 = CARTESIAN_POINT ( 'NONE',  ( -55.75000000000000000, 0.000000000000000000, 17.19999999999999929 ) ) ;
#407 = DIRECTION ( 'NONE',  ( 1.000000000000000000, 0.000000000000000000, 0.000000000000000000 ) ) ;
#408 = CARTESIAN_POINT ( 'NONE',  ( 0.000000000000000000, 0.001000000000000132727, 11.59999999999999964 ) ) ;
#409 = ORIENTED_EDGE ( 'NONE', *, *, #1446, .F. ) ;
#410 = EDGE_CURVE ( 'NONE', #3499, #768, #1780, .T. ) ;
#411 = VERTEX_POINT ( 'NONE', #1457 ) ;
#412 = DIRECTION ( 'NONE',  ( 0.000000000000000000, 0.000000000000000000, 1.000000000000000000 ) ) ;
#413 = PRODUCT_DEFINITION_SHAPE ( 'NONE', 'NONE',  #32 ) ;
#414 = ORIENTED_EDGE ( 'NONE', *, *, #2030, .F. ) ;
#415 = DIRECTION ( 'NONE',  ( 0.000000000000000000, 0.000000000000000000, 1.000000000000000000 ) ) ;
#416 = SURFACE_STYLE_USAGE ( .BOTH. , #2662 ) ;
#417 = LINE ( 'NONE', #1655, #3449 ) ;
#418 = CONICAL_SURFACE ( 'NONE', #220, 30.50000000000000355, 0.7853981633974410625 ) ;
#419 = ORIENTED_EDGE ( 'NONE', *, *, #3999, .T. ) ;
#420 = CARTESIAN_POINT ( 'NONE',  ( -59.63781478072815645, 14.49657050444530526, 4.000000000000003553 ) ) ;
#421 = ORIENTED_EDGE ( 'NONE', *, *, #3259, .T. ) ;
#422 = DIRECTION ( 'NONE',  ( -1.000000000000000000, 0.000000000000000000, 0.000000000000000000 ) ) ;
#423 = AXIS2_PLACEMENT_3D ( 'NONE', #3634, #1748, #3970 ) ;
#424 = CARTESIAN_POINT ( 'NONE',  ( 29.66218521927184426, -46.50342949555435723, -1.500000000000004219 ) ) ;
#425 = ORIENTED_EDGE ( 'NONE', *, *, #3340, .F. ) ;
#426 = LINE ( 'NONE', #3208, #2595 ) ;
#427 = ORIENTED_EDGE ( 'NONE', *, *, #2109, .T. ) ;
#428 = EDGE_CURVE ( 'NONE', #1740, #14, #208, .T. ) ;
#429 = AXIS2_PLACEMENT_3D ( 'NONE', #2719, #1467, #2757 ) ;
#430 = AXIS2_PLACEMENT_3D ( 'NONE', #2611, #2585, #3571 ) ;
#431 = ORIENTED_EDGE ( 'NONE', *, *, #3545, .F. ) ;
#432 = LINE ( 'NONE', #470, #2950 ) ;
#433 = DIRECTION ( 'NONE',  ( 0.000000000000000000, 1.000000000000000000, 0.000000000000000000 ) ) ;
#434 = ORIENTED_EDGE ( 'NONE', *, *, #2315, .F. ) ;
#435 = EDGE_CURVE ( 'NONE', #810, #2796, #3057, .T. ) ;
#436 = STYLED_ITEM ( 'NONE', ( #2722 ), #1804 ) ;
#437 = CARTESIAN_POINT ( 'NONE',  ( -8.000000000000000000, -1.999999999999998224, 9.199999999999999289 ) ) ;
#438 = EDGE_CURVE ( 'NONE', #3074, #3003, #3719, .T. ) ;
#439 = LINE ( 'NONE', #1411, #3264 ) ;
#440 = DIRECTION ( 'NONE',  ( 1.000000000000000000, -0.000000000000000000, 0.000000000000000000 ) ) ;
#441 = VERTEX_POINT ( 'NONE', #3418 ) ;
#442 = EDGE_LOOP ( 'NONE', ( #1745, #2295 ) ) ;
#443 = DIRECTION ( 'NONE',  ( -1.000000000000000000, 0.000000000000000000, 0.000000000000000000 ) ) ;
#444 = ORIENTED_EDGE ( 'NONE', *, *, #1167, .T. ) ;
#445 = PLANE ( 'NONE',  #3189 ) ;
#446 = DIRECTION ( 'NONE',  ( 0.000000000000000000, 0.000000000000000000, 1.000000000000000000 ) ) ;
#447 = ORIENTED_EDGE ( 'NONE', *, *, #2109, .F. ) ;
#448 = ORIENTED_EDGE ( 'NONE', *, *, #4102, .F. ) ;
#449 = CIRCLE ( 'NONE', #3422, 1.499999999999999556 ) ;
#450 = ADVANCED_FACE ( 'NONE', ( #1572 ), #354, .T. ) ;
#451 = CARTESIAN_POINT ( 'NONE',  ( -7.999999999999996447, -1.999999999999998224, 11.40000000000000036 ) ) ;
#452 = PLANE ( 'NONE',  #25 ) ;
#453 = DIRECTION ( 'NONE',  ( -0.000000000000000000, -0.000000000000000000, -1.000000000000000000 ) ) ;
#454 = PRESENTATION_LAYER_ASSIGNMENT (  '', '', ( #2218 ) ) ;
#455 = ORIENTED_EDGE ( 'NONE', *, *, #3545, .T. ) ;
#456 = AXIS2_PLACEMENT_3D ( 'NONE', #524, #1414, #194 ) ;
#457 = ADVANCED_FACE ( 'NONE', ( #337 ), #3174, .F. ) ;
#458 = DIRECTION ( 'NONE',  ( -0.000000000000000000, -1.000000000000000000, -0.000000000000000000 ) ) ;
#459 = FACE_BOUND ( 'NONE', #249, .T. ) ;
#460 = EDGE_CURVE ( 'NONE', #480, #2298, #2202, .T. ) ;
#461 = ORIENTED_EDGE ( 'NONE', *, *, #1023, .T. ) ;
#462 = ORIENTED_EDGE ( 'NONE', *, *, #705, .T. ) ;
#463 = CARTESIAN_POINT ( 'NONE',  ( 53.75000000000000000, -4.000000000000000000, 17.19999999999999929 ) ) ;
#464 = VERTEX_POINT ( 'NONE', #1882 ) ;
#465 = CARTESIAN_POINT ( 'NONE',  ( 29.66218521927184426, 10.49657050444530526, 1.499999999999997113 ) ) ;
#466 = DIRECTION ( 'NONE',  ( -0.000000000000000000, -0.000000000000000000, -1.000000000000000000 ) ) ;
#467 = ORIENTED_EDGE ( 'NONE', *, *, #94, .T. ) ;
#468 = VERTEX_POINT ( 'NONE', #1306 ) ;
#469 = ORIENTED_EDGE ( 'NONE', *, *, #3515, .F. ) ;
#470 = CARTESIAN_POINT ( 'NONE',  ( 53.74999999999999289, -6.000000000000000000, 1.199999999999999956 ) ) ;
#471 = CARTESIAN_POINT ( 'NONE',  ( -53.75000000000000000, 14.15054178657793393, 11.40000000000000036 ) ) ;
#472 = CYLINDRICAL_SURFACE ( 'NONE', #3738, 1.500000000000000666 ) ;
#473 = ORIENTED_EDGE ( 'NONE', *, *, #1453, .T. ) ;
#474 = DIRECTION ( 'NONE',  ( 1.000000000000000000, -0.000000000000000000, 0.000000000000000000 ) ) ;
#475 = DIRECTION ( 'NONE',  ( -0.000000000000000000, -0.000000000000000000, 1.000000000000000000 ) ) ;
#476 = ADVANCED_FACE ( 'NONE', ( #1594 ), #1002, .F. ) ;
#477 = CIRCLE ( 'NONE', #151, 1.600000000000000755 ) ;
#478 = ORIENTED_EDGE ( 'NONE', *, *, #3920, .F. ) ;
#479 = VECTOR ( 'NONE', #35, 1000.000000000000000 ) ;
#480 = VERTEX_POINT ( 'NONE', #1924 ) ;
#481 = CARTESIAN_POINT ( 'NONE',  ( 32.66218521927220308, -46.50342949555435723, 0.000000000000000000 ) ) ;
#482 = VERTEX_POINT ( 'NONE', #3116 ) ;
#483 = CARTESIAN_POINT ( 'NONE',  ( -53.75000000000000000, -2.000000000000000000, 16.19999999999999929 ) ) ;
#484 = VERTEX_POINT ( 'NONE', #2266 ) ;
#485 = VERTEX_POINT ( 'NONE', #293 ) ;
#486 = ADVANCED_FACE ( 'NONE', ( #4081 ), #3518, .F. ) ;
#487 = AXIS2_PLACEMENT_3D ( 'NONE', #2641, #3555, #415 ) ;
#488 = ORIENTED_EDGE ( 'NONE', *, *, #2390, .T. ) ;
#489 = CARTESIAN_POINT ( 'NONE',  ( -55.75000000000000000, -6.000000000000000000, 17.19999999999999929 ) ) ;
#490 = VECTOR ( 'NONE', #688, 1000.000000000000000 ) ;
#491 = CARTESIAN_POINT ( 'NONE',  ( -41.83781478072816640, 10.49657050444530526, -3.469446951953614189E-15 ) ) ;
#492 = CARTESIAN_POINT ( 'NONE',  ( 35.75000000000000711, 0.000000000000000000, 11.60000000000000320 ) ) ;
#493 = ORIENTED_EDGE ( 'NONE', *, *, #1046, .T. ) ;
#494 = AXIS2_PLACEMENT_3D ( 'NONE', #351, #2569, #3941 ) ;
#495 = VECTOR ( 'NONE', #3250, 1000.000000000000000 ) ;
#496 = DIRECTION ( 'NONE',  ( 0.000000000000000000, 0.000000000000000000, -1.000000000000000000 ) ) ;
#497 = CARTESIAN_POINT ( 'NONE',  ( 47.66218521927218887, -50.50342949555436434, -3.000000000000002665 ) ) ;
#498 = STYLED_ITEM ( 'NONE', ( #284 ), #2711 ) ;
#499 = DIRECTION ( 'NONE',  ( 0.000000000000000000, 0.7071067811865426878, -0.7071067811865523467 ) ) ;
#500 = VECTOR ( 'NONE', #1757, 1000.000000000000000 ) ;
#501 = CARTESIAN_POINT ( 'NONE',  ( 47.66218521927218887, -46.50342949555435723, 0.000000000000000000 ) ) ;
#502 = ORIENTED_EDGE ( 'NONE', *, *, #3505, .F. ) ;
#503 = EDGE_CURVE ( 'NONE', #602, #69, #2840, .T. ) ;
#504 = EDGE_LOOP ( 'NONE', ( #3706, #195, #3228, #3847 ) ) ;
#505 = DIRECTION ( 'NONE',  ( 0.000000000000000000, 0.000000000000000000, -1.000000000000000000 ) ) ;
#506 = ORIENTED_EDGE ( 'NONE', *, *, #1749, .T. ) ;
#507 = DIRECTION ( 'NONE',  ( 0.000000000000000000, -0.000000000000000000, 1.000000000000000000 ) ) ;
#508 = EDGE_CURVE ( 'NONE', #2610, #4043, #2978, .T. ) ;
#509 = FACE_OUTER_BOUND ( 'NONE', #2720, .T. ) ;
#510 = ORIENTED_EDGE ( 'NONE', *, *, #1543, .T. ) ;
#511 = ORIENTED_EDGE ( 'NONE', *, *, #2763, .T. ) ;
#512 = EDGE_CURVE ( 'NONE', #2205, #2588, #3135, .T. ) ;
#513 = DIRECTION ( 'NONE',  ( -0.000000000000000000, -1.000000000000000000, -0.000000000000000000 ) ) ;
#514 = CARTESIAN_POINT ( 'NONE',  ( -43.75000000000000000, 14.15054178657793393, 9.199999999999999289 ) ) ;
#515 = CARTESIAN_POINT ( 'NONE',  ( 1.912185219272014347, -48.50342949555436434, -2.200000000000004619 ) ) ;
#516 = ORIENTED_EDGE ( 'NONE', *, *, #100, .T. ) ;
#517 = VECTOR ( 'NONE', #3865, 1000.000000000000000 ) ;
#518 = CARTESIAN_POINT ( 'NONE',  ( -35.75000000000000711, 0.001000000000000132727, 11.60000000000000320 ) ) ;
#519 = VECTOR ( 'NONE', #2067, 1000.000000000000000 ) ;
#520 = DIRECTION ( 'NONE',  ( -0.000000000000000000, -1.000000000000000000, -0.000000000000000000 ) ) ;
#521 = AXIS2_PLACEMENT_3D ( 'NONE', #2956, #3903, #1373 ) ;
#522 = LINE ( 'NONE', #501, #3398 ) ;
#523 = ORIENTED_EDGE ( 'NONE', *, *, #2644, .F. ) ;
#524 = CARTESIAN_POINT ( 'NONE',  ( 29.66218521927184426, -46.50342949555435723, -3.469446951953614189E-15 ) ) ;
#525 = VERTEX_POINT ( 'NONE', #2826 ) ;
#526 = PLANE ( 'NONE',  #135 ) ;
#527 = EDGE_LOOP ( 'NONE', ( #2746, #3234, #1551, #1159 ) ) ;
#528 = CARTESIAN_POINT ( 'NONE',  ( -8.000000000000000000, -4.000000000000000000, 9.199999999999999289 ) ) ;
#529 = ORIENTED_EDGE ( 'NONE', *, *, #2767, .F. ) ;
#530 = VERTEX_POINT ( 'NONE', #1269 ) ;
#531 = EDGE_CURVE ( 'NONE', #2716, #3044, #2532, .T. ) ;
#532 = CARTESIAN_POINT ( 'NONE',  ( 35.75000000000000711, 0.001000000000000132727, 11.60000000000000320 ) ) ;
#533 = ORIENTED_EDGE ( 'NONE', *, *, #4050, .F. ) ;
#534 = EDGE_CURVE ( 'NONE', #2099, #2055, #1397, .T. ) ;
#535 = FACE_OUTER_BOUND ( 'NONE', #1378, .T. ) ;
#536 = CARTESIAN_POINT ( 'NONE',  ( -6.087814780727985209, 10.49657050444530526, 1.400000000000000133 ) ) ;
#537 = ORIENTED_EDGE ( 'NONE', *, *, #2076, .T. ) ;
#538 = DIRECTION ( 'NONE',  ( -1.000000000000000000, 0.000000000000000000, 0.000000000000000000 ) ) ;
#539 = ORIENTED_EDGE ( 'NONE', *, *, #186, .T. ) ;
#540 = DIRECTION ( 'NONE',  ( 1.067522139062656218E-16, 1.000000000000000000, -0.000000000000000000 ) ) ;
#541 = PRODUCT ( 'mid', 'mid', '', ( #53 ) ) ;
#542 = DIRECTION ( 'NONE',  ( 0.000000000000000000, 0.000000000000000000, 1.000000000000000000 ) ) ;
#543 = AXIS2_PLACEMENT_3D ( 'NONE', #276, #1516, #4070 ) ;
#544 = AXIS2_PLACEMENT_3D ( 'NONE', #56, #3156, #3777 ) ;
#545 = ORIENTED_EDGE ( 'NONE', *, *, #2157, .T. ) ;
#546 = DIRECTION ( 'NONE',  ( -0.000000000000000000, 1.000000000000000000, -0.000000000000000000 ) ) ;
#547 = EDGE_CURVE ( 'NONE', #3115, #3096, #1654, .T. ) ;
#548 = VECTOR ( 'NONE', #3997, 1000.000000000000000 ) ;
#549 = ORIENTED_EDGE ( 'NONE', *, *, #398, .T. ) ;
#550 = VECTOR ( 'NONE', #107, 1000.000000000000000 ) ;
#551 = VECTOR ( 'NONE', #326, 1000.000000000000000 ) ;
#552 = EDGE_CURVE ( 'NONE', #1235, #2312, #677, .T. ) ;
#553 = CARTESIAN_POINT ( 'NONE',  ( -6.272348739551559582, -48.50300466150433465, 1.491431229928996682 ) ) ;
#554 = DIRECTION ( 'NONE',  ( 0.000000000000000000, 0.000000000000000000, -1.000000000000000000 ) ) ;
#555 = AXIS2_PLACEMENT_3D ( 'NONE', #3223, #2603, #1433 ) ;
#556 = DIRECTION ( 'NONE',  ( -0.000000000000000000, -1.000000000000000000, -0.000000000000000000 ) ) ;
#557 = VERTEX_POINT ( 'NONE', #1387 ) ;
#558 = EDGE_CURVE ( 'NONE', #1644, #1249, #1324, .T. ) ;
#559 = PLANE ( 'NONE',  #3335 ) ;
#560 = VERTEX_POINT ( 'NONE', #1346 ) ;
#561 = CARTESIAN_POINT ( 'NONE',  ( 47.66218521927218887, 10.49657050444530526, 0.000000000000000000 ) ) ;
#562 = DIRECTION ( 'NONE',  ( 0.000000000000000000, -1.000000000000000000, 0.000000000000000000 ) ) ;
#563 = ORIENTED_EDGE ( 'NONE', *, *, #788, .F. ) ;
#564 = DIRECTION ( 'NONE',  ( -1.000000000000000000, -0.000000000000000000, -0.000000000000000000 ) ) ;
#565 = CARTESIAN_POINT ( 'NONE',  ( 53.74999999999999289, -6.000000000000000000, 1.199999999999999956 ) ) ;
#566 = LINE ( 'NONE', #1805, #320 ) ;
#567 = CARTESIAN_POINT ( 'NONE',  ( -5.549298300014720908, 12.49181603551146402, 1.400000000000000133 ) ) ;
#568 = ORIENTED_EDGE ( 'NONE', *, *, #2235, .F. ) ;
#569 = EDGE_CURVE ( 'NONE', #2084, #648, #1656, .T. ) ;
#570 = CARTESIAN_POINT ( 'NONE',  ( 0.000000000000000000, 0.000000000000000000, 17.19999999999999929 ) ) ;
#571 = CARTESIAN_POINT ( 'NONE',  ( -6.087814780727985209, -46.50342949555435723, 1.400000000000000133 ) ) ;
#572 = PRODUCT_DEFINITION_SHAPE ( 'NONE', 'NONE',  #4111 ) ;
#573 = EDGE_CURVE ( 'NONE', #3096, #1309, #2622, .T. ) ;
#574 = VECTOR ( 'NONE', #308, 1000.000000000000000 ) ;
#575 = DIRECTION ( 'NONE',  ( 0.000000000000000000, 0.000000000000000000, -1.000000000000000000 ) ) ;
#576 = VERTEX_POINT ( 'NONE', #720 ) ;
#577 = DIRECTION ( 'NONE',  ( 0.000000000000000000, 0.000000000000000000, -1.000000000000000000 ) ) ;
#578 = ORIENTED_EDGE ( 'NONE', *, *, #1154, .F. ) ;
#579 = DIRECTION ( 'NONE',  ( -0.000000000000000000, 1.000000000000000000, -0.000000000000000000 ) ) ;
#580 = VECTOR ( 'NONE', #993, 1000.000000000000000 ) ;
#581 = EDGE_CURVE ( 'NONE', #3044, #3235, #3899, .T. ) ;
#582 = VECTOR ( 'NONE', #3817, 1000.000000000000000 ) ;
#583 = ORIENTED_EDGE ( 'NONE', *, *, #2463, .T. ) ;
#584 = ORIENTED_EDGE ( 'NONE', *, *, #772, .T. ) ;
#585 = PLANE ( 'NONE',  #543 ) ;
#586 = LINE ( 'NONE', #3765, #3892 ) ;
#587 = LINE ( 'NONE', #1604, #227 ) ;
#588 = ORIENTED_EDGE ( 'NONE', *, *, #2969, .F. ) ;
#589 =( NAMED_UNIT ( * ) SI_UNIT ( $, .STERADIAN. ) SOLID_ANGLE_UNIT ( ) );
#590 = LINE ( 'NONE', #4076, #1611 ) ;
#591 = DIRECTION ( 'NONE',  ( 0.000000000000000000, 0.000000000000000000, -1.000000000000000000 ) ) ;
#592 = CARTESIAN_POINT ( 'NONE',  ( 40.46218521927219314, 14.49657050444529105, -2.200000000000004619 ) ) ;
#593 = DIRECTION ( 'NONE',  ( -0.000000000000000000, -0.000000000000000000, -1.000000000000000000 ) ) ;
#594 = ORIENTED_EDGE ( 'NONE', *, *, #3483, .T. ) ;
#595 = FACE_OUTER_BOUND ( 'NONE', #3989, .T. ) ;
#596 = EDGE_CURVE ( 'NONE', #4022, #800, #2033, .T. ) ;
#597 = ORIENTED_EDGE ( 'NONE', *, *, #3023, .F. ) ;
#598 = LINE ( 'NONE', #196, #405 ) ;
#599 = ORIENTED_EDGE ( 'NONE', *, *, #149, .T. ) ;
#600 = CARTESIAN_POINT ( 'NONE',  ( -14.08781478072798699, -48.50342949555436434, -3.000000000000004441 ) ) ;
#601 = EDGE_CURVE ( 'NONE', #480, #927, #3581, .T. ) ;
#602 = VERTEX_POINT ( 'NONE', #742 ) ;
#603 = VECTOR ( 'NONE', #2723, 1000.000000000000000 ) ;
#604 = DIRECTION ( 'NONE',  ( -0.000000000000000000, 1.000000000000000000, -0.000000000000000000 ) ) ;
#605 = EDGE_CURVE ( 'NONE', #3521, #4002, #3733, .T. ) ;
#606 = CARTESIAN_POINT ( 'NONE',  ( -41.83781478072816640, -46.50342949555435723, -3.469446951953614189E-15 ) ) ;
#607 = VERTEX_POINT ( 'NONE', #168 ) ;
#608 = VECTOR ( 'NONE', #2776, 1000.000000000000000 ) ;
#609 =( LENGTH_UNIT ( ) NAMED_UNIT ( * ) SI_UNIT ( .MILLI., .METRE. ) );
#610 = DIRECTION ( 'NONE',  ( 0.000000000000000000, 1.000000000000000000, 0.000000000000000000 ) ) ;
#611 = CARTESIAN_POINT ( 'NONE',  ( -52.63781478072815645, 0.000000000000000000, -3.000000000000004441 ) ) ;
#612 = PLANE ( 'NONE',  #814 ) ;
#613 = LINE ( 'NONE', #1284, #2931 ) ;
#614 = ORIENTED_EDGE ( 'NONE', *, *, #335, .F. ) ;
#615 = PLANE ( 'NONE',  #3768 ) ;
#616 = VECTOR ( 'NONE', #223, 1000.000000000000000 ) ;
#617 = CARTESIAN_POINT ( 'NONE',  ( 23.74999999999997158, -1.000000000000000000, 1.199999999999998179 ) ) ;
#618 = EDGE_CURVE ( 'NONE', #3851, #3948, #2989, .T. ) ;
#619 = AXIS2_PLACEMENT_3D ( 'NONE', #3452, #3473, #904 ) ;
#620 = PLANE ( 'NONE',  #3741 ) ;
#621 = ORIENTED_EDGE ( 'NONE', *, *, #2011, .F. ) ;
#622 = CARTESIAN_POINT ( 'NONE',  ( 47.46218521927219314, -5.066693348986541409E-15, -3.000000000000004441 ) ) ;
#623 = CARTESIAN_POINT ( 'NONE',  ( 3.096870603322939362E-15, 12.49657050444528750, -2.200000000000004619 ) ) ;
#624 = EDGE_CURVE ( 'NONE', #3438, #2932, #439, .T. ) ;
#625 = CARTESIAN_POINT ( 'NONE',  ( -5.996239885244063039, -48.50342949555452776, 1.499999999999994449 ) ) ;
#626 = DIRECTION ( 'NONE',  ( -1.000000000000000000, 0.000000000000000000, 0.000000000000000000 ) ) ;
#627 = CARTESIAN_POINT ( 'NONE',  ( 29.66218521927184426, -50.50342949555436434, -3.469446951953614189E-15 ) ) ;
#628 = ORIENTED_EDGE ( 'NONE', *, *, #2998, .T. ) ;
#629 = EDGE_CURVE ( 'NONE', #2384, #3028, #1988, .T. ) ;
#630 = DIRECTION ( 'NONE',  ( -0.000000000000000000, 1.000000000000000000, -0.000000000000000000 ) ) ;
#631 = DIRECTION ( 'NONE',  ( -0.000000000000000000, 0.000000000000000000, 1.000000000000000000 ) ) ;
#632 = DIRECTION ( 'NONE',  ( -1.000000000000000000, -0.000000000000000000, -0.000000000000000000 ) ) ;
#633 = DIRECTION ( 'NONE',  ( 0.000000000000000000, -1.000000000000000000, 0.000000000000000000 ) ) ;
#634 = EDGE_LOOP ( 'NONE', ( #2891, #3062, #1191, #3508 ) ) ;
#635 = CARTESIAN_POINT ( 'NONE',  ( 29.66218521927184426, 10.49657050444530526, -3.469446951953614189E-15 ) ) ;
#636 = AXIS2_PLACEMENT_3D ( 'NONE', #713, #3283, #1320 ) ;
#637 = CARTESIAN_POINT ( 'NONE',  ( 0.000000000000000000, 0.000000000000000000, 0.000000000000000000 ) ) ;
#638 = ORIENTED_EDGE ( 'NONE', *, *, #1760, .F. ) ;
#639 = ORIENTED_EDGE ( 'NONE', *, *, #503, .F. ) ;
#640 = FACE_BOUND ( 'NONE', #4036, .T. ) ;
#641 = COLOUR_RGB ( '',1.000000000000000000, 1.000000000000000000, 1.000000000000000000 ) ;
#642 = EDGE_LOOP ( 'NONE', ( #857, #1443, #1061, #3639 ) ) ;
#643 = CARTESIAN_POINT ( 'NONE',  ( -53.75000000000000000, -4.000000000000000000, 9.199999999999999289 ) ) ;
#644 = CIRCLE ( 'NONE', #2957, 1.600000000000000755 ) ;
#645 = CARTESIAN_POINT ( 'NONE',  ( -7.999999999999996447, -1.999999999999998224, 11.40000000000000036 ) ) ;
#646 = CARTESIAN_POINT ( 'NONE',  ( -6.087814780728155739, 10.49657050444530526, -1.500000000000004885 ) ) ;
#647 = LINE ( 'NONE', #2795, #1989 ) ;
#648 = VERTEX_POINT ( 'NONE', #3647 ) ;
#649 = ADVANCED_FACE ( 'NONE', ( #459, #3944, #3963, #2284 ), #2374, .T. ) ;
#650 = DIRECTION ( 'NONE',  ( -0.000000000000000000, -1.000000000000000000, -0.000000000000000000 ) ) ;
#651 = LINE ( 'NONE', #1301, #3451 ) ;
#652 = EDGE_CURVE ( 'NONE', #2946, #2342, #1326, .T. ) ;
#653 = FACE_OUTER_BOUND ( 'NONE', #3955, .T. ) ;
#654 = CARTESIAN_POINT ( 'NONE',  ( -59.63781478072816356, -50.50342949555436434, 4.000000000000003553 ) ) ;
#655 = CARTESIAN_POINT ( 'NONE',  ( -19.96729603904625350, -46.50342949555435723, 0.000000000000000000 ) ) ;
#656 = CARTESIAN_POINT ( 'NONE',  ( 29.66218521927184426, 10.49657050444530526, -3.469446951953614189E-15 ) ) ;
#657 = ORIENTED_EDGE ( 'NONE', *, *, #2568, .F. ) ;
#658 = VERTEX_POINT ( 'NONE', #3049 ) ;
#659 = CARTESIAN_POINT ( 'NONE',  ( -59.63781478072816356, -48.50342949555435013, -2.200000000000004619 ) ) ;
#660 = CARTESIAN_POINT ( 'NONE',  ( -40.33781478072815929, -46.50342949555435723, 0.000000000000000000 ) ) ;
#661 = DIRECTION ( 'NONE',  ( 1.000000000000000000, 0.000000000000000000, 0.000000000000000000 ) ) ;
#662 = DIRECTION ( 'NONE',  ( -0.000000000000000000, 0.000000000000000000, 1.000000000000000000 ) ) ;
#663 = DIRECTION ( 'NONE',  ( -0.000000000000000000, 0.000000000000000000, -1.000000000000000000 ) ) ;
#664 = ORIENTED_EDGE ( 'NONE', *, *, #206, .F. ) ;
#665 = AXIS2_PLACEMENT_3D ( 'NONE', #3270, #33, #375 ) ;
#666 = VECTOR ( 'NONE', #1901, 1000.000000000000000 ) ;
#667 = EDGE_CURVE ( 'NONE', #411, #4022, #3092, .T. ) ;
#668 = CARTESIAN_POINT ( 'NONE',  ( 47.46218521927219314, -18.50342949555436434, 4.000000000000000000 ) ) ;
#669 = ORIENTED_EDGE ( 'NONE', *, *, #1218, .F. ) ;
#670 = DIRECTION ( 'NONE',  ( 1.067522139062655725E-16, 1.000000000000000000, 0.000000000000000000 ) ) ;
#671 = VECTOR ( 'NONE', #2373, 1000.000000000000000 ) ;
#672 = EDGE_CURVE ( 'NONE', #1412, #926, #2985, .T. ) ;
#673 = CARTESIAN_POINT ( 'NONE',  ( -53.75000000000000000, -4.000000000000000000, 11.40000000000000213 ) ) ;
#674 = DIRECTION ( 'NONE',  ( 0.000000000000000000, -1.000000000000000000, 0.000000000000000000 ) ) ;
#675 = DIRECTION ( 'NONE',  ( 0.000000000000000000, 0.000000000000000000, 1.000000000000000000 ) ) ;
#676 = VECTOR ( 'NONE', #632, 1000.000000000000000 ) ;
#677 = LINE ( 'NONE', #1635, #2725 ) ;
#678 = EDGE_CURVE ( 'NONE', #1302, #170, #745, .T. ) ;
#679 = PLANE ( 'NONE',  #1079 ) ;
#681 = ORIENTED_EDGE ( 'NONE', *, *, #3440, .F. ) ;
#680 = CIRCLE ( 'NONE', #1659, 1.599999999999997202 ) ;
#682 = FACE_OUTER_BOUND ( 'NONE', #838, .T. ) ;
#683 = ORIENTED_EDGE ( 'NONE', *, *, #1422, .T. ) ;
#684 = AXIS2_PLACEMENT_3D ( 'NONE', #54, #2822, #2199 ) ;
#685 = CARTESIAN_POINT ( 'NONE',  ( 47.46218521927218603, -48.50342949555436434, -3.000000000000004441 ) ) ;
#686 = VECTOR ( 'NONE', #1304, 1000.000000000000000 ) ;
#687 = PLANE ( 'NONE',  #3011 ) ;
#688 = DIRECTION ( 'NONE',  ( 8.673617379884027583E-16, 1.000000000000000000, 0.000000000000000000 ) ) ;
#689 = ORIENTED_EDGE ( 'NONE', *, *, #2797, .F. ) ;
#690 = DIRECTION ( 'NONE',  ( -0.000000000000000000, -0.000000000000000000, -1.000000000000000000 ) ) ;
#691 = ORIENTED_EDGE ( 'NONE', *, *, #3814, .F. ) ;
#692 = PLANE ( 'NONE',  #1517 ) ;
#693 = EDGE_CURVE ( 'NONE', #3056, #905, #2472, .T. ) ;
#694 = SHAPE_DEFINITION_REPRESENTATION ( #1348, #3436 ) ;
#695 = DIRECTION ( 'NONE',  ( -0.000000000000000000, -1.000000000000000000, -0.000000000000000000 ) ) ;
#696 = DIRECTION ( 'NONE',  ( 0.000000000000000000, -1.000000000000000000, 0.000000000000000000 ) ) ;
#697 = DIRECTION ( 'NONE',  ( 0.000000000000000000, -0.000000000000000000, 1.000000000000000000 ) ) ;
#698 = EDGE_CURVE ( 'NONE', #4064, #1078, #2918, .T. ) ;
#699 = ORIENTED_EDGE ( 'NONE', *, *, #512, .T. ) ;
#700 = ORIENTED_EDGE ( 'NONE', *, *, #3588, .F. ) ;
#701 = CARTESIAN_POINT ( 'NONE',  ( -35.75000000000000711, -4.000000000000000000, 11.60000000000000320 ) ) ;
#702 = EDGE_LOOP ( 'NONE', ( #3245, #150, #529, #306, #3562, #2396, #1004, #1752, #3255, #3076, #2027, #533 ) ) ;
#703 = CARTESIAN_POINT ( 'NONE',  ( -14.08781478072797988, 12.49657050444528927, -2.200000000000004619 ) ) ;
#704 = AXIS2_PLACEMENT_3D ( 'NONE', #343, #1909, #1014 ) ;
#705 = EDGE_CURVE ( 'NONE', #2279, #3971, #1164, .T. ) ;
#706 = CIRCLE ( 'NONE', #2547, 1.500000000000003997 ) ;
#707 = CARTESIAN_POINT ( 'NONE',  ( 8.000000000000003553, 14.15054178657793393, 11.40000000000000036 ) ) ;
#708 = CARTESIAN_POINT ( 'NONE',  ( -8.326672684688655318E-16, -1.000000000000000000, 7.199999999999981526 ) ) ;
#709 = LINE ( 'NONE', #408, #2666 ) ;
#710 = EDGE_LOOP ( 'NONE', ( #1428, #3186, #2206, #3113 ) ) ;
#711 = CIRCLE ( 'NONE', #1813, 1.599999999999997202 ) ;
#712 = ORIENTED_EDGE ( 'NONE', *, *, #3927, .T. ) ;
#713 = CARTESIAN_POINT ( 'NONE',  ( 0.000000000000000000, 0.000000000000000000, 0.000000000000000000 ) ) ;
#714 = AXIS2_PLACEMENT_3D ( 'NONE', #3755, #3475, #3075 ) ;
#715 = ORIENTED_EDGE ( 'NONE', *, *, #4102, .T. ) ;
#716 = DIRECTION ( 'NONE',  ( -0.000000000000000000, -1.000000000000000000, -0.000000000000000000 ) ) ;
#717 = PRODUCT_CONTEXT ( 'NONE', #3831, 'mechanical' ) ;
#718 =( NAMED_UNIT ( * ) PLANE_ANGLE_UNIT ( ) SI_UNIT ( $, .RADIAN. ) );
#719 = CARTESIAN_POINT ( 'NONE',  ( -8.000000000000000000, -4.000000000000000000, 11.40000000000000036 ) ) ;
#720 = CARTESIAN_POINT ( 'NONE',  ( 8.000000000000000000, -4.000000000000000000, 11.40000000000000036 ) ) ;
#721 = EDGE_LOOP ( 'NONE', ( #3478, #3441, #3356, #1392, #2780, #3339, #594, #3200, #1068, #991, #2020, #1019 ) ) ;
#722 = VECTOR ( 'NONE', #2274, 1000.000000000000000 ) ;
#723 = EDGE_CURVE ( 'NONE', #4002, #1905, #2724, .T. ) ;
#724 = ORIENTED_EDGE ( 'NONE', *, *, #3666, .F. ) ;
#725 = LINE ( 'NONE', #1951, #1758 ) ;
#726 = ORIENTED_EDGE ( 'NONE', *, *, #1587, .T. ) ;
#727 = CARTESIAN_POINT ( 'NONE',  ( 35.75000000000000711, 0.001000000000000132727, 14.79999999999999716 ) ) ;
#728 = EDGE_CURVE ( 'NONE', #3275, #3138, #3071, .T. ) ;
#729 = DIRECTION ( 'NONE',  ( -1.000000000000000000, 0.000000000000000000, -1.156482317317871478E-16 ) ) ;
#730 = VERTEX_POINT ( 'NONE', #2051 ) ;
#731 = CARTESIAN_POINT ( 'NONE',  ( -41.83781478072816640, 10.49657050444530526, 1.500000000000000444 ) ) ;
#732 = ORIENTED_EDGE ( 'NONE', *, *, #1247, .T. ) ;
#733 = ADVANCED_FACE ( 'NONE', ( #3334 ), #3412, .F. ) ;
#734 = VERTEX_POINT ( 'NONE', #803 ) ;
#735 = CARTESIAN_POINT ( 'NONE',  ( -41.83781478072816640, -46.50342949555435723, -3.469446951953614189E-15 ) ) ;
#736 = DIRECTION ( 'NONE',  ( 1.000000000000000000, 0.000000000000000000, 0.000000000000000000 ) ) ;
#737 = ORIENTED_EDGE ( 'NONE', *, *, #2898, .T. ) ;
#738 = UNCERTAINTY_MEASURE_WITH_UNIT (LENGTH_MEASURE( 1.000000000000000082E-05 ), #609, 'distance_accuracy_value', 'NONE');
#739 = DIRECTION ( 'NONE',  ( 1.000000000000000000, 0.000000000000000000, 0.000000000000000000 ) ) ;
#740 = CARTESIAN_POINT ( 'NONE',  ( 47.46218521927218603, -48.50342949555436434, -3.000000000000004441 ) ) ;
#741 = CARTESIAN_POINT ( 'NONE',  ( 47.66218521927218887, -46.50342949555435723, 0.000000000000000000 ) ) ;
#742 = CARTESIAN_POINT ( 'NONE',  ( 43.75000000000000000, -1.999999999999998224, 9.199999999999999289 ) ) ;
#743 = EDGE_LOOP ( 'NONE', ( #568, #3736, #2356, #1911 ) ) ;
#744 = EDGE_LOOP ( 'NONE', ( #3946, #2054, #1468, #1995 ) ) ;
#745 = CIRCLE ( 'NONE', #1260, 30.50000000000000000 ) ;
#746 = ORIENTED_EDGE ( 'NONE', *, *, #979, .F. ) ;
#747 = FACE_OUTER_BOUND ( 'NONE', #1282, .T. ) ;
#748 = EDGE_CURVE ( 'NONE', #484, #1617, #883, .T. ) ;
#749 = CIRCLE ( 'NONE', #1463, 1.499999999999999556 ) ;
#750 = CARTESIAN_POINT ( 'NONE',  ( -6.087814780728155739, 12.49657050444547401, 1.499999999999994449 ) ) ;
#751 = VERTEX_POINT ( 'NONE', #1742 ) ;
#752 = ORIENTED_EDGE ( 'NONE', *, *, #3315, .T. ) ;
#753 = AXIS2_PLACEMENT_3D ( 'NONE', #637, #1574, #2842 ) ;
#754 = EDGE_CURVE ( 'NONE', #3584, #3409, #3931, .T. ) ;
#755 =( GEOMETRIC_REPRESENTATION_CONTEXT ( 3 ) GLOBAL_UNCERTAINTY_ASSIGNED_CONTEXT ( ( #941 ) ) GLOBAL_UNIT_ASSIGNED_CONTEXT ( ( #1943, #3312, #3558 ) ) REPRESENTATION_CONTEXT ( 'NONE', 'WORKASPACE' ) );
#756 = ORIENTED_EDGE ( 'NONE', *, *, #2836, .F. ) ;
#757 = CARTESIAN_POINT ( 'NONE',  ( 3.096870603322939362E-15, 12.49657050444528750, -2.200000000000004619 ) ) ;
#758 = CARTESIAN_POINT ( 'NONE',  ( 53.75000000000000000, -2.000000000000000000, 1.199999999999999956 ) ) ;
#759 = CARTESIAN_POINT ( 'NONE',  ( 40.46218521927219314, 12.49657050444528927, -2.200000000000004619 ) ) ;
#760 = AXIS2_PLACEMENT_3D ( 'NONE', #2680, #2699, #1848 ) ;
#761 = ORIENTED_EDGE ( 'NONE', *, *, #1251, .T. ) ;
#762 = LINE ( 'NONE', #2661, #2786 ) ;
#763 = EDGE_CURVE ( 'NONE', #3015, #2697, #245, .T. ) ;
#764 = SURFACE_SIDE_STYLE ('',( #3917 ) ) ;
#765 = CARTESIAN_POINT ( 'NONE',  ( 8.000000000000003553, -4.000000000000000000, 11.40000000000000036 ) ) ;
#766 = DIRECTION ( 'NONE',  ( -0.000000000000000000, 1.000000000000000000, -0.000000000000000000 ) ) ;
#767 = ORIENTED_EDGE ( 'NONE', *, *, #2469, .F. ) ;
#768 = VERTEX_POINT ( 'NONE', #1432 ) ;
#769 = ORIENTED_EDGE ( 'NONE', *, *, #3128, .F. ) ;
#770 = PLANE ( 'NONE',  #2737 ) ;
#771 = LINE ( 'NONE', #424, #3701 ) ;
#772 = EDGE_CURVE ( 'NONE', #3978, #2923, #1473, .T. ) ;
#773 = ORIENTED_EDGE ( 'NONE', *, *, #2285, .T. ) ;
#774 = ORIENTED_EDGE ( 'NONE', *, *, #1490, .F. ) ;
#775 = VECTOR ( 'NONE', #1870, 1000.000000000000000 ) ;
#776 = DIRECTION ( 'NONE',  ( 0.000000000000000000, 0.000000000000000000, 1.000000000000000000 ) ) ;
#777 = EDGE_CURVE ( 'NONE', #2932, #1099, #2847, .T. ) ;
#778 = CARTESIAN_POINT ( 'NONE',  ( -6.087814780727985209, -18.00342949555452776, 0.000000000000000000 ) ) ;
#779 = CARTESIAN_POINT ( 'NONE',  ( 53.75000000000000000, -4.000000000000000000, 17.19999999999999929 ) ) ;
#780 = AXIS2_PLACEMENT_3D ( 'NONE', #1540, #2813, #3485 ) ;
#781 = ORIENTED_EDGE ( 'NONE', *, *, #199, .F. ) ;
#782 = LINE ( 'NONE', #3310, #1837 ) ;
#783 = VECTOR ( 'NONE', #3139, 1000.000000000000000 ) ;
#784 = PRESENTATION_STYLE_ASSIGNMENT (( #416 ) ) ;
#785 = ADVANCED_FACE ( 'NONE', ( #827 ), #3373, .F. ) ;
#786 = CARTESIAN_POINT ( 'NONE',  ( -36.58781478072798876, -18.00342949555452421, 1.400000000000000133 ) ) ;
#787 = ORIENTED_EDGE ( 'NONE', *, *, #1587, .F. ) ;
#788 = EDGE_CURVE ( 'NONE', #1272, #1053, #3353, .T. ) ;
#789 = EDGE_LOOP ( 'NONE', ( #104, #1210 ) ) ;
#790 = CARTESIAN_POINT ( 'NONE',  ( -6.087814780727985209, -18.00342949555452776, 4.000000000000000000 ) ) ;
#791 = ORIENTED_EDGE ( 'NONE', *, *, #1119, .T. ) ;
#792 = FACE_OUTER_BOUND ( 'NONE', #1704, .T. ) ;
#793 = CARTESIAN_POINT ( 'NONE',  ( 47.46218521927219314, 10.49657050444530526, -110.5743928637297699 ) ) ;
#794 = ORIENTED_EDGE ( 'NONE', *, *, #2568, .T. ) ;
#795 = ORIENTED_EDGE ( 'NONE', *, *, #1721, .F. ) ;
#796 = EDGE_LOOP ( 'NONE', ( #1597, #360, #400, #1639 ) ) ;
#797 = PLANE ( 'NONE',  #2882 ) ;
#798 = DIRECTION ( 'NONE',  ( -1.000000000000000000, 0.000000000000000000, 0.000000000000000000 ) ) ;
#799 = DIRECTION ( 'NONE',  ( 0.000000000000000000, 0.000000000000000000, 1.000000000000000000 ) ) ;
#800 = VERTEX_POINT ( 'NONE', #1491 ) ;
#801 = ADVANCED_FACE ( 'NONE', ( #535 ), #2743, .F. ) ;
#802 = CARTESIAN_POINT ( 'NONE',  ( -43.75000000000000000, -1.999999999999998224, 9.199999999999999289 ) ) ;
#803 = CARTESIAN_POINT ( 'NONE',  ( -43.75000000000000000, -4.000000000000000000, 9.199999999999999289 ) ) ;
#804 = EDGE_CURVE ( 'NONE', #2555, #4064, #1897, .T. ) ;
#805 = CIRCLE ( 'NONE', #1646, 1.599999999999997202 ) ;
#806 = CARTESIAN_POINT ( 'NONE',  ( -6.087814780728155739, -50.50342949555436434, -1.500000000000004885 ) ) ;
#807 = ORIENTED_EDGE ( 'NONE', *, *, #1946, .T. ) ;
#808 = ORIENTED_EDGE ( 'NONE', *, *, #763, .T. ) ;
#809 = LINE ( 'NONE', #3357, #2364 ) ;
#810 = VERTEX_POINT ( 'NONE', #30 ) ;
#811 = DIRECTION ( 'NONE',  ( 0.000000000000000000, 1.000000000000000000, 0.000000000000000000 ) ) ;
#812 = CLOSED_SHELL ( 'NONE', ( #1726, #3961, #3996, #1417, #254, #125, #1868, #4097, #2824, #1074, #3671, #2125, #350, #2820, #2215, #903, #801, #3123, #2974, #1513, #2497, #1933, #2376, #2471, #268, #1345 ) ) ;
#813 = EDGE_CURVE ( 'NONE', #2297, #2946, #3512, .T. ) ;
#814 = AXIS2_PLACEMENT_3D ( 'NONE', #3772, #3830, #1246 ) ;
#815 = PLANE ( 'NONE',  #1360 ) ;
#816 = ORIENTED_EDGE ( 'NONE', *, *, #1151, .T. ) ;
#817 = EDGE_LOOP ( 'NONE', ( #2972, #427, #1402, #724, #841 ) ) ;
#818 = LINE ( 'NONE', #3662, #2754 ) ;
#819 = VECTOR ( 'NONE', #2047, 1000.000000000000000 ) ;
#820 = LINE ( 'NONE', #2324, #500 ) ;
#821 = EDGE_LOOP ( 'NONE', ( #1403, #1149, #2958 ) ) ;
#822 = VECTOR ( 'NONE', #2016, 1000.000000000000000 ) ;
#823 = CONTEXT_DEPENDENT_SHAPE_REPRESENTATION ( #2570, #1202 ) ;
#824 =( NAMED_UNIT ( * ) SI_UNIT ( $, .STERADIAN. ) SOLID_ANGLE_UNIT ( ) );
#825 = LINE ( 'NONE', #3069, #1419 ) ;
#826 = STYLED_ITEM ( 'NONE', ( #784 ), #4105 ) ;
#827 = FACE_OUTER_BOUND ( 'NONE', #3501, .T. ) ;
#828 = CARTESIAN_POINT ( 'NONE',  ( -55.75000000000000000, -10.00000000000000000, 16.19999999999999929 ) ) ;
#829 = ORIENTED_EDGE ( 'NONE', *, *, #667, .F. ) ;
#830 = CARTESIAN_POINT ( 'NONE',  ( 0.000000000000000000, 0.000000000000000000, 13.19999999999999929 ) ) ;
#831 = ADVANCED_FACE ( 'NONE', ( #4096 ), #612, .F. ) ;
#832 = ORIENTED_EDGE ( 'NONE', *, *, #3746, .F. ) ;
#833 = DIRECTION ( 'NONE',  ( -0.000000000000000000, -0.000000000000000000, -1.000000000000000000 ) ) ;
#834 = VERTEX_POINT ( 'NONE', #1916 ) ;
#835 = CARTESIAN_POINT ( 'NONE',  ( 43.75000000000000000, -4.000000000000000000, 11.40000000000000036 ) ) ;
#836 = EDGE_CURVE ( 'NONE', #1031, #768, #1303, .T. ) ;
#837 = VERTEX_POINT ( 'NONE', #2155 ) ;
#838 = EDGE_LOOP ( 'NONE', ( #2246, #3658, #769, #1843 ) ) ;
#839 = FACE_OUTER_BOUND ( 'NONE', #527, .T. ) ;
#840 = CARTESIAN_POINT ( 'NONE',  ( 29.66218521927184426, 10.49657050444530526, -3.469446951953614189E-15 ) ) ;
#841 = ORIENTED_EDGE ( 'NONE', *, *, #2998, .F. ) ;
#842 = VECTOR ( 'NONE', #4094, 1000.000000000000000 ) ;
#843 = SURFACE_SIDE_STYLE ('',( #4016 ) ) ;
#844 = FACE_OUTER_BOUND ( 'NONE', #61, .T. ) ;
#845 = AXIS2_PLACEMENT_3D ( 'NONE', #1256, #2484, #3426 ) ;
#846 = CARTESIAN_POINT ( 'NONE',  ( 29.66218521927184426, -46.50342949555435723, -3.469446951953614189E-15 ) ) ;
#847 = DIRECTION ( 'NONE',  ( 0.000000000000000000, 0.000000000000000000, 1.000000000000000000 ) ) ;
#848 = VECTOR ( 'NONE', #3840, 1000.000000000000000 ) ;
#849 = DIRECTION ( 'NONE',  ( 0.000000000000000000, 0.000000000000000000, -1.000000000000000000 ) ) ;
#850 = EDGE_LOOP ( 'NONE', ( #1954, #1279, #3890, #1201 ) ) ;
#851 = DIRECTION ( 'NONE',  ( 1.000000000000000000, -0.000000000000000000, 0.000000000000000000 ) ) ;
#852 = ORIENTED_EDGE ( 'NONE', *, *, #74, .T. ) ;
#853 = CARTESIAN_POINT ( 'NONE',  ( -35.75000000000000711, 0.000000000000000000, 14.79999999999999716 ) ) ;
#854 = EDGE_CURVE ( 'NONE', #1778, #2159, #942, .T. ) ;
#855 = LINE ( 'NONE', #793, #1427 ) ;
#856 = EDGE_LOOP ( 'NONE', ( #3759, #274, #1184, #3067 ) ) ;
#857 = ORIENTED_EDGE ( 'NONE', *, *, #1338, .T. ) ;
#858 = CARTESIAN_POINT ( 'NONE',  ( -14.08781478072798699, -48.50342949555436434, -3.000000000000004441 ) ) ;
#859 = EDGE_CURVE ( 'NONE', #1981, #2064, #2196, .T. ) ;
#860 = FACE_OUTER_BOUND ( 'NONE', #89, .T. ) ;
#861 = LINE ( 'NONE', #2740, #197 ) ;
#862 = CARTESIAN_POINT ( 'NONE',  ( -35.75000000000000711, 0.000000000000000000, 11.60000000000000320 ) ) ;
#863 = ORIENTED_EDGE ( 'NONE', *, *, #569, .F. ) ;
#864 = EDGE_CURVE ( 'NONE', #1371, #3274, #2880, .T. ) ;
#865 = LINE ( 'NONE', #2130, #1690 ) ;
#866 = LINE ( 'NONE', #611, #2980 ) ;
#867 = CARTESIAN_POINT ( 'NONE',  ( -7.999999999999996447, 14.15054178657793393, 11.40000000000000036 ) ) ;
#868 = ORIENTED_EDGE ( 'NONE', *, *, #3703, .T. ) ;
#869 = DIRECTION ( 'NONE',  ( -0.000000000000000000, 1.000000000000000000, -0.000000000000000000 ) ) ;
#870 = EDGE_LOOP ( 'NONE', ( #2043, #2004, #133, #129 ) ) ;
#871 = DIRECTION ( 'NONE',  ( -1.000000000000000000, 0.000000000000000000, -0.000000000000000000 ) ) ;
#872 = CARTESIAN_POINT ( 'NONE',  ( -14.08781478072798699, -48.50342949555436434, -2.200000000000004619 ) ) ;
#873 = CIRCLE ( 'NONE', #3924, 1.599999999999997202 ) ;
#874 = CARTESIAN_POINT ( 'NONE',  ( 1.959434878635765970E-16, -4.000000000000000000, 14.80000000000000071 ) ) ;
#875 = EDGE_CURVE ( 'NONE', #2108, #1535, #1548, .T. ) ;
#876 = DIRECTION ( 'NONE',  ( 0.000000000000000000, 1.000000000000000000, 0.000000000000000000 ) ) ;
#877 = CARTESIAN_POINT ( 'NONE',  ( -14.08781478072798699, -48.50342949555436434, -3.000000000000004441 ) ) ;
#878 = LINE ( 'NONE', #3027, #4063 ) ;
#879 = ORIENTED_EDGE ( 'NONE', *, *, #175, .T. ) ;
#880 = EDGE_CURVE ( 'NONE', #3566, #399, #1527, .T. ) ;
#881 = DIRECTION ( 'NONE',  ( -0.000000000000000000, -0.000000000000000000, -1.000000000000000000 ) ) ;
#882 = EDGE_CURVE ( 'NONE', #525, #834, #3450, .T. ) ;
#883 = LINE ( 'NONE', #3032, #2187 ) ;
#884 = CIRCLE ( 'NONE', #2197, 1.500000000000003997 ) ;
#885 = ORIENTED_EDGE ( 'NONE', *, *, #1573, .F. ) ;
#886 =( GEOMETRIC_REPRESENTATION_CONTEXT ( 3 ) GLOBAL_UNCERTAINTY_ASSIGNED_CONTEXT ( ( #244 ) ) GLOBAL_UNIT_ASSIGNED_CONTEXT ( ( #228, #2432, #3330 ) ) REPRESENTATION_CONTEXT ( 'NONE', 'WORKASPACE' ) );
#887 = DIRECTION ( 'NONE',  ( 0.000000000000000000, 1.000000000000000000, 0.000000000000000000 ) ) ;
#888 = ORIENTED_EDGE ( 'NONE', *, *, #2583, .T. ) ;
#889 = CARTESIAN_POINT ( 'NONE',  ( 0.000000000000000000, -4.000000000000000000, 13.19999999999999929 ) ) ;
#890 = ORIENTED_EDGE ( 'NONE', *, *, #2558, .F. ) ;
#891 = ORIENTED_EDGE ( 'NONE', *, *, #38, .T. ) ;
#892 = ORIENTED_EDGE ( 'NONE', *, *, #3345, .T. ) ;
#893 = FACE_OUTER_BOUND ( 'NONE', #3690, .T. ) ;
#894 = ADVANCED_FACE ( 'NONE', ( #310 ), #1876, .F. ) ;
#895 = CIRCLE ( 'NONE', #369, 1.499999999999999556 ) ;
#896 = FACE_OUTER_BOUND ( 'NONE', #1091, .T. ) ;
#897 = EDGE_LOOP ( 'NONE', ( #2036, #3488, #3953, #597 ) ) ;
#898 = ADVANCED_FACE ( 'NONE', ( #3532 ), #692, .F. ) ;
#899 = LINE ( 'NONE', #668, #2878 ) ;
#900 = CARTESIAN_POINT ( 'NONE',  ( 4.774965710472671709, 10.49657050444530526, -1.199999999999999956 ) ) ;
#901 = VECTOR ( 'NONE', #690, 1000.000000000000000 ) ;
#902 = AXIS2_PLACEMENT_3D ( 'NONE', #2982, #1406, #412 ) ;
#903 = ADVANCED_FACE ( 'NONE', ( #3895 ), #1366, .F. ) ;
#904 = DIRECTION ( 'NONE',  ( 1.000000000000000000, 0.000000000000000000, 0.000000000000000000 ) ) ;
#905 = VERTEX_POINT ( 'NONE', #2280 ) ;
#906 = CARTESIAN_POINT ( 'NONE',  ( 35.75000000000000711, 0.000000000000000000, 13.19999999999999929 ) ) ;
#907 = VERTEX_POINT ( 'NONE', #2028 ) ;
#908 = FACE_OUTER_BOUND ( 'NONE', #1637, .T. ) ;
#909 = VECTOR ( 'NONE', #2829, 1000.000000000000000 ) ;
#910 = EDGE_CURVE ( 'NONE', #2645, #184, #762, .T. ) ;
#911 = AXIS2_PLACEMENT_3D ( 'NONE', #2115, #2456, #3456 ) ;
#912 = DIRECTION ( 'NONE',  ( 0.000000000000000000, 0.000000000000000000, 1.000000000000000000 ) ) ;
#913 = DIRECTION ( 'NONE',  ( -1.000000000000000000, -0.000000000000000000, -0.000000000000000000 ) ) ;
#914 = DIRECTION ( 'NONE',  ( -1.000000000000000000, 0.000000000000000000, 0.000000000000000000 ) ) ;
#915 = EDGE_LOOP ( 'NONE', ( #3756, #2843, #2317, #3367, #1350, #3209, #461, #3620 ) ) ;
#916 = CARTESIAN_POINT ( 'NONE',  ( -52.63781478072815645, 12.49657050444530171, -2.200000000000004619 ) ) ;
#917 = CARTESIAN_POINT ( 'NONE',  ( -55.75000000000000000, -10.00000000000000000, 17.19999999999999929 ) ) ;
#918 = CARTESIAN_POINT ( 'NONE',  ( -59.63781478072815645, 10.49657050444530526, -110.5743928637297699 ) ) ;
#919 = EDGE_CURVE ( 'NONE', #4022, #3138, #1632, .T. ) ;
#920 = DIRECTION ( 'NONE',  ( 1.000000000000000000, 0.000000000000000000, 0.000000000000000000 ) ) ;
#921 = ORIENTED_EDGE ( 'NONE', *, *, #38, .F. ) ;
#922 = PLANE ( 'NONE',  #3561 ) ;
#923 = CARTESIAN_POINT ( 'NONE',  ( 35.75000000000000711, -4.000000000000000000, 13.19999999999999929 ) ) ;
#924 = EDGE_CURVE ( 'NONE', #2682, #69, #1343, .T. ) ;
#925 = FACE_OUTER_BOUND ( 'NONE', #821, .T. ) ;
#926 = VERTEX_POINT ( 'NONE', #2010 ) ;
#927 = VERTEX_POINT ( 'NONE', #2594 ) ;
#928 = DIRECTION ( 'NONE',  ( -0.000000000000000000, 1.000000000000000000, -0.000000000000000000 ) ) ;
#929 = LINE ( 'NONE', #623, #1844 ) ;
#930 = EDGE_CURVE ( 'NONE', #907, #3028, #1942, .T. ) ;
#931 = VECTOR ( 'NONE', #3243, 1000.000000000000000 ) ;
#932 = CARTESIAN_POINT ( 'NONE',  ( 32.66218521927219598, -18.50342949555436434, 4.000000000000000000 ) ) ;
#933 = DIRECTION ( 'NONE',  ( 0.000000000000000000, -1.000000000000000000, 0.000000000000000000 ) ) ;
#934 = FACE_OUTER_BOUND ( 'NONE', #2986, .T. ) ;
#935 = ORIENTED_EDGE ( 'NONE', *, *, #1167, .F. ) ;
#936 = AXIS2_PLACEMENT_3D ( 'NONE', #1963, #51, #2 ) ;
#937 = AXIS2_PLACEMENT_3D ( 'NONE', #2209, #1931, #83 ) ;
#938 = AXIS2_PLACEMENT_3D ( 'NONE', #867, #2760, #4039 ) ;
#939 = DIRECTION ( 'NONE',  ( -0.000000000000000000, -0.000000000000000000, -1.000000000000000000 ) ) ;
#940 =( NAMED_UNIT ( * ) PLANE_ANGLE_UNIT ( ) SI_UNIT ( $, .RADIAN. ) );
#941 = UNCERTAINTY_MEASURE_WITH_UNIT (LENGTH_MEASURE( 1.000000000000000082E-05 ), #1943, 'distance_accuracy_value', 'NONE');
#942 = LINE ( 'NONE', #3192, #3793 ) ;
#943 = AXIS2_PLACEMENT_3D ( 'NONE', #1364, #2639, #1064 ) ;
#944 = DIRECTION ( 'NONE',  ( -0.000000000000000000, -1.000000000000000000, -0.000000000000000000 ) ) ;
#945 = EDGE_LOOP ( 'NONE', ( #1650, #1138, #2476, #3474, #1693 ) ) ;
#946 = LINE ( 'NONE', #3155, #1236 ) ;
#947 = VECTOR ( 'NONE', #2550, 1000.000000000000000 ) ;
#948 = VECTOR ( 'NONE', #3752, 1000.000000000000000 ) ;
#949 = PLANE ( 'NONE',  #753 ) ;
#950 = ORIENTED_EDGE ( 'NONE', *, *, #1108, .T. ) ;
#951 = EDGE_CURVE ( 'NONE', #368, #3056, #3916, .T. ) ;
#952 = ORIENTED_EDGE ( 'NONE', *, *, #1824, .F. ) ;
#953 = FACE_BOUND ( 'NONE', #389, .T. ) ;
#954 = LINE ( 'NONE', #2186, #78 ) ;
#955 = EDGE_CURVE ( 'NONE', #1880, #1098, #477, .T. ) ;
#956 = FACE_OUTER_BOUND ( 'NONE', #743, .T. ) ;
#957 = CARTESIAN_POINT ( 'NONE',  ( -6.626331261441591458, -46.50342949555435723, 1.400000000000000133 ) ) ;
#958 = FACE_OUTER_BOUND ( 'NONE', #856, .T. ) ;
#959 = ORIENTED_EDGE ( 'NONE', *, *, #2763, .F. ) ;
#960 = DIRECTION ( 'NONE',  ( -1.000000000000000000, 0.000000000000000000, 0.000000000000000000 ) ) ;
#961 = CARTESIAN_POINT ( 'NONE',  ( 40.46218521927218603, -50.50342949555436434, -3.000000000000004441 ) ) ;
#962 = CARTESIAN_POINT ( 'NONE',  ( 3.096870603322939362E-15, 12.49657050444528750, -3.000000000000004441 ) ) ;
#963 = VECTOR ( 'NONE', #3236, 1000.000000000000000 ) ;
#964 = CARTESIAN_POINT ( 'NONE',  ( 38.74999999999997158, -2.000000000000000000, 1.199999999999999956 ) ) ;
#965 = VERTEX_POINT ( 'NONE', #2617 ) ;
#966 = ORIENTED_EDGE ( 'NONE', *, *, #2267, .F. ) ;
#967 = LINE ( 'NONE', #703, #2113 ) ;
#968 = EDGE_CURVE ( 'NONE', #2796, #256, #2987, .T. ) ;
#969 = AXIS2_PLACEMENT_3D ( 'NONE', #3522, #443, #2627 ) ;
#970 = LINE ( 'NONE', #3504, #47 ) ;
#971 = CARTESIAN_POINT ( 'NONE',  ( 47.66218521927218887, -50.50342949555436434, -3.000000000000002665 ) ) ;
#972 = PLANE ( 'NONE',  #1588 ) ;
#973 = VERTEX_POINT ( 'NONE', #2567 ) ;
#974 = EDGE_CURVE ( 'NONE', #3499, #2253, #3216, .T. ) ;
#975 = DIRECTION ( 'NONE',  ( 0.000000000000000000, 0.000000000000000000, -1.000000000000000000 ) ) ;
#976 = CARTESIAN_POINT ( 'NONE',  ( -41.83781478072816640, -46.50342949555435723, -1.500000000000007327 ) ) ;
#977 = ORIENTED_EDGE ( 'NONE', *, *, #3406, .F. ) ;
#978 = PRODUCT_DEFINITION_CONTEXT ( 'detailed design', #2040, 'design' ) ;
#979 = EDGE_CURVE ( 'NONE', #1537, #530, #2903, .T. ) ;
#980 = CARTESIAN_POINT ( 'NONE',  ( 1.912185219272021452, 12.49657050444528927, -2.200000000000004619 ) ) ;
#981 = DIRECTION ( 'NONE',  ( -1.000000000000000000, 0.000000000000000000, 0.000000000000000000 ) ) ;
#982 = CARTESIAN_POINT ( 'NONE',  ( -53.75000000000000000, -10.00000000000000000, 17.19999999999999929 ) ) ;
#983 = DIRECTION ( 'NONE',  ( 1.000000000000000000, 0.000000000000000000, 0.000000000000000000 ) ) ;
#984 = DIRECTION ( 'NONE',  ( -0.000000000000000000, 0.000000000000000000, -1.000000000000000000 ) ) ;
#985 = ORIENTED_EDGE ( 'NONE', *, *, #2390, .F. ) ;
#986 = ORIENTED_EDGE ( 'NONE', *, *, #3932, .T. ) ;
#987 = CARTESIAN_POINT ( 'NONE',  ( 4.774965710472671709, 10.49657050444530526, -1.199999999999999956 ) ) ;
#988 = EDGE_CURVE ( 'NONE', #3214, #3971, #2302, .T. ) ;
#989 = DIRECTION ( 'NONE',  ( 0.000000000000000000, 0.000000000000000000, -1.000000000000000000 ) ) ;
#990 = CARTESIAN_POINT ( 'NONE',  ( 53.75000000000000000, -1.999999999999998224, 11.40000000000000036 ) ) ;
#991 = ORIENTED_EDGE ( 'NONE', *, *, #3505, .T. ) ;
#992 = VECTOR ( 'NONE', #475, 1000.000000000000000 ) ;
#993 = DIRECTION ( 'NONE',  ( -1.000000000000000000, 0.000000000000000000, 0.000000000000000000 ) ) ;
#994 = EDGE_CURVE ( 'NONE', #1421, #3873, #218, .T. ) ;
#995 = CARTESIAN_POINT ( 'NONE',  ( -14.08781478072798699, -48.50342949555436434, -2.200000000000004619 ) ) ;
#996 = VERTEX_POINT ( 'NONE', #1965 ) ;
#997 = DIRECTION ( 'NONE',  ( 0.000000000000000000, 1.000000000000000000, 0.000000000000000000 ) ) ;
#998 = CARTESIAN_POINT ( 'NONE',  ( -43.75000000000000000, 14.15054178657793393, 9.199999999999999289 ) ) ;
#999 = EDGE_CURVE ( 'NONE', #3521, #1166, #782, .T. ) ;
#1000 = CARTESIAN_POINT ( 'NONE',  ( 0.000000000000000000, -4.000000000000000000, 13.19999999999999929 ) ) ;
#1001 = VECTOR ( 'NONE', #2925, 1000.000000000000000 ) ;
#1002 = PLANE ( 'NONE',  #544 ) ;
#1003 = LINE ( 'NONE', #296, #91 ) ;
#1004 = ORIENTED_EDGE ( 'NONE', *, *, #8, .F. ) ;
#1006 = ORIENTED_EDGE ( 'NONE', *, *, #994, .T. ) ;
#1005 = CIRCLE ( 'NONE', #1075, 1.600000000000000755 ) ;
#1007 = CARTESIAN_POINT ( 'NONE',  ( 38.74999999999997158, -1.000000000000000000, 2.200000000000000622 ) ) ;
#1008 = VERTEX_POINT ( 'NONE', #163 ) ;
#1009 = CARTESIAN_POINT ( 'NONE',  ( -53.75000000000000000, -4.000000000000000000, 9.199999999999999289 ) ) ;
#1010 = VECTOR ( 'NONE', #1633, 1000.000000000000000 ) ;
#1011 = AXIS2_PLACEMENT_3D ( 'NONE', #3610, #2338, #3587 ) ;
#1012 = CARTESIAN_POINT ( 'NONE',  ( 38.74999999999997158, -2.000000000000000000, 8.200000000000001066 ) ) ;
#1013 = PRESENTATION_LAYER_ASSIGNMENT (  '', '', ( #498 ) ) ;
#1014 = DIRECTION ( 'NONE',  ( 1.000000000000000000, 0.000000000000000000, 0.000000000000000000 ) ) ;
#1015 = CARTESIAN_POINT ( 'NONE',  ( 0.000000000000000000, 0.000000000000000000, 1.199999999999999956 ) ) ;
#1016 = ORIENTED_EDGE ( 'NONE', *, *, #2703, .T. ) ;
#1017 = CIRCLE ( 'NONE', #1533, 30.50000000000000355 ) ;
#1018 = EDGE_CURVE ( 'NONE', #2604, #3438, #805, .T. ) ;
#1019 = ORIENTED_EDGE ( 'NONE', *, *, #2726, .T. ) ;
#1020 = CARTESIAN_POINT ( 'NONE',  ( -41.83781478072816640, 10.49657050444530526, -1.500000000000007327 ) ) ;
#1021 = DIRECTION ( 'NONE',  ( -1.000000000000000000, 0.000000000000000000, 0.000000000000000000 ) ) ;
#1022 = EDGE_LOOP ( 'NONE', ( #1705, #1322, #2909, #1575 ) ) ;
#1023 = EDGE_CURVE ( 'NONE', #3015, #1504, #2738, .T. ) ;
#1024 = FILL_AREA_STYLE_COLOUR ( '', #2129 ) ;
#1025 = LINE ( 'NONE', #3580, #2841 ) ;
#1026 = CARTESIAN_POINT ( 'NONE',  ( -59.63781478072815645, 14.49657050444530526, 69.00030769157909560 ) ) ;
#1027 = ADVANCED_FACE ( 'NONE', ( #1155 ), #1501, .T. ) ;
#1028 = ORIENTED_EDGE ( 'NONE', *, *, #3754, .F. ) ;
#1029 = ORIENTED_EDGE ( 'NONE', *, *, #42, .F. ) ;
#1030 = DIRECTION ( 'NONE',  ( 0.000000000000000000, -1.000000000000000000, 0.000000000000000000 ) ) ;
#1031 = VERTEX_POINT ( 'NONE', #2753 ) ;
#1032 = CYLINDRICAL_SURFACE ( 'NONE', #2198, 1.600000000000000755 ) ;
#1033 = AXIS2_PLACEMENT_3D ( 'NONE', #3090, #496, #1204 ) ;
#1034 = EDGE_CURVE ( 'NONE', #658, #2682, #3708, .T. ) ;
#1035 = LINE ( 'NONE', #1999, #3628 ) ;
#1036 = VERTEX_POINT ( 'NONE', #2143 ) ;
#1037 = LINE ( 'NONE', #3591, #4001 ) ;
#1038 = ORIENTED_EDGE ( 'NONE', *, *, #3198, .T. ) ;
#1039 = AXIS2_PLACEMENT_3D ( 'NONE', #3742, #562, #1821 ) ;
#1040 = VERTEX_POINT ( 'NONE', #858 ) ;
#1041 = CARTESIAN_POINT ( 'NONE',  ( 53.75000000000000000, -1.999999999999998224, 11.40000000000000036 ) ) ;
#1042 = ORIENTED_EDGE ( 'NONE', *, *, #678, .T. ) ;
#1043 = CARTESIAN_POINT ( 'NONE',  ( 1.959434878635765970E-16, 0.001000000000000132727, 14.80000000000000071 ) ) ;
#1044 = CARTESIAN_POINT ( 'NONE',  ( 0.000000000000000000, 0.000000000000000000, 0.000000000000000000 ) ) ;
#1045 = DIRECTION ( 'NONE',  ( -0.000000000000000000, -0.000000000000000000, -1.000000000000000000 ) ) ;
#1046 = EDGE_CURVE ( 'NONE', #1166, #2675, #2103, .T. ) ;
#1047 = CARTESIAN_POINT ( 'NONE',  ( -52.63781478072816356, -48.50342949555435013, -2.200000000000004619 ) ) ;
#1048 = AXIS2_PLACEMENT_3D ( 'NONE', #3086, #2106, #2756 ) ;
#1049 = ORIENTED_EDGE ( 'NONE', *, *, #3778, .F. ) ;
#1050 = VERTEX_POINT ( 'NONE', #1195 ) ;
#1051 = DIRECTION ( 'NONE',  ( 0.000000000000000000, 0.000000000000000000, 1.000000000000000000 ) ) ;
#1052 = EDGE_CURVE ( 'NONE', #2633, #2205, #2445, .T. ) ;
#1053 = VERTEX_POINT ( 'NONE', #565 ) ;
#1054 = AXIS2_PLACEMENT_3D ( 'NONE', #3077, #2784, #1478 ) ;
#1055 = DIRECTION ( 'NONE',  ( 1.000000000000000000, 0.000000000000000000, -0.000000000000000000 ) ) ;
#1056 = PLANE ( 'NONE',  #3149 ) ;
#1057 = ADVANCED_FACE ( 'NONE', ( #893 ), #585, .F. ) ;
#1058 = ORIENTED_EDGE ( 'NONE', *, *, #1469, .F. ) ;
#1059 = FACE_OUTER_BOUND ( 'NONE', #1915, .T. ) ;
#1060 = ORIENTED_EDGE ( 'NONE', *, *, #1496, .T. ) ;
#1061 = ORIENTED_EDGE ( 'NONE', *, *, #2339, .F. ) ;
#1062 = DIRECTION ( 'NONE',  ( 1.000000000000000000, 0.000000000000000000, 0.000000000000000000 ) ) ;
#1063 = LINE ( 'NONE', #758, #303 ) ;
#1064 = DIRECTION ( 'NONE',  ( 4.625929269271485322E-15, 1.000000000000000000, 0.000000000000000000 ) ) ;
#1065 = EDGE_LOOP ( 'NONE', ( #1961, #1409, #868, #3919, #1485 ) ) ;
#1066 = CARTESIAN_POINT ( 'NONE',  ( 0.000000000000000000, 0.000000000000000000, 13.19999999999999929 ) ) ;
#1067 = CIRCLE ( 'NONE', #3656, 1.600000000000000755 ) ;
#1068 = ORIENTED_EDGE ( 'NONE', *, *, #3644, .F. ) ;
#1069 = ORIENTED_EDGE ( 'NONE', *, *, #3490, .T. ) ;
#1070 = DIRECTION ( 'NONE',  ( 0.000000000000000000, 0.000000000000000000, 1.000000000000000000 ) ) ;
#1071 = VECTOR ( 'NONE', #1608, 1000.000000000000000 ) ;
#1072 = VERTEX_POINT ( 'NONE', #2481 ) ;
#1073 = DIRECTION ( 'NONE',  ( -0.000000000000000000, 1.000000000000000000, -0.000000000000000000 ) ) ;
#1074 = ADVANCED_FACE ( 'NONE', ( #3763, #352, #2929, #1305 ), #75, .F. ) ;
#1075 = AXIS2_PLACEMENT_3D ( 'NONE', #2411, #2107, #2387 ) ;
#1076 = CARTESIAN_POINT ( 'NONE',  ( -14.08781478072798166, 12.49657050444528927, -3.000000000000004441 ) ) ;
#1077 = ORIENTED_EDGE ( 'NONE', *, *, #3198, .F. ) ;
#1078 = VERTEX_POINT ( 'NONE', #1967 ) ;
#1079 = AXIS2_PLACEMENT_3D ( 'NONE', #378, #984, #1270 ) ;
#1080 = EDGE_CURVE ( 'NONE', #2019, #482, #396, .T. ) ;
#1081 = ORIENTED_EDGE ( 'NONE', *, *, #330, .F. ) ;
#1082 = DIRECTION ( 'NONE',  ( 0.000000000000000000, 0.000000000000000000, -1.000000000000000000 ) ) ;
#1083 = DIRECTION ( 'NONE',  ( -2.478176394252582127E-16, 1.000000000000000000, 0.000000000000000000 ) ) ;
#1084 = CARTESIAN_POINT ( 'NONE',  ( -41.83781478072816640, 10.49657050444530526, -3.469446951953614189E-15 ) ) ;
#1085 = ORIENTED_EDGE ( 'NONE', *, *, #3621, .F. ) ;
#1087 = CARTESIAN_POINT ( 'NONE',  ( 47.66218521927218887, 10.49657050444530526, 0.000000000000000000 ) ) ;
#1086 = ADVANCED_BREP_SHAPE_REPRESENTATION ( '', ( #4105, #3063 ), #2408 ) ;
#1088 = CARTESIAN_POINT ( 'NONE',  ( 47.46218521927219314, -5.066693348986541409E-15, 4.000000000000003553 ) ) ;
#1089 = LINE ( 'NONE', #1386, #2777 ) ;
#1090 = CARTESIAN_POINT ( 'NONE',  ( -6.087814780728155739, -46.50342949555435723, -5.204170427930421283E-15 ) ) ;
#1091 = EDGE_LOOP ( 'NONE', ( #3716, #118, #1293, #448, #1311, #1337, #58 ) ) ;
#1092 = ORIENTED_EDGE ( 'NONE', *, *, #3459, .F. ) ;
#1093 = CARTESIAN_POINT ( 'NONE',  ( 32.66218521927219598, -18.50342949555436434, 4.000000000000000000 ) ) ;
#1094 = EDGE_LOOP ( 'NONE', ( #2541, #2182, #402, #3061, #1462, #2686, #318, #12, #2678, #3816, #1886, #3984 ) ) ;
#1095 = DIRECTION ( 'NONE',  ( 0.000000000000000000, 0.000000000000000000, -1.000000000000000000 ) ) ;
#1096 =( REPRESENTATION_RELATIONSHIP ('NONE','NONE', #1851, #3436 ) REPRESENTATION_RELATIONSHIP_WITH_TRANSFORMATION ( #1144 )SHAPE_REPRESENTATION_RELATIONSHIP( ) );
#1097 = VECTOR ( 'NONE', #3491, 1000.000000000000000 ) ;
#1098 = VERTEX_POINT ( 'NONE', #101 ) ;
#1099 = VERTEX_POINT ( 'NONE', #1945 ) ;
#1100 = EDGE_CURVE ( 'NONE', #3350, #3726, #417, .T. ) ;
#1101 = AXIS2_PLACEMENT_3D ( 'NONE', #2490, #2835, #2152 ) ;
#1102 = ORIENTED_EDGE ( 'NONE', *, *, #3493, .T. ) ;
#1103 = CARTESIAN_POINT ( 'NONE',  ( -52.63781478072815645, 14.49657050444530348, -2.200000000000004619 ) ) ;
#1104 = LINE ( 'NONE', #2386, #2271 ) ;
#1105 = DIRECTION ( 'NONE',  ( 0.000000000000000000, 0.000000000000000000, -1.000000000000000000 ) ) ;
#1106 = ADVANCED_FACE ( 'NONE', ( #3898 ), #3196, .T. ) ;
#1107 = CIRCLE ( 'NONE', #3217, 1.500000000000003997 ) ;
#1108 = EDGE_CURVE ( 'NONE', #2075, #3786, #1025, .T. ) ;
#1109 = CARTESIAN_POINT ( 'NONE',  ( 0.000000000000000000, -4.000000000000000000, 0.000000000000000000 ) ) ;
#1110 = CARTESIAN_POINT ( 'NONE',  ( -6.087814780727985209, 10.49657050444530526, -1.199999999999999956 ) ) ;
#1111 = ORIENTED_EDGE ( 'NONE', *, *, #910, .F. ) ;
#1112 = LINE ( 'NONE', #2097, #4089 ) ;
#1113 = VERTEX_POINT ( 'NONE', #2838 ) ;
#1114 = LINE ( 'NONE', #1708, #550 ) ;
#1115 = LINE ( 'NONE', #1137, #1883 ) ;
#1116 = ORIENTED_EDGE ( 'NONE', *, *, #3345, .F. ) ;
#1117 = ORIENTED_EDGE ( 'NONE', *, *, #601, .F. ) ;
#1118 = VECTOR ( 'NONE', #3757, 1000.000000000000000 ) ;
#1119 = EDGE_CURVE ( 'NONE', #4085, #1822, #5, .T. ) ;
#1120 = ORIENTED_EDGE ( 'NONE', *, *, #3697, .T. ) ;
#1121 = CARTESIAN_POINT ( 'NONE',  ( 8.000000000000003553, 14.15054178657793393, 9.199999999999999289 ) ) ;
#1122 = LINE ( 'NONE', #2964, #3470 ) ;
#1123 = ORIENTED_EDGE ( 'NONE', *, *, #2898, .F. ) ;
#1124 = EDGE_CURVE ( 'NONE', #4064, #2765, #3834, .T. ) ;
#1125 = DIRECTION ( 'NONE',  ( -0.000000000000000000, -0.000000000000000000, 1.000000000000000000 ) ) ;
#1126 = LINE ( 'NONE', #2684, #3514 ) ;
#1127 = CARTESIAN_POINT ( 'NONE',  ( -8.000000000000000000, -1.999999999999998224, 11.40000000000000036 ) ) ;
#1128 = AXIS2_PLACEMENT_3D ( 'NONE', #1985, #1678, #3288 ) ;
#1129 = ADVANCED_FACE ( 'NONE', ( #1634 ), #1987, .F. ) ;
#1130 = ORIENTED_EDGE ( 'NONE', *, *, #3723, .F. ) ;
#1131 = DIRECTION ( 'NONE',  ( 0.000000000000000000, 0.000000000000000000, 1.000000000000000000 ) ) ;
#1132 = VERTEX_POINT ( 'NONE', #437 ) ;
#1133 = AXIS2_PLACEMENT_3D ( 'NONE', #3150, #631, #2901 ) ;
#1134 = FACE_OUTER_BOUND ( 'NONE', #3309, .T. ) ;
#1135 = AXIS2_PLACEMENT_3D ( 'NONE', #212, #2393, #3670 ) ;
#1136 = ORIENTED_EDGE ( 'NONE', *, *, #3420, .T. ) ;
#1137 = CARTESIAN_POINT ( 'NONE',  ( -43.75000000000000000, -4.000000000000000000, 9.199999999999999289 ) ) ;
#1138 = ORIENTED_EDGE ( 'NONE', *, *, #3225, .T. ) ;
#1139 = ORIENTED_EDGE ( 'NONE', *, *, #3018, .F. ) ;
#1140 = LINE ( 'NONE', #2428, #4087 ) ;
#1141 = AXIS2_PLACEMENT_3D ( 'NONE', #627, #1297, #367 ) ;
#1142 = ORIENTED_EDGE ( 'NONE', *, *, #1147, .F. ) ;
#1143 = AXIS2_PLACEMENT_3D ( 'NONE', #2275, #2318, #3909 ) ;
#1144 = ITEM_DEFINED_TRANSFORMATION ( 'NONE', 'NONE', #3129,  #3063 ) ;
#1145 = LINE ( 'NONE', #3625, #603 ) ;
#1146 = CARTESIAN_POINT ( 'NONE',  ( 53.74999999999998579, -6.000000000000000000, 16.19999999999999929 ) ) ;
#1147 = EDGE_CURVE ( 'NONE', #530, #1556, #1067, .T. ) ;
#1148 = ORIENTED_EDGE ( 'NONE', *, *, #1176, .F. ) ;
#1149 = ORIENTED_EDGE ( 'NONE', *, *, #3385, .T. ) ;
#1150 = DIRECTION ( 'NONE',  ( 0.000000000000000000, 0.000000000000000000, -1.000000000000000000 ) ) ;
#1151 = EDGE_CURVE ( 'NONE', #3572, #290, #3988, .T. ) ;
#1152 = VERTEX_POINT ( 'NONE', #1612 ) ;
#1153 = ORIENTED_EDGE ( 'NONE', *, *, #1616, .F. ) ;
#1154 = EDGE_CURVE ( 'NONE', #576, #3888, #2884, .T. ) ;
#1155 = FACE_OUTER_BOUND ( 'NONE', #2713, .T. ) ;
#1156 = DIRECTION ( 'NONE',  ( 0.000000000000000000, -0.000000000000000000, 1.000000000000000000 ) ) ;
#1157 = PLANE ( 'NONE',  #1048 ) ;
#1158 = CARTESIAN_POINT ( 'NONE',  ( -6.087814780728155739, 14.49657050444530526, -5.204170427930421283E-15 ) ) ;
#1159 = ORIENTED_EDGE ( 'NONE', *, *, #1189, .F. ) ;
#1160 =( NAMED_UNIT ( * ) SI_UNIT ( $, .STERADIAN. ) SOLID_ANGLE_UNIT ( ) );
#1161 = DIRECTION ( 'NONE',  ( -0.000000000000000000, -0.000000000000000000, -1.000000000000000000 ) ) ;
#1162 = AXIS2_PLACEMENT_3D ( 'NONE', #932, #3103, #1519 ) ;
#1163 = CYLINDRICAL_SURFACE ( 'NONE', #1456, 1.600000000000000755 ) ;
#1164 = LINE ( 'NONE', #1507, #3050 ) ;
#1165 = VECTOR ( 'NONE', #538, 1000.000000000000000 ) ;
#1166 = VERTEX_POINT ( 'NONE', #2549 ) ;
#1167 = EDGE_CURVE ( 'NONE', #926, #1412, #2514, .T. ) ;
#1168 = CARTESIAN_POINT ( 'NONE',  ( 29.66218521927184426, 14.49657050444530526, 1.499999999999997113 ) ) ;
#1169 = ORIENTED_EDGE ( 'NONE', *, *, #3170, .F. ) ;
#1170 = FACE_OUTER_BOUND ( 'NONE', #2270, .T. ) ;
#1171 = EDGE_CURVE ( 'NONE', #441, #2444, #55, .T. ) ;
#1172 = DIRECTION ( 'NONE',  ( 0.000000000000000000, -0.000000000000000000, 1.000000000000000000 ) ) ;
#1173 = EDGE_LOOP ( 'NONE', ( #3007, #2118 ) ) ;
#1174 = ORIENTED_EDGE ( 'NONE', *, *, #1441, .T. ) ;
#1175 = DIRECTION ( 'NONE',  ( 1.000000000000000000, -0.000000000000000000, 0.000000000000000000 ) ) ;
#1176 = EDGE_CURVE ( 'NONE', #1668, #927, #3372, .T. ) ;
#1177 = DIRECTION ( 'NONE',  ( -0.000000000000000000, -0.000000000000000000, -1.000000000000000000 ) ) ;
#1178 = DIRECTION ( 'NONE',  ( -1.000000000000000000, -1.982541115402065702E-15, 0.000000000000000000 ) ) ;
#1179 = ORIENTED_EDGE ( 'NONE', *, *, #335, .T. ) ;
#1180 = DIRECTION ( 'NONE',  ( 1.067522139062655848E-16, 1.000000000000000000, -0.000000000000000000 ) ) ;
#1181 = CARTESIAN_POINT ( 'NONE',  ( -59.63781478072816356, -48.50342949555435013, -2.200000000000004619 ) ) ;
#1182 = CARTESIAN_POINT ( 'NONE',  ( -35.75000000000000711, -4.000000000000000000, 13.19999999999999929 ) ) ;
#1183 = PLANE ( 'NONE',  #3125 ) ;
#1184 = ORIENTED_EDGE ( 'NONE', *, *, #605, .F. ) ;
#1185 = CARTESIAN_POINT ( 'NONE',  ( 0.000000000000000000, -10.00000000000000000, 0.000000000000000000 ) ) ;
#1186 = ORIENTED_EDGE ( 'NONE', *, *, #1124, .T. ) ;
#1187 = CARTESIAN_POINT ( 'NONE',  ( 40.46218521927218603, -48.50342949555436434, -2.200000000000004619 ) ) ;
#1188 = VECTOR ( 'NONE', #2643, 1000.000000000000000 ) ;
#1189 = EDGE_CURVE ( 'NONE', #3653, #468, #1145, .T. ) ;
#1190 = PRODUCT_DEFINITION_SHAPE ( 'NONE', 'NONE',  #4110 ) ;
#1191 = ORIENTED_EDGE ( 'NONE', *, *, #2534, .F. ) ;
#1192 = LINE ( 'NONE', #1842, #50 ) ;
#1193 = MECHANICAL_DESIGN_GEOMETRIC_PRESENTATION_REPRESENTATION (  '', ( #2579 ), #77 ) ;
#1194 = CARTESIAN_POINT ( 'NONE',  ( -59.63781478072816356, -50.50342949555435013, -2.200000000000004619 ) ) ;
#1195 = CARTESIAN_POINT ( 'NONE',  ( -43.75000000000000000, -1.999999999999998224, 11.40000000000000036 ) ) ;
#1196 = EDGE_CURVE ( 'NONE', #3651, #2064, #3332, .T. ) ;
#1197 = VECTOR ( 'NONE', #4019, 1000.000000000000000 ) ;
#1198 = DIRECTION ( 'NONE',  ( 0.000000000000000000, 0.000000000000000000, -1.000000000000000000 ) ) ;
#1199 = FACE_OUTER_BOUND ( 'NONE', #2996, .T. ) ;
#1200 = FACE_OUTER_BOUND ( 'NONE', #1274, .T. ) ;
#1201 = ORIENTED_EDGE ( 'NONE', *, *, #311, .F. ) ;
#1202 = PRODUCT_DEFINITION_SHAPE ( 'NONE', 'NONE',  #4112 ) ;
#1203 = VECTOR ( 'NONE', #1178, 1000.000000000000000 ) ;
#1204 = DIRECTION ( 'NONE',  ( -1.000000000000000000, 0.000000000000000000, -0.000000000000000000 ) ) ;
#1205 = PRESENTATION_STYLE_ASSIGNMENT (( #4058 ) ) ;
#1206 = CARTESIAN_POINT ( 'NONE',  ( -59.63781478072815645, 6.366468760374541412E-15, -3.000000000000004441 ) ) ;
#1207 = EDGE_CURVE ( 'NONE', #147, #734, #2073, .T. ) ;
#1208 = VECTOR ( 'NONE', #920, 1000.000000000000000 ) ;
#1209 = CARTESIAN_POINT ( 'NONE',  ( -6.087814780727985209, -18.00342949555452776, -1.199999999999999956 ) ) ;
#1210 = ORIENTED_EDGE ( 'NONE', *, *, #42, .T. ) ;
#1211 = DIRECTION ( 'NONE',  ( -1.000000000000000000, 0.000000000000000000, -0.000000000000000000 ) ) ;
#1212 = ORIENTED_EDGE ( 'NONE', *, *, #2367, .F. ) ;
#1213 = PLANE ( 'NONE',  #1054 ) ;
#1214 = ORIENTED_EDGE ( 'NONE', *, *, #1873, .F. ) ;
#1215 = DIRECTION ( 'NONE',  ( -0.000000000000000000, 1.000000000000000000, -0.000000000000000000 ) ) ;
#1216 = ORIENTED_EDGE ( 'NONE', *, *, #1230, .T. ) ;
#1217 = CARTESIAN_POINT ( 'NONE',  ( -19.96729603904625350, 10.49657050444530526, 0.000000000000000000 ) ) ;
#1218 = EDGE_CURVE ( 'NONE', #2782, #3396, #873, .T. ) ;
#1219 = B_SPLINE_CURVE_WITH_KNOTS ( 'NONE', 3,
 ( #4038, #2742, #1472, #553, #3390, #4018 ),
 .UNSPECIFIED., .F., .F.,
 ( 4, 2, 4 ),
 ( 0.004142077916051620061, 0.004416234938368290841, 0.004690391960684961621 ),
 .UNSPECIFIED. ) ;
#1220 = LINE ( 'NONE', #4091, #2664 ) ;
#1221 = ORIENTED_EDGE ( 'NONE', *, *, #3906, .F. ) ;
#1222 = SURFACE_STYLE_USAGE ( .BOTH. , #26 ) ;
#1223 = CARTESIAN_POINT ( 'NONE',  ( 35.75000000000000711, 0.001000000000000132727, 13.19999999999999929 ) ) ;
#1224 = EDGE_CURVE ( 'NONE', #237, #4064, #348, .T. ) ;
#1225 =( LENGTH_UNIT ( ) NAMED_UNIT ( * ) SI_UNIT ( .MILLI., .METRE. ) );
#1226 = VECTOR ( 'NONE', #1561, 1000.000000000000000 ) ;
#1227 = AXIS2_PLACEMENT_3D ( 'NONE', #2188, #1889, #342 ) ;
#1228 = CYLINDRICAL_SURFACE ( 'NONE', #3940, 1.600000000000000755 ) ;
#1229 = ORIENTED_EDGE ( 'NONE', *, *, #2894, .T. ) ;
#1230 = EDGE_CURVE ( 'NONE', #3115, #2402, #123, .T. ) ;
#1231 = CARTESIAN_POINT ( 'NONE',  ( -41.83781478072816640, -46.50342949555435723, -3.469446951953614189E-15 ) ) ;
#1232 = CARTESIAN_POINT ( 'NONE',  ( -6.087814780728155739, 10.49657050444530526, -5.204170427930421283E-15 ) ) ;
#1233 = AXIS2_PLACEMENT_3D ( 'NONE', #2869, #1030, #3500 ) ;
#1234 = LINE ( 'NONE', #2498, #3466 ) ;
#1235 = VERTEX_POINT ( 'NONE', #802 ) ;
#1236 = VECTOR ( 'NONE', #1881, 1000.000000000000000 ) ;
#1237 = ORIENTED_EDGE ( 'NONE', *, *, #1731, .F. ) ;
#1238 = DIRECTION ( 'NONE',  ( 0.000000000000000000, 0.000000000000000000, -1.000000000000000000 ) ) ;
#1239 = ORIENTED_EDGE ( 'NONE', *, *, #226, .T. ) ;
#1240 = DIRECTION ( 'NONE',  ( 0.000000000000000000, 0.000000000000000000, -1.000000000000000000 ) ) ;
#1241 = CARTESIAN_POINT ( 'NONE',  ( -55.75000000000000000, 0.000000000000000000, 0.000000000000000000 ) ) ;
#1242 = FACE_OUTER_BOUND ( 'NONE', #3952, .T. ) ;
#1243 = VERTEX_POINT ( 'NONE', #3918 ) ;
#1244 = DIRECTION ( 'NONE',  ( 0.000000000000000000, 0.000000000000000000, -1.000000000000000000 ) ) ;
#1245 = DIRECTION ( 'NONE',  ( 0.000000000000000000, 0.000000000000000000, -1.000000000000000000 ) ) ;
#1246 = DIRECTION ( 'NONE',  ( 1.000000000000000000, 0.000000000000000000, 0.000000000000000000 ) ) ;
#1247 = EDGE_CURVE ( 'NONE', #3971, #441, #1126, .T. ) ;
#1248 = DIRECTION ( 'NONE',  ( 0.000000000000000000, 0.000000000000000000, -1.000000000000000000 ) ) ;
#1249 = VERTEX_POINT ( 'NONE', #3604 ) ;
#1250 = DIRECTION ( 'NONE',  ( -1.000000000000000000, 0.000000000000000000, 0.000000000000000000 ) ) ;
#1251 = EDGE_CURVE ( 'NONE', #2962, #525, #2050, .T. ) ;
#1252 = CYLINDRICAL_SURFACE ( 'NONE', #1528, 1.599999999999997202 ) ;
#1253 = ORIENTED_EDGE ( 'NONE', *, *, #2210, .F. ) ;
#1254 = ORIENTED_EDGE ( 'NONE', *, *, #3459, .T. ) ;
#1255 = VECTOR ( 'NONE', #3942, 1000.000000000000000 ) ;
#1256 = CARTESIAN_POINT ( 'NONE',  ( -6.087814780728155739, -46.50342949555435723, -5.204170427930421283E-15 ) ) ;
#1257 = CARTESIAN_POINT ( 'NONE',  ( -14.08781478072798699, -50.50342949555436434, -3.000000000000002665 ) ) ;
#1258 = CARTESIAN_POINT ( 'NONE',  ( -53.74999999999997158, -10.00000000000000000, 1.199999999999999956 ) ) ;
#1259 = ORIENTED_EDGE ( 'NONE', *, *, #2917, .F. ) ;
#1260 = AXIS2_PLACEMENT_3D ( 'NONE', #2778, #2094, #2435 ) ;
#1261 = CARTESIAN_POINT ( 'NONE',  ( -5.722130093217110414, 12.49486807747439343, 1.466480549307673575 ) ) ;
#1262 = VECTOR ( 'NONE', #144, 1000.000000000000000 ) ;
#1263 = PRODUCT_DEFINITION_CONTEXT ( 'detailed design', #3533, 'design' ) ;
#1264 = AXIS2_PLACEMENT_3D ( 'NONE', #3197, #3642, #2839 ) ;
#1265 = CARTESIAN_POINT ( 'NONE',  ( 35.75000000000000711, -4.000000000000000000, 14.79999999999999716 ) ) ;
#1266 = DIRECTION ( 'NONE',  ( 0.000000000000000000, 0.000000000000000000, -1.000000000000000000 ) ) ;
#1267 = FACE_BOUND ( 'NONE', #1832, .T. ) ;
#1268 = EDGE_CURVE ( 'NONE', #3396, #2610, #3293, .T. ) ;
#1269 = CARTESIAN_POINT ( 'NONE',  ( 1.959434878635765970E-16, -4.000000000000000000, 14.80000000000000071 ) ) ;
#1270 = DIRECTION ( 'NONE',  ( -1.000000000000000000, 0.000000000000000000, 0.000000000000000000 ) ) ;
#1271 = ORIENTED_EDGE ( 'NONE', *, *, #804, .F. ) ;
#1272 = VERTEX_POINT ( 'NONE', #142 ) ;
#1273 = EDGE_CURVE ( 'NONE', #155, #3275, #1089, .T. ) ;
#1274 = EDGE_LOOP ( 'NONE', ( #2439, #3415, #3630, #4009 ) ) ;
#1275 = CARTESIAN_POINT ( 'NONE',  ( -16.95059527192864124, 10.49657050444530526, -1.199999999999999956 ) ) ;
#1276 = EDGE_CURVE ( 'NONE', #658, #3337, #3669, .T. ) ;
#1277 = CARTESIAN_POINT ( 'NONE',  ( 40.46218521927218603, -50.50342949555436434, -2.200000000000004619 ) ) ;
#1278 = DIRECTION ( 'NONE',  ( 0.000000000000000000, -1.000000000000000000, 0.000000000000000000 ) ) ;
#1279 = ORIENTED_EDGE ( 'NONE', *, *, #1119, .F. ) ;
#1280 = DIRECTION ( 'NONE',  ( 0.000000000000000000, 0.000000000000000000, 1.000000000000000000 ) ) ;
#1281 = DIRECTION ( 'NONE',  ( 0.000000000000000000, 0.000000000000000000, 1.000000000000000000 ) ) ;
#1282 = EDGE_LOOP ( 'NONE', ( #2001, #3304, #787, #4106 ) ) ;
#1283 = DIRECTION ( 'NONE',  ( -1.000000000000000000, 0.000000000000000000, 0.000000000000000000 ) ) ;
#1284 = CARTESIAN_POINT ( 'NONE',  ( 29.66218521927184426, 10.49657050444530526, -1.500000000000004219 ) ) ;
#1285 = CARTESIAN_POINT ( 'NONE',  ( 40.46218521927219314, 0.000000000000000000, -2.200000000000004619 ) ) ;
#1286 = CARTESIAN_POINT ( 'NONE',  ( -53.74999999999997158, -6.000000000000000000, 1.199999999999999956 ) ) ;
#1287 = CARTESIAN_POINT ( 'NONE',  ( -52.63781478072816356, -50.50342949555435013, -2.200000000000004619 ) ) ;
#1288 = AXIS2_PLACEMENT_3D ( 'NONE', #3008, #1445, #187 ) ;
#1289 = CARTESIAN_POINT ( 'NONE',  ( -41.83781478072816640, -50.50342949555436434, 1.500000000000000444 ) ) ;
#1290 = ORIENTED_EDGE ( 'NONE', *, *, #672, .F. ) ;
#1291 = CARTESIAN_POINT ( 'NONE',  ( -14.08781478072797988, 12.49657050444528927, -2.200000000000004619 ) ) ;
#1292 = AXIS2_PLACEMENT_3D ( 'NONE', #3617, #776, #1062 ) ;
#1293 = ORIENTED_EDGE ( 'NONE', *, *, #3638, .F. ) ;
#1294 = EDGE_CURVE ( 'NONE', #282, #3144, #2988, .T. ) ;
#1295 = DIRECTION ( 'NONE',  ( -0.000000000000000000, -0.000000000000000000, 1.000000000000000000 ) ) ;
#1296 = PLANE ( 'NONE',  #1944 ) ;
#1297 = DIRECTION ( 'NONE',  ( -0.000000000000000000, 1.000000000000000000, -0.000000000000000000 ) ) ;
#1298 = ORIENTED_EDGE ( 'NONE', *, *, #2080, .T. ) ;
#1299 = ADVANCED_FACE ( 'NONE', ( #3646 ), #418, .T. ) ;
#1300 = DIRECTION ( 'NONE',  ( 1.000000000000000000, 0.000000000000000000, 0.000000000000000000 ) ) ;
#1301 = CARTESIAN_POINT ( 'NONE',  ( -41.83781478072816640, -46.50342949555435723, 1.500000000000000444 ) ) ;
#1302 = VERTEX_POINT ( 'NONE', #900 ) ;
#1303 = LINE ( 'NONE', #2236, #1458 ) ;
#1304 = DIRECTION ( 'NONE',  ( -0.000000000000000000, -1.000000000000000000, -0.000000000000000000 ) ) ;
#1305 = FACE_OUTER_BOUND ( 'NONE', #349, .T. ) ;
#1306 = CARTESIAN_POINT ( 'NONE',  ( 43.75000000000000000, -1.999999999999998224, 11.40000000000000036 ) ) ;
#1307 = AXIS2_PLACEMENT_3D ( 'NONE', #3794, #2806, #2886 ) ;
#1308 = FACE_OUTER_BOUND ( 'NONE', #1723, .T. ) ;
#1309 = VERTEX_POINT ( 'NONE', #3048 ) ;
#1310 = LINE ( 'NONE', #3542, #3362 ) ;
#1311 = ORIENTED_EDGE ( 'NONE', *, *, #1601, .F. ) ;
#1312 = DIRECTION ( 'NONE',  ( 0.000000000000000000, -0.7071067811865426878, 0.7071067811865523467 ) ) ;
#1313 = DIRECTION ( 'NONE',  ( -0.000000000000000000, -1.000000000000000000, -0.000000000000000000 ) ) ;
#1314 = CARTESIAN_POINT ( 'NONE',  ( -35.75000000000000711, 0.001000000000000132727, 13.19999999999999929 ) ) ;
#1315 = CARTESIAN_POINT ( 'NONE',  ( -6.087814780727985209, -18.00342949555452776, 1.400000000000000133 ) ) ;
#1316 = VERTEX_POINT ( 'NONE', #917 ) ;
#1317 = ADVANCED_FACE ( 'NONE', ( #3131 ), #1163, .F. ) ;
#1318 = VECTOR ( 'NONE', #981, 1000.000000000000000 ) ;
#1319 = ORIENTED_EDGE ( 'NONE', *, *, #199, .T. ) ;
#1320 = DIRECTION ( 'NONE',  ( -1.000000000000000000, 0.000000000000000000, 0.000000000000000000 ) ) ;
#1321 = CARTESIAN_POINT ( 'NONE',  ( -14.08781478072797810, 14.49657050444529105, -2.200000000000004619 ) ) ;
#1322 = ORIENTED_EDGE ( 'NONE', *, *, #3493, .F. ) ;
#1323 = DIRECTION ( 'NONE',  ( -0.000000000000000000, -0.000000000000000000, -1.000000000000000000 ) ) ;
#1324 = CIRCLE ( 'NONE', #1459, 1.599999999999997202 ) ;
#1325 = ADVANCED_FACE ( 'NONE', ( #2154 ), #2195, .F. ) ;
#1326 = LINE ( 'NONE', #1026, #2855 ) ;
#1327 = ORIENTED_EDGE ( 'NONE', *, *, #438, .F. ) ;
#1329 = EDGE_LOOP ( 'NONE', ( #1660, #334, #657, #1636 ) ) ;
#1328 = VECTOR ( 'NONE', #269, 1000.000000000000000 ) ;
#1330 = DIRECTION ( 'NONE',  ( -0.000000000000000000, -0.000000000000000000, -1.000000000000000000 ) ) ;
#1331 = VERTEX_POINT ( 'NONE', #3712 ) ;
#1332 = DIRECTION ( 'NONE',  ( -0.000000000000000000, 1.000000000000000000, -0.000000000000000000 ) ) ;
#1333 = CIRCLE ( 'NONE', #1143, 1.499999999999999556 ) ;
#1334 = DIRECTION ( 'NONE',  ( 0.000000000000000000, 0.000000000000000000, 1.000000000000000000 ) ) ;
#1335 = ORIENTED_EDGE ( 'NONE', *, *, #772, .F. ) ;
#1336 = LINE ( 'NONE', #388, #1992 ) ;
#1337 = ORIENTED_EDGE ( 'NONE', *, *, #605, .T. ) ;
#1338 = EDGE_CURVE ( 'NONE', #730, #3298, #866, .T. ) ;
#1339 = VERTEX_POINT ( 'NONE', #1526 ) ;
#1340 = PLANE ( 'NONE',  #3964 ) ;
#1341 = FACE_OUTER_BOUND ( 'NONE', #3260, .T. ) ;
#1342 = VERTEX_POINT ( 'NONE', #2450 ) ;
#1343 = LINE ( 'NONE', #3853, #3863 ) ;
#1344 = SHAPE_DEFINITION_REPRESENTATION ( #413, #1437 ) ;
#1345 = ADVANCED_FACE ( 'NONE', ( #3732 ), #1830, .F. ) ;
#1346 = CARTESIAN_POINT ( 'NONE',  ( 55.75000000000000000, 0.000000000000000000, 0.000000000000000000 ) ) ;
#1347 = MANIFOLD_SOLID_BREP ( '切除-拉伸5', #2581 ) ;
#1348 = PRODUCT_DEFINITION_SHAPE ( 'NONE', 'NONE',  #1913 ) ;
#1349 = EDGE_CURVE ( 'NONE', #607, #1893, #1219, .T. ) ;
#1350 = ORIENTED_EDGE ( 'NONE', *, *, #2513, .T. ) ;
#1351 = ORIENTED_EDGE ( 'NONE', *, *, #930, .T. ) ;
#1352 = DIRECTION ( 'NONE',  ( 1.000000000000000000, -0.000000000000000000, 0.000000000000000000 ) ) ;
#1353 = ORIENTED_EDGE ( 'NONE', *, *, #2080, .F. ) ;
#1354 = DIRECTION ( 'NONE',  ( 0.000000000000000000, 0.000000000000000000, -1.000000000000000000 ) ) ;
#1355 = AXIS2_PLACEMENT_3D ( 'NONE', #93, #3306, #1082 ) ;
#1356 = LINE ( 'NONE', #3568, #1691 ) ;
#1357 = EDGE_LOOP ( 'NONE', ( #2301, #3325, #510, #890, #2070, #3246, #3800 ) ) ;
#1358 = CARTESIAN_POINT ( 'NONE',  ( -53.75000000000000000, -4.000000000000000000, 16.19999999999999929 ) ) ;
#1359 = ORIENTED_EDGE ( 'NONE', *, *, #2227, .T. ) ;
#1360 = AXIS2_PLACEMENT_3D ( 'NONE', #217, #3379, #3303 ) ;
#1361 = ORIENTED_EDGE ( 'NONE', *, *, #2150, .F. ) ;
#1362 = DIRECTION ( 'NONE',  ( 0.000000000000000000, 0.000000000000000000, 1.000000000000000000 ) ) ;
#1363 = CARTESIAN_POINT ( 'NONE',  ( -55.75000000000000000, -10.00000000000000000, 0.000000000000000000 ) ) ;
#1364 = CARTESIAN_POINT ( 'NONE',  ( 53.75000000000000000, -2.000000000000000000, 16.19999999999999929 ) ) ;
#1365 = ORIENTED_EDGE ( 'NONE', *, *, #3746, .T. ) ;
#1366 = PLANE ( 'NONE',  #487 ) ;
#1367 = CONTEXT_DEPENDENT_SHAPE_REPRESENTATION ( #3615, #1190 ) ;
#1368 = FILL_AREA_STYLE_COLOUR ( '', #3943 ) ;
#1369 = CARTESIAN_POINT ( 'NONE',  ( -6.626331261441591458, 10.49657050444530526, 1.400000000000000133 ) ) ;
#1370 = EDGE_CURVE ( 'NONE', #3551, #3511, #3091, .T. ) ;
#1371 = VERTEX_POINT ( 'NONE', #1489 ) ;
#1372 = ORIENTED_EDGE ( 'NONE', *, *, #3, .F. ) ;
#1373 = DIRECTION ( 'NONE',  ( 0.000000000000000000, 0.000000000000000000, 1.000000000000000000 ) ) ;
#1374 = ORIENTED_EDGE ( 'NONE', *, *, #2441, .F. ) ;
#1375 = CARTESIAN_POINT ( 'NONE',  ( 43.75000000000000000, -1.999999999999998224, 9.199999999999999289 ) ) ;
#1376 = SURFACE_SIDE_STYLE ('',( #2018 ) ) ;
#1377 = ORIENTED_EDGE ( 'NONE', *, *, #3420, .F. ) ;
#1378 = EDGE_LOOP ( 'NONE', ( #2419, #2167, #1130, #1727 ) ) ;
#1379 = ORIENTED_EDGE ( 'NONE', *, *, #3825, .T. ) ;
#1380 = DIRECTION ( 'NONE',  ( -0.000000000000000000, 1.000000000000000000, -0.000000000000000000 ) ) ;
#1381 = CARTESIAN_POINT ( 'NONE',  ( -59.63781478072816356, -48.50342949555435013, -2.200000000000004619 ) ) ;
#1382 = CARTESIAN_POINT ( 'NONE',  ( 1.959434878635765970E-16, 0.001000000000000132727, 14.80000000000000071 ) ) ;
#1383 = ORIENTED_EDGE ( 'NONE', *, *, #788, .T. ) ;
#1384 = DIRECTION ( 'NONE',  ( 1.000000000000000000, 0.000000000000000000, 0.000000000000000000 ) ) ;
#1385 = VECTOR ( 'NONE', #3064, 1000.000000000000000 ) ;
#1386 = CARTESIAN_POINT ( 'NONE',  ( 47.66218521927218887, -46.50342949555435723, 0.000000000000000000 ) ) ;
#1387 = CARTESIAN_POINT ( 'NONE',  ( -7.999999999999996447, -4.000000000000000000, 9.199999999999999289 ) ) ;
#1388 = AXIS2_PLACEMENT_3D ( 'NONE', #3070, #4095, #2175 ) ;
#1389 = VECTOR ( 'NONE', #1722, 1000.000000000000000 ) ;
#1390 = ORIENTED_EDGE ( 'NONE', *, *, #1595, .F. ) ;
#1391 = EDGE_CURVE ( 'NONE', #2879, #411, #2759, .T. ) ;
#1392 = ORIENTED_EDGE ( 'NONE', *, *, #875, .T. ) ;
#1393 = PLANE ( 'NONE',  #2691 ) ;
#1394 = VECTOR ( 'NONE', #3472, 1000.000000000000000 ) ;
#1395 = VERTEX_POINT ( 'NONE', #2132 ) ;
#1396 = VECTOR ( 'NONE', #4108, 1000.000000000000000 ) ;
#1397 = B_SPLINE_CURVE_WITH_KNOTS ( 'NONE', 3,
 ( #655, #2241, #4101, #2551 ),
 .UNSPECIFIED., .F., .F.,
 ( 4, 4 ),
 ( 0.000000000000000000, 0.003246611082086663796 ),
 .UNSPECIFIED. ) ;
#1398 = VECTOR ( 'NONE', #3221, 1000.000000000000000 ) ;
#1399 = VECTOR ( 'NONE', #2007, 1000.000000000000000 ) ;
#1400 = EDGE_CURVE ( 'NONE', #267, #3409, #3411, .T. ) ;
#1401 = DIRECTION ( 'NONE',  ( -0.000000000000000000, 1.000000000000000000, -0.000000000000000000 ) ) ;
#1402 = ORIENTED_EDGE ( 'NONE', *, *, #2870, .T. ) ;
#1403 = ORIENTED_EDGE ( 'NONE', *, *, #1080, .T. ) ;
#1404 = VECTOR ( 'NONE', #3157, 1000.000000000000000 ) ;
#1405 = ADVANCED_FACE ( 'NONE', ( #2470 ), #95, .T. ) ;
#1406 = DIRECTION ( 'NONE',  ( 0.000000000000000000, 1.000000000000000000, 0.000000000000000000 ) ) ;
#1407 = LINE ( 'NONE', #2068, #1938 ) ;
#1408 = CARTESIAN_POINT ( 'NONE',  ( 29.66218521927184426, 14.49657050444530526, -3.469446951953614189E-15 ) ) ;
#1409 = ORIENTED_EDGE ( 'NONE', *, *, #3975, .T. ) ;
#1410 = CARTESIAN_POINT ( 'NONE',  ( 29.66218521927184426, 10.49657050444530526, 1.499999999999997113 ) ) ;
#1411 = CARTESIAN_POINT ( 'NONE',  ( -35.75000000000000711, 0.001000000000000132727, 11.60000000000000320 ) ) ;
#1412 = VERTEX_POINT ( 'NONE', #3237 ) ;
#1413 = ORIENTED_EDGE ( 'NONE', *, *, #2672, .T. ) ;
#1414 = DIRECTION ( 'NONE',  ( 0.000000000000000000, -1.000000000000000000, 0.000000000000000000 ) ) ;
#1415 = ORIENTED_EDGE ( 'NONE', *, *, #3078, .F. ) ;
#1416 = FACE_OUTER_BOUND ( 'NONE', #2902, .T. ) ;
#1417 = ADVANCED_FACE ( 'NONE', ( #1341 ), #1567, .F. ) ;
#1418 = LINE ( 'NONE', #2692, #3702 ) ;
#1419 = VECTOR ( 'NONE', #1487, 1000.000000000000000 ) ;
#1420 = VERTEX_POINT ( 'NONE', #2528 ) ;
#1421 = VERTEX_POINT ( 'NONE', #347 ) ;
#1422 = EDGE_CURVE ( 'NONE', #3762, #3739, #651, .T. ) ;
#1423 = VECTOR ( 'NONE', #2559, 1000.000000000000000 ) ;
#1424 = ORIENTED_EDGE ( 'NONE', *, *, #1749, .F. ) ;
#1425 = CARTESIAN_POINT ( 'NONE',  ( 1.912185219272014347, -48.50342949555436434, -3.000000000000004441 ) ) ;
#1426 = CARTESIAN_POINT ( 'NONE',  ( 1.959434878635765970E-16, 0.000000000000000000, 14.80000000000000071 ) ) ;
#1427 = VECTOR ( 'NONE', #1172, 1000.000000000000000 ) ;
#1428 = ORIENTED_EDGE ( 'NONE', *, *, #231, .F. ) ;
#1429 = ADVANCED_FACE ( 'NONE', ( #1940 ), #28, .T. ) ;
#1430 = VECTOR ( 'NONE', #2512, 1000.000000000000000 ) ;
#1431 = FACE_OUTER_BOUND ( 'NONE', #1941, .T. ) ;
#1432 = CARTESIAN_POINT ( 'NONE',  ( 47.46218521927219314, 12.49657050444528927, -3.000000000000004441 ) ) ;
#1433 = DIRECTION ( 'NONE',  ( 1.000000000000000000, 0.000000000000000000, -0.000000000000000000 ) ) ;
#1434 = ORIENTED_EDGE ( 'NONE', *, *, #1895, .F. ) ;
#1435 = VERTEX_POINT ( 'NONE', #3850 ) ;
#1436 = CARTESIAN_POINT ( 'NONE',  ( -59.63781478072816356, -50.50342949555436434, 69.00030769157909560 ) ) ;
#1437 = SHAPE_REPRESENTATION ( 'mid', ( #3063 ), #886 ) ;
#1438 = EDGE_LOOP ( 'NONE', ( #537, #1820, #1713, #299 ) ) ;
#1439 = AXIS2_PLACEMENT_3D ( 'NONE', #3678, #2477, #3097 ) ;
#1440 = CARTESIAN_POINT ( 'NONE',  ( -6.087814780728155739, -46.50342949555435723, -1.500000000000004885 ) ) ;
#1441 = EDGE_CURVE ( 'NONE', #2660, #1984, #71, .T. ) ;
#1442 = DIRECTION ( 'NONE',  ( 0.000000000000000000, 0.000000000000000000, 1.000000000000000000 ) ) ;
#1443 = ORIENTED_EDGE ( 'NONE', *, *, #1917, .F. ) ;
#1444 = FILL_AREA_STYLE ('',( #1761 ) ) ;
#1445 = DIRECTION ( 'NONE',  ( 1.000000000000000000, -4.625929269271485322E-15, 0.000000000000000000 ) ) ;
#1446 = EDGE_CURVE ( 'NONE', #3161, #59, #3828, .T. ) ;
#1447 = DIRECTION ( 'NONE',  ( -0.000000000000000000, -1.000000000000000000, -0.000000000000000000 ) ) ;
#1448 = DIRECTION ( 'NONE',  ( 1.000000000000000000, 0.000000000000000000, -0.000000000000000000 ) ) ;
#1449 = PRODUCT ( 'display', 'display', '', ( #2927 ) ) ;
#1450 = VECTOR ( 'NONE', #1447, 1000.000000000000000 ) ;
#1451 = CARTESIAN_POINT ( 'NONE',  ( -53.75000000000000000, -1.999999999999998224, 11.40000000000000036 ) ) ;
#1452 = ORIENTED_EDGE ( 'NONE', *, *, #1840, .T. ) ;
#1453 = EDGE_CURVE ( 'NONE', #1050, #1395, #2257, .T. ) ;
#1454 = CARTESIAN_POINT ( 'NONE',  ( 8.000000000000000000, -4.000000000000000000, 9.199999999999999289 ) ) ;
#1455 = VERTEX_POINT ( 'NONE', #1321 ) ;
#1456 = AXIS2_PLACEMENT_3D ( 'NONE', #309, #2434, #591 ) ;
#1457 = CARTESIAN_POINT ( 'NONE',  ( -59.63781478072816356, -48.50342949555435013, -3.000000000000004441 ) ) ;
#1458 = VECTOR ( 'NONE', #670, 1000.000000000000000 ) ;
#1459 = AXIS2_PLACEMENT_3D ( 'NONE', #3272, #102, #2968 ) ;
#1460 = DIRECTION ( 'NONE',  ( -0.000000000000000000, 1.000000000000000000, -0.000000000000000000 ) ) ;
#1461 = VERTEX_POINT ( 'NONE', #2591 ) ;
#1462 = ORIENTED_EDGE ( 'NONE', *, *, #1251, .F. ) ;
#1463 = AXIS2_PLACEMENT_3D ( 'NONE', #2348, #116, #799 ) ;
#1464 = LINE ( 'NONE', #221, #2952 ) ;
#1465 = VECTOR ( 'NONE', #1902, 1000.000000000000000 ) ;
#1466 = CARTESIAN_POINT ( 'NONE',  ( -41.83781478072816640, -46.50342949555435723, -3.469446951953614189E-15 ) ) ;
#1467 = DIRECTION ( 'NONE',  ( 0.000000000000000000, 0.000000000000000000, 1.000000000000000000 ) ) ;
#1468 = ORIENTED_EDGE ( 'NONE', *, *, #2992, .F. ) ;
#1469 = EDGE_CURVE ( 'NONE', #2120, #2879, #3957, .T. ) ;
#1470 = AXIS2_PLACEMENT_3D ( 'NONE', #1927, #2573, #3859 ) ;
#1471 = LINE ( 'NONE', #1794, #3550 ) ;
#1472 = CARTESIAN_POINT ( 'NONE',  ( -6.452764094054643351, -48.50137942803498703, 1.457817510619585866 ) ) ;
#1473 = LINE ( 'NONE', #1127, #548 ) ;
#1474 = EDGE_CURVE ( 'NONE', #560, #1973, #1122, .T. ) ;
#1475 = CARTESIAN_POINT ( 'NONE',  ( -53.75000000000000000, -1.999999999999998224, 11.40000000000000036 ) ) ;
#1476 = ORIENTED_EDGE ( 'NONE', *, *, #547, .T. ) ;
#1477 = ORIENTED_EDGE ( 'NONE', *, *, #1124, .F. ) ;
#1478 = DIRECTION ( 'NONE',  ( 1.000000000000000000, 0.000000000000000000, 0.000000000000000000 ) ) ;
#1479 = EDGE_CURVE ( 'NONE', #1099, #2932, #1793, .T. ) ;
#1480 =( NAMED_UNIT ( * ) SI_UNIT ( $, .STERADIAN. ) SOLID_ANGLE_UNIT ( ) );
#1481 = ORIENTED_EDGE ( 'NONE', *, *, #2644, .T. ) ;
#1482 = DIRECTION ( 'NONE',  ( 0.000000000000000000, 0.000000000000000000, 1.000000000000000000 ) ) ;
#1483 = CARTESIAN_POINT ( 'NONE',  ( -35.75000000000000711, 0.001000000000000132727, 14.79999999999999716 ) ) ;
#1484 = DIRECTION ( 'NONE',  ( 0.000000000000000000, 0.000000000000000000, 1.000000000000000000 ) ) ;
#1485 = ORIENTED_EDGE ( 'NONE', *, *, #3385, .F. ) ;
#1486 = CIRCLE ( 'NONE', #902, 1.499999999999999556 ) ;
#1487 = DIRECTION ( 'NONE',  ( 0.000000000000000000, 0.7071067811865426878, 0.7071067811865523467 ) ) ;
#1488 = VECTOR ( 'NONE', #1976, 1000.000000000000000 ) ;
#1489 = CARTESIAN_POINT ( 'NONE',  ( 40.46218521927219314, 14.49657050444529105, -2.200000000000004619 ) ) ;
#1490 = EDGE_CURVE ( 'NONE', #3028, #1668, #1104, .T. ) ;
#1491 = CARTESIAN_POINT ( 'NONE',  ( 47.46218521927218603, -46.50342949555435723, -3.000000000000004441 ) ) ;
#1492 = AXIS2_PLACEMENT_3D ( 'NONE', #214, #1706, #3967 ) ;
#1493 = DIRECTION ( 'NONE',  ( 0.000000000000000000, 1.000000000000000000, -0.000000000000000000 ) ) ;
#1494 = ORIENTED_EDGE ( 'NONE', *, *, #988, .T. ) ;
#1495 = FACE_OUTER_BOUND ( 'NONE', #2991, .T. ) ;
#1496 = EDGE_CURVE ( 'NONE', #3277, #2425, #1063, .T. ) ;
#1497 = EDGE_LOOP ( 'NONE', ( #1928, #583, #3317, #3699, #807, #2288, #3399, #3633, #691, #1970, #2994, #3346, #3479, #3643, #1732, #2516, #3180 ) ) ;
#1498 = CARTESIAN_POINT ( 'NONE',  ( -35.75000000000000711, 0.000000000000000000, 13.19999999999999929 ) ) ;
#1499 = LINE ( 'NONE', #2166, #2290 ) ;
#1500 = DIRECTION ( 'NONE',  ( 0.000000000000000000, 0.000000000000000000, 1.000000000000000000 ) ) ;
#1501 = PLANE ( 'NONE',  #3249 ) ;
#1502 = CARTESIAN_POINT ( 'NONE',  ( -55.75000000000000000, 0.000000000000000000, 0.000000000000000000 ) ) ;
#1503 = DIRECTION ( 'NONE',  ( -1.000000000000000000, 0.000000000000000000, -1.156482317317871725E-16 ) ) ;
#1504 = VERTEX_POINT ( 'NONE', #2368 ) ;
#1505 = PLANE ( 'NONE',  #2217 ) ;
#1506 = DIRECTION ( 'NONE',  ( 0.000000000000000000, 0.000000000000000000, 1.000000000000000000 ) ) ;
#1507 = CARTESIAN_POINT ( 'NONE',  ( -55.75000000000000000, -6.000000000000000000, 17.19999999999999929 ) ) ;
#1508 = CARTESIAN_POINT ( 'NONE',  ( 53.75000000000000000, -2.000000000000000000, 16.19999999999999929 ) ) ;
#1509 = ORIENTED_EDGE ( 'NONE', *, *, #581, .T. ) ;
#1510 = DIRECTION ( 'NONE',  ( 0.000000000000000000, -1.000000000000000000, 0.000000000000000000 ) ) ;
#1511 = ORIENTED_EDGE ( 'NONE', *, *, #2631, .F. ) ;
#1512 = DIRECTION ( 'NONE',  ( 0.000000000000000000, -1.000000000000000000, 0.000000000000000000 ) ) ;
#1513 = ADVANCED_FACE ( 'NONE', ( #3641 ), #452, .F. ) ;
#1514 = FACE_OUTER_BOUND ( 'NONE', #817, .T. ) ;
#1515 = FACE_OUTER_BOUND ( 'NONE', #4041, .T. ) ;
#1516 = DIRECTION ( 'NONE',  ( -1.000000000000000000, 0.000000000000000000, 0.000000000000000000 ) ) ;
#1517 = AXIS2_PLACEMENT_3D ( 'NONE', #3578, #3601, #3240 ) ;
#1518 = EDGE_CURVE ( 'NONE', #2645, #2019, #820, .T. ) ;
#1519 = DIRECTION ( 'NONE',  ( 0.000000000000000000, -0.000000000000000000, 1.000000000000000000 ) ) ;
#1520 = PLANE ( 'NONE',  #3797 ) ;
#1521 = ORIENTED_EDGE ( 'NONE', *, *, #988, .F. ) ;
#1522 = ADVANCED_FACE ( 'NONE', ( #1983 ), #1738, .F. ) ;
#1523 = CIRCLE ( 'NONE', #2990, 1.500000000000000666 ) ;
#1524 = SHAPE_REPRESENTATION_RELATIONSHIP ( 'NONE' , 'NONE' ,  #1437, #2711 ) ;
#1525 = CYLINDRICAL_SURFACE ( 'NONE', #3960, 1.499999999999999556 ) ;
#1526 = CARTESIAN_POINT ( 'NONE',  ( 38.74999999999997158, -1.000000000000000000, 2.200000000000000622 ) ) ;
#1527 = LINE ( 'NONE', #918, #2459 ) ;
#1528 = AXIS2_PLACEMENT_3D ( 'NONE', #4083, #2807, #1863 ) ;
#1529 = DIRECTION ( 'NONE',  ( -0.000000000000000000, -1.000000000000000000, -0.000000000000000000 ) ) ;
#1530 = ORIENTED_EDGE ( 'NONE', *, *, #3723, .T. ) ;
#1531 = MECHANICAL_DESIGN_GEOMETRIC_PRESENTATION_REPRESENTATION (  '', ( #498 ), #3744 ) ;
#1532 = DIRECTION ( 'NONE',  ( 0.000000000000000000, 0.000000000000000000, 1.000000000000000000 ) ) ;
#1533 = AXIS2_PLACEMENT_3D ( 'NONE', #2046, #1698, #736 ) ;
#1534 = DIRECTION ( 'NONE',  ( 0.000000000000000000, 1.000000000000000000, 0.000000000000000000 ) ) ;
#1535 = VERTEX_POINT ( 'NONE', #3285 ) ;
#1536 = EDGE_LOOP ( 'NONE', ( #767, #2116, #638, #879, #2135, #715, #3543 ) ) ;
#1537 = VERTEX_POINT ( 'NONE', #1426 ) ;
#1538 = PRODUCT_RELATED_PRODUCT_CATEGORY ( 'part', '', ( #541 ) ) ;
#1539 = DIRECTION ( 'NONE',  ( 0.000000000000000000, 0.000000000000000000, -1.000000000000000000 ) ) ;
#1540 = CARTESIAN_POINT ( 'NONE',  ( -35.75000000000000711, 0.001000000000000132727, 13.19999999999999929 ) ) ;
#1541 = LINE ( 'NONE', #3468, #3122 ) ;
#1542 = ORIENTED_EDGE ( 'NONE', *, *, #2726, .F. ) ;
#1543 = EDGE_CURVE ( 'NONE', #1309, #1008, #1017, .T. ) ;
#1544 = DIRECTION ( 'NONE',  ( -0.000000000000000000, 1.000000000000000000, -0.000000000000000000 ) ) ;
#1545 = SURFACE_STYLE_FILL_AREA ( #243 ) ;
#1546 = VECTOR ( 'NONE', #626, 1000.000000000000000 ) ;
#1547 = UNCERTAINTY_MEASURE_WITH_UNIT (LENGTH_MEASURE( 1.000000000000000082E-05 ), #2947, 'distance_accuracy_value', 'NONE');
#1548 = LINE ( 'NONE', #3110, #3735 ) ;
#1549 = AXIS2_PLACEMENT_3D ( 'NONE', #4052, #604, #1826 ) ;
#1550 = CARTESIAN_POINT ( 'NONE',  ( -6.626331261441591458, -46.50342949555435723, 1.400000000000000133 ) ) ;
#1551 = ORIENTED_EDGE ( 'NONE', *, *, #3535, .F. ) ;
#1552 = LINE ( 'NONE', #2179, #1430 ) ;
#1553 = CARTESIAN_POINT ( 'NONE',  ( 47.46218521927218603, -48.50342949555436434, -2.200000000000004619 ) ) ;
#1554 =( GEOMETRIC_REPRESENTATION_CONTEXT ( 3 ) GLOBAL_UNCERTAINTY_ASSIGNED_CONTEXT ( ( #2508 ) ) GLOBAL_UNIT_ASSIGNED_CONTEXT ( ( #3705, #3321, #1480 ) ) REPRESENTATION_CONTEXT ( 'NONE', 'WORKASPACE' ) );
#1555 = LINE ( 'NONE', #964, #3188 ) ;
#1556 = VERTEX_POINT ( 'NONE', #138 ) ;
#1557 = EDGE_LOOP ( 'NONE', ( #2853, #3013, #1872, #2834, #1858 ) ) ;
#1558 = DIRECTION ( 'NONE',  ( 0.000000000000000000, 0.000000000000000000, -1.000000000000000000 ) ) ;
#1559 = FACE_OUTER_BOUND ( 'NONE', #721, .T. ) ;
#1560 = CARTESIAN_POINT ( 'NONE',  ( -6.087814780728155739, -46.50342949555435723, 1.499999999999994449 ) ) ;
#1561 = DIRECTION ( 'NONE',  ( -0.000000000000000000, -0.000000000000000000, -1.000000000000000000 ) ) ;
#1562 = DIRECTION ( 'NONE',  ( 0.000000000000000000, -1.000000000000000000, 0.000000000000000000 ) ) ;
#1563 = ORIENTED_EDGE ( 'NONE', *, *, #2969, .T. ) ;
#1564 = EDGE_CURVE ( 'NONE', #3003, #2697, #1407, .T. ) ;
#1565 = DIRECTION ( 'NONE',  ( 1.000000000000000000, 0.000000000000000000, 0.000000000000000000 ) ) ;
#1566 = LINE ( 'NONE', #3826, #574 ) ;
#1567 = PLANE ( 'NONE',  #1133 ) ;
#1568 = DIRECTION ( 'NONE',  ( 0.000000000000000000, 0.000000000000000000, -1.000000000000000000 ) ) ;
#1569 = EDGE_CURVE ( 'NONE', #2312, #2108, #3663, .T. ) ;
#1570 = CARTESIAN_POINT ( 'NONE',  ( 4.774965710472682368, -46.50342949555435723, -1.199999999999999956 ) ) ;
#1571 = FACE_OUTER_BOUND ( 'NONE', #3039, .T. ) ;
#1572 = FACE_OUTER_BOUND ( 'NONE', #796, .T. ) ;
#1573 = EDGE_CURVE ( 'NONE', #810, #2099, #3681, .T. ) ;
#1574 = DIRECTION ( 'NONE',  ( 0.000000000000000000, 0.000000000000000000, 1.000000000000000000 ) ) ;
#1575 = ORIENTED_EDGE ( 'NONE', *, *, #693, .T. ) ;
#1576 = ORIENTED_EDGE ( 'NONE', *, *, #2652, .T. ) ;
#1577 = CARTESIAN_POINT ( 'NONE',  ( -7.999999999999996447, -1.999999999999998224, 11.40000000000000036 ) ) ;
#1578 = ORIENTED_EDGE ( 'NONE', *, *, #2150, .T. ) ;
#1579 = VECTOR ( 'NONE', #3031, 1000.000000000000000 ) ;
#1580 = CYLINDRICAL_SURFACE ( 'NONE', #3360, 1.600000000000000755 ) ;
#1581 = FACE_BOUND ( 'NONE', #789, .T. ) ;
#1582 = CARTESIAN_POINT ( 'NONE',  ( 55.75000000000000000, -6.000000000000000000, 0.000000000000000000 ) ) ;
#1583 = ORIENTED_EDGE ( 'NONE', *, *, #18, .T. ) ;
#1584 = CARTESIAN_POINT ( 'NONE',  ( -6.087814780728155739, 10.49657050444530526, -5.204170427930421283E-15 ) ) ;
#1585 = ORIENTED_EDGE ( 'NONE', *, *, #508, .T. ) ;
#1586 = CARTESIAN_POINT ( 'NONE',  ( 47.66218521927218887, -46.50342949555435723, 0.000000000000000000 ) ) ;
#1587 = EDGE_CURVE ( 'NONE', #2879, #3044, #3992, .T. ) ;
#1588 = AXIS2_PLACEMENT_3D ( 'NONE', #606, #1278, #2833 ) ;
#1589 = DIRECTION ( 'NONE',  ( 0.000000000000000000, 0.000000000000000000, 1.000000000000000000 ) ) ;
#1590 = VECTOR ( 'NONE', #4059, 1000.000000000000000 ) ;
#1591 = CARTESIAN_POINT ( 'NONE',  ( 53.75000000000000000, -4.000000000000000000, 17.19999999999999929 ) ) ;
#1592 = LINE ( 'NONE', #3286, #1399 ) ;
#1593 = VECTOR ( 'NONE', #4021, 1000.000000000000000 ) ;
#1594 = FACE_OUTER_BOUND ( 'NONE', #4046, .T. ) ;
#1595 = EDGE_CURVE ( 'NONE', #2796, #3933, #2673, .T. ) ;
#1596 = CARTESIAN_POINT ( 'NONE',  ( 0.000000000000000000, 0.000000000000000000, 11.59999999999999964 ) ) ;
#1597 = ORIENTED_EDGE ( 'NONE', *, *, #3920, .T. ) ;
#1598 = ORIENTED_EDGE ( 'NONE', *, *, #1422, .F. ) ;
#1599 = CARTESIAN_POINT ( 'NONE',  ( 0.000000000000000000, 12.49657050444528927, -3.000000000000004441 ) ) ;
#1600 = CARTESIAN_POINT ( 'NONE',  ( -6.087814780728155739, 12.49657050444547401, 1.499999999999994449 ) ) ;
#1601 = EDGE_CURVE ( 'NONE', #3521, #2370, #895, .T. ) ;
#1602 = PRESENTATION_STYLE_ASSIGNMENT (( #364 ) ) ;
#1603 = FACE_OUTER_BOUND ( 'NONE', #3696, .T. ) ;
#1604 = CARTESIAN_POINT ( 'NONE',  ( -14.08781478072797810, 14.49657050444529105, -2.200000000000004619 ) ) ;
#1605 = ORIENTED_EDGE ( 'NONE', *, *, #2210, .T. ) ;
#1606 = CARTESIAN_POINT ( 'NONE',  ( 31.16218521927184426, 10.49657050444530526, -3.081487911019577365E-30 ) ) ;
#1607 = ORIENTED_EDGE ( 'NONE', *, *, #2418, .F. ) ;
#1608 = DIRECTION ( 'NONE',  ( -0.000000000000000000, -0.000000000000000000, -1.000000000000000000 ) ) ;
#1609 = APPLICATION_CONTEXT ( 'automotive_design' ) ;
#1610 = CARTESIAN_POINT ( 'NONE',  ( -59.63781478072815645, -46.50342949555435723, -3.000000000000002665 ) ) ;
#1611 = VECTOR ( 'NONE', #3771, 1000.000000000000000 ) ;
#1612 = CARTESIAN_POINT ( 'NONE',  ( 29.66218521927184426, 10.49657050444530526, -1.500000000000004219 ) ) ;
#1613 = PLANE ( 'NONE',  #943 ) ;
#1614 = VECTOR ( 'NONE', #2366, 1000.000000000000000 ) ;
#1615 = DIRECTION ( 'NONE',  ( -0.000000000000000000, -1.000000000000000000, -0.000000000000000000 ) ) ;
#1616 = EDGE_CURVE ( 'NONE', #2108, #2444, #1675, .T. ) ;
#1617 = VERTEX_POINT ( 'NONE', #3936 ) ;
#1618 = CARTESIAN_POINT ( 'NONE',  ( -8.000000000000000000, -1.999999999999998224, 11.40000000000000036 ) ) ;
#1619 = VECTOR ( 'NONE', #1177, 1000.000000000000000 ) ;
#1620 = DIRECTION ( 'NONE',  ( 0.000000000000000000, 0.000000000000000000, -1.000000000000000000 ) ) ;
#1621 = VECTOR ( 'NONE', #1866, 1000.000000000000000 ) ;
#1622 = EDGE_CURVE ( 'NONE', #3841, #480, #2945, .T. ) ;
#1623 = CARTESIAN_POINT ( 'NONE',  ( 6.799744294444918680, 10.49657050444530526, -0.4343017460781181116 ) ) ;
#1624 = LINE ( 'NONE', #2251, #517 ) ;
#1625 = DIRECTION ( 'NONE',  ( 1.000000000000000000, -0.000000000000000000, -0.000000000000000000 ) ) ;
#1626 = ORIENTED_EDGE ( 'NONE', *, *, #1518, .F. ) ;
#1627 = ADVANCED_FACE ( 'NONE', ( #2638 ), #160, .F. ) ;
#1628 = ORIENTED_EDGE ( 'NONE', *, *, #1573, .T. ) ;
#1629 = LINE ( 'NONE', #114, #3291 ) ;
#1630 = DIRECTION ( 'NONE',  ( -0.000000000000000000, -1.000000000000000000, -0.000000000000000000 ) ) ;
#1631 = ORIENTED_EDGE ( 'NONE', *, *, #3896, .T. ) ;
#1632 = LINE ( 'NONE', #1652, #1001 ) ;
#1633 = DIRECTION ( 'NONE',  ( 1.067522139062655848E-16, 1.000000000000000000, -0.000000000000000000 ) ) ;
#1634 = FACE_OUTER_BOUND ( 'NONE', #1329, .T. ) ;
#1635 = CARTESIAN_POINT ( 'NONE',  ( -43.75000000000000000, -1.999999999999998224, 9.199999999999999289 ) ) ;
#1636 = ORIENTED_EDGE ( 'NONE', *, *, #3391, .T. ) ;
#1637 = EDGE_LOOP ( 'NONE', ( #3248, #1123, #3904, #1779, #1481, #892, #2200, #4007, #1085, #4048, #2448, #39 ) ) ;
#1638 = FACE_OUTER_BOUND ( 'NONE', #2741, .T. ) ;
#1639 = ORIENTED_EDGE ( 'NONE', *, *, #2227, .F. ) ;
#1640 = EDGE_CURVE ( 'NONE', #1339, #1617, #3042, .T. ) ;
#1641 = DIRECTION ( 'NONE',  ( 0.000000000000000000, 1.000000000000000000, 0.000000000000000000 ) ) ;
#1642 = LINE ( 'NONE', #957, #1808 ) ;
#1643 = CARTESIAN_POINT ( 'NONE',  ( -41.83781478072816640, 14.49657050444530526, -1.500000000000007327 ) ) ;
#1644 = VERTEX_POINT ( 'NONE', #2146 ) ;
#1645 = EDGE_CURVE ( 'NONE', #3275, #3762, #3751, .T. ) ;
#1646 = AXIS2_PLACEMENT_3D ( 'NONE', #1718, #301, #1539 ) ;
#1647 = ORIENTED_EDGE ( 'NONE', *, *, #3284, .F. ) ;
#1648 = DIRECTION ( 'NONE',  ( 2.478176394252582620E-16, 1.000000000000000000, -0.000000000000000000 ) ) ;
#1649 = AXIS2_PLACEMENT_3D ( 'NONE', #331, #1021, #1281 ) ;
#1650 = ORIENTED_EDGE ( 'NONE', *, *, #698, .T. ) ;
#1651 = CLOSED_SHELL ( 'NONE', ( #2721, #246, #894, #3858, #2752, #649, #1701, #3709, #3333, #3614, #1057, #2948, #3728, #3750, #2232, #476, #733, #1522, #2924, #3433, #259, #3773, #1317, #3852, #3095, #3569, #486, #4031, #1773, #3950, #143 ) ) ;
#1652 = CARTESIAN_POINT ( 'NONE',  ( -59.63781478072815645, -46.50342949555435723, -110.5743928637297699 ) ) ;
#1653 = EDGE_CURVE ( 'NONE', #2660, #3201, #861, .T. ) ;
#1654 = CIRCLE ( 'NONE', #10, 30.50000000000000355 ) ;
#1655 = CARTESIAN_POINT ( 'NONE',  ( 23.74999999999997158, -1.000000000000000000, 1.199999999999998179 ) ) ;
#1656 = LINE ( 'NONE', #3244, #225 ) ;
#1657 = CIRCLE ( 'NONE', #423, 1.499999999999999556 ) ;
#1658 = ORIENTED_EDGE ( 'NONE', *, *, #2262, .F. ) ;
#1660 = ORIENTED_EDGE ( 'NONE', *, *, #2344, .T. ) ;
#1659 = AXIS2_PLACEMENT_3D ( 'NONE', #906, #869, #577 ) ;
#1661 = DIRECTION ( 'NONE',  ( 0.000000000000000000, 0.000000000000000000, 1.000000000000000000 ) ) ;
#1662 = ORIENTED_EDGE ( 'NONE', *, *, #3440, .T. ) ;
#1663 = FACE_OUTER_BOUND ( 'NONE', #3607, .T. ) ;
#1664 = CIRCLE ( 'NONE', #2600, 30.50000000000000000 ) ;
#1665 = DIRECTION ( 'NONE',  ( -0.000000000000000000, -1.000000000000000000, -0.000000000000000000 ) ) ;
#1666 = EDGE_CURVE ( 'NONE', #290, #926, #239, .T. ) ;
#1667 = AXIS2_PLACEMENT_3D ( 'NONE', #3253, #2580, #1986 ) ;
#1668 = VERTEX_POINT ( 'NONE', #1806 ) ;
#1669 = CARTESIAN_POINT ( 'NONE',  ( -59.63781478072815645, 12.49657050444530171, -2.200000000000007283 ) ) ;
#1670 = EDGE_LOOP ( 'NONE', ( #1530, #539, #3347, #1542 ) ) ;
#1671 = AXIS2_PLACEMENT_3D ( 'NONE', #491, #433, #3598 ) ;
#1672 = ORIENTED_EDGE ( 'NONE', *, *, #2558, .T. ) ;
#1673 = CARTESIAN_POINT ( 'NONE',  ( -6.087814780728155739, 14.49657050444530526, -1.500000000000004885 ) ) ;
#1674 = ADVANCED_FACE ( 'NONE', ( #1199 ), #1157, .T. ) ;
#1675 = LINE ( 'NONE', #471, #2478 ) ;
#1676 = ORIENTED_EDGE ( 'NONE', *, *, #2309, .T. ) ;
#1677 = PRODUCT_DEFINITION_CONTEXT ( 'detailed design', #1932, 'design' ) ;
#1678 = DIRECTION ( 'NONE',  ( -0.000000000000000000, 1.000000000000000000, -0.000000000000000000 ) ) ;
#1679 =( NAMED_UNIT ( * ) PLANE_ANGLE_UNIT ( ) SI_UNIT ( $, .RADIAN. ) );
#1680 = DIRECTION ( 'NONE',  ( 1.000000000000000000, 0.000000000000000000, 0.000000000000000000 ) ) ;
#1681 = EDGE_CURVE ( 'NONE', #1455, #3901, #2793, .T. ) ;
#1682 = DIRECTION ( 'NONE',  ( -0.000000000000000000, 1.000000000000000000, -0.000000000000000000 ) ) ;
#1683 = DIRECTION ( 'NONE',  ( -0.000000000000000000, -1.000000000000000000, -0.000000000000000000 ) ) ;
#1684 = FACE_OUTER_BOUND ( 'NONE', #2545, .T. ) ;
#1685 = ORIENTED_EDGE ( 'NONE', *, *, #307, .F. ) ;
#1686 = ORIENTED_EDGE ( 'NONE', *, *, #3053, .T. ) ;
#1687 = FACE_OUTER_BOUND ( 'NONE', #1768, .T. ) ;
#1688 = ORIENTED_EDGE ( 'NONE', *, *, #3848, .T. ) ;
#1689 = DIRECTION ( 'NONE',  ( 0.000000000000000000, -0.000000000000000000, 1.000000000000000000 ) ) ;
#1690 = VECTOR ( 'NONE', #1161, 1000.000000000000000 ) ;
#1691 = VECTOR ( 'NONE', #3206, 1000.000000000000000 ) ;
#1692 = CARTESIAN_POINT ( 'NONE',  ( 31.16218521927184426, -46.50342949555435723, 0.000000000000000000 ) ) ;
#1693 = ORIENTED_EDGE ( 'NONE', *, *, #1224, .T. ) ;
#1694 = EDGE_LOOP ( 'NONE', ( #4088, #2437, #3972, #752 ) ) ;
#1695 = VECTOR ( 'NONE', #273, 1000.000000000000000 ) ;
#1696 = ORIENTED_EDGE ( 'NONE', *, *, #2648, .F. ) ;
#1697 = CARTESIAN_POINT ( 'NONE',  ( 47.46218521927218603, -48.50342949555436434, -2.200000000000004619 ) ) ;
#1698 = DIRECTION ( 'NONE',  ( 0.000000000000000000, 0.000000000000000000, 1.000000000000000000 ) ) ;
#1699 = DIRECTION ( 'NONE',  ( 1.000000000000000000, -2.478176394252582127E-16, 0.000000000000000000 ) ) ;
#1700 = ORIENTED_EDGE ( 'NONE', *, *, #1666, .F. ) ;
#1701 = ADVANCED_FACE ( 'NONE', ( #2832 ), #2560, .F. ) ;
#1702 = FILL_AREA_STYLE ('',( #1024 ) ) ;
#1703 = EDGE_CURVE ( 'NONE', #1880, #1740, #3232, .T. ) ;
#1704 = EDGE_LOOP ( 'NONE', ( #2291, #46, #2161, #2646, #1521, #3265 ) ) ;
#1705 = ORIENTED_EDGE ( 'NONE', *, *, #131, .F. ) ;
#1706 = DIRECTION ( 'NONE',  ( 1.000000000000000000, 0.000000000000000000, -0.000000000000000000 ) ) ;
#1707 = EDGE_LOOP ( 'NONE', ( #3995, #3239, #2002, #2654 ) ) ;
#1708 = CARTESIAN_POINT ( 'NONE',  ( 32.66218521927219598, -18.50342949555436434, 0.000000000000000000 ) ) ;
#1709 = EDGE_CURVE ( 'NONE', #1717, #1243, #167, .T. ) ;
#1710 = LINE ( 'NONE', #1769, #1952 ) ;
#1711 = ORIENTED_EDGE ( 'NONE', *, *, #2285, .F. ) ;
#1712 = ORIENTED_EDGE ( 'NONE', *, *, #1681, .F. ) ;
#1713 = ORIENTED_EDGE ( 'NONE', *, *, #1479, .T. ) ;
#1714 = CARTESIAN_POINT ( 'NONE',  ( -14.08781478072798699, -50.50342949555436434, -2.200000000000004619 ) ) ;
#1715 = DIRECTION ( 'NONE',  ( -0.000000000000000000, -1.000000000000000000, -0.000000000000000000 ) ) ;
#1716 = LINE ( 'NONE', #3937, #2732 ) ;
#1717 = VERTEX_POINT ( 'NONE', #1257 ) ;
#1718 = CARTESIAN_POINT ( 'NONE',  ( -35.75000000000000711, 0.000000000000000000, 13.19999999999999929 ) ) ;
#1719 = VECTOR ( 'NONE', #3009, 1000.000000000000000 ) ;
#1720 = LINE ( 'NONE', #1088, #1010 ) ;
#1721 = EDGE_CURVE ( 'NONE', #2425, #3551, #387, .T. ) ;
#1722 = DIRECTION ( 'NONE',  ( 0.000000000000000000, 0.000000000000000000, 1.000000000000000000 ) ) ;
#1723 = EDGE_LOOP ( 'NONE', ( #3226, #2653, #2566, #1647, #3923, #358 ) ) ;
#1724 = ORIENTED_EDGE ( 'NONE', *, *, #531, .T. ) ;
#1725 = DIRECTION ( 'NONE',  ( -0.000000000000000000, 1.000000000000000000, -0.000000000000000000 ) ) ;
#1726 = ADVANCED_FACE ( 'NONE', ( #3845 ), #2503, .F. ) ;
#1727 = ORIENTED_EDGE ( 'NONE', *, *, #2189, .F. ) ;
#1728 = CARTESIAN_POINT ( 'NONE',  ( 47.46218521927219314, -18.50342949555436434, 0.000000000000000000 ) ) ;
#1729 = VECTOR ( 'NONE', #3725, 1000.000000000000000 ) ;
#1730 = CARTESIAN_POINT ( 'NONE',  ( 35.75000000000000711, -4.000000000000000000, 13.19999999999999929 ) ) ;
#1731 = EDGE_CURVE ( 'NONE', #3653, #2384, #1624, .T. ) ;
#1732 = ORIENTED_EDGE ( 'NONE', *, *, #1595, .T. ) ;
#1733 = EDGE_LOOP ( 'NONE', ( #1993, #297, #109, #3798, #3089, #3287, #966, #2751, #1845, #3973, #3481, #1254 ) ) ;
#1734 = AXIS2_PLACEMENT_3D ( 'NONE', #333, #4, #2529 ) ;
#1735 = MECHANICAL_DESIGN_GEOMETRIC_PRESENTATION_REPRESENTATION (  '', ( #4005 ), #365 ) ;
#1736 = ORIENTED_EDGE ( 'NONE', *, *, #3804, .F. ) ;
#1737 = CARTESIAN_POINT ( 'NONE',  ( -59.63781478072815645, 14.49657050444530526, -2.200000000000004619 ) ) ;
#1738 = PLANE ( 'NONE',  #2799 ) ;
#1739 = DIRECTION ( 'NONE',  ( 0.000000000000000000, 0.000000000000000000, 1.000000000000000000 ) ) ;
#1740 = VERTEX_POINT ( 'NONE', #1958 ) ;
#1741 = PLANE ( 'NONE',  #1288 ) ;
#1742 = CARTESIAN_POINT ( 'NONE',  ( 8.000000000000003553, -1.999999999999998224, 11.40000000000000036 ) ) ;
#1743 = EDGE_CURVE ( 'NONE', #607, #4002, #1642, .T. ) ;
#1744 = CYLINDRICAL_SURFACE ( 'NONE', #2736, 1.599999999999997202 ) ;
#1745 = ORIENTED_EDGE ( 'NONE', *, *, #1151, .F. ) ;
#1746 = DIRECTION ( 'NONE',  ( -0.000000000000000000, -0.000000000000000000, -1.000000000000000000 ) ) ;
#1747 = ORIENTED_EDGE ( 'NONE', *, *, #3370, .F. ) ;
#1748 = DIRECTION ( 'NONE',  ( -0.000000000000000000, 1.000000000000000000, -0.000000000000000000 ) ) ;
#1749 = EDGE_CURVE ( 'NONE', #2935, #3841, #3547, .T. ) ;
#1750 = LINE ( 'NONE', #2443, #3764 ) ;
#1751 = AXIS2_PLACEMENT_3D ( 'NONE', #1809, #4017, #3668 ) ;
#1752 = ORIENTED_EDGE ( 'NONE', *, *, #667, .T. ) ;
#1753 = ORIENTED_EDGE ( 'NONE', *, *, #3268, .F. ) ;
#1754 = AXIS2_PLACEMENT_3D ( 'NONE', #2299, #158, #2323 ) ;
#1755 = ADVANCED_FACE ( 'NONE', ( #1603 ), #2283, .T. ) ;
#1756 = LINE ( 'NONE', #532, #1948 ) ;
#1757 = DIRECTION ( 'NONE',  ( -1.000000000000000000, 0.000000000000000000, 0.000000000000000000 ) ) ;
#1758 = VECTOR ( 'NONE', #401, 1000.000000000000000 ) ;
#1759 = ORIENTED_EDGE ( 'NONE', *, *, #2493, .F. ) ;
#1760 = EDGE_CURVE ( 'NONE', #1905, #837, #2874, .T. ) ;
#1761 = FILL_AREA_STYLE_COLOUR ( '', #3680 ) ;
#1762 = DIRECTION ( 'NONE',  ( -0.000000000000000000, -1.000000000000000000, -0.000000000000000000 ) ) ;
#1763 = CARTESIAN_POINT ( 'NONE',  ( 43.75000000000000000, 14.15054178657793393, 9.199999999999999289 ) ) ;
#1764 = VERTEX_POINT ( 'NONE', #1277 ) ;
#1765 = CARTESIAN_POINT ( 'NONE',  ( 53.74999999999998579, -10.00000000000000000, 16.19999999999999929 ) ) ;
#1766 = ORIENTED_EDGE ( 'NONE', *, *, #601, .T. ) ;
#1767 = CARTESIAN_POINT ( 'NONE',  ( 47.46218521927219314, 12.49657050444528927, -2.200000000000004619 ) ) ;
#1768 = EDGE_LOOP ( 'NONE', ( #1038, #2038, #959, #431 ) ) ;
#1769 = CARTESIAN_POINT ( 'NONE',  ( -53.75000000000000000, -2.000000000000000000, 1.199999999999999956 ) ) ;
#1770 = EDGE_CURVE ( 'NONE', #3323, #2148, #3525, .T. ) ;
#1771 = CARTESIAN_POINT ( 'NONE',  ( 55.75000000000000000, 0.000000000000000000, 0.000000000000000000 ) ) ;
#1772 = ORIENTED_EDGE ( 'NONE', *, *, #3072, .T. ) ;
#1773 = ADVANCED_FACE ( 'NONE', ( #2523 ), #687, .F. ) ;
#1774 = EDGE_CURVE ( 'NONE', #2297, #2253, #3486, .T. ) ;
#1775 = DIRECTION ( 'NONE',  ( 0.000000000000000000, 0.000000000000000000, 1.000000000000000000 ) ) ;
#1776 = AXIS2_PLACEMENT_3D ( 'NONE', #2599, #3559, #1266 ) ;
#1777 = CARTESIAN_POINT ( 'NONE',  ( 32.66218521927220308, -46.50342949555435723, 4.000000000000000000 ) ) ;
#1778 = VERTEX_POINT ( 'NONE', #646 ) ;
#1779 = ORIENTED_EDGE ( 'NONE', *, *, #2463, .F. ) ;
#1780 = LINE ( 'NONE', #1767, #1968 ) ;
#1781 = AXIS2_PLACEMENT_3D ( 'NONE', #1182, #2112, #554 ) ;
#1782 = EDGE_LOOP ( 'NONE', ( #327, #2138, #3930, #200 ) ) ;
#1783 = AXIS2_PLACEMENT_3D ( 'NONE', #2039, #811, #507 ) ;
#1784 = ORIENTED_EDGE ( 'NONE', *, *, #3535, .T. ) ;
#1785 = CARTESIAN_POINT ( 'NONE',  ( -59.63781478072816356, -48.50342949555435013, -3.000000000000004441 ) ) ;
#1786 = VECTOR ( 'NONE', #3812, 1000.000000000000000 ) ;
#1787 = CARTESIAN_POINT ( 'NONE',  ( 47.46218521927219314, 14.49657050444530526, 4.000000000000003553 ) ) ;
#1788 = AXIS2_PLACEMENT_3D ( 'NONE', #4098, #633, #3153 ) ;
#1789 = LINE ( 'NONE', #4035, #1203 ) ;
#1790 = ORIENTED_EDGE ( 'NONE', *, *, #1899, .T. ) ;
#1791 = PRODUCT_DEFINITION_FORMATION_WITH_SPECIFIED_SOURCE ( '任何', '', #2615, .NOT_KNOWN. ) ;
#1792 = ADVANCED_FACE ( 'NONE', ( #1891, #1935, #3164, #1581 ), #1296, .T. ) ;
#1793 = CIRCLE ( 'NONE', #1930, 1.599999999999997202 ) ;
#1794 = CARTESIAN_POINT ( 'NONE',  ( -55.75000000000000000, -10.00000000000000000, 17.19999999999999929 ) ) ;
#1795 = DIRECTION ( 'NONE',  ( -1.850371707708594366E-15, 0.000000000000000000, 1.000000000000000000 ) ) ;
#1796 = CARTESIAN_POINT ( 'NONE',  ( 29.66218521927184426, -46.50342949555435723, -3.469446951953614189E-15 ) ) ;
#1797 = CARTESIAN_POINT ( 'NONE',  ( -41.83781478072816640, -46.50342949555435723, -3.469446951953614189E-15 ) ) ;
#1798 = ORIENTED_EDGE ( 'NONE', *, *, #754, .T. ) ;
#1799 = DIRECTION ( 'NONE',  ( 1.000000000000000000, -0.000000000000000000, 0.000000000000000000 ) ) ;
#1800 = ORIENTED_EDGE ( 'NONE', *, *, #1370, .T. ) ;
#1801 = CARTESIAN_POINT ( 'NONE',  ( -59.63781478072815645, 10.49657050444530526, 0.000000000000000000 ) ) ;
#1802 = CARTESIAN_POINT ( 'NONE',  ( 7.791666477590282192, -46.50342949555435723, 0.000000000000000000 ) ) ;
#1803 = CARTESIAN_POINT ( 'NONE',  ( -41.83781478072816640, -50.50342949555436434, -3.469446951953614189E-15 ) ) ;
#1804 = ADVANCED_BREP_SHAPE_REPRESENTATION ( '', ( #2620, #3063 ), #3343 ) ;
#1805 = CARTESIAN_POINT ( 'NONE',  ( 47.46218521927218603, -50.50342949555437855, -2.200000000000004619 ) ) ;
#1806 = CARTESIAN_POINT ( 'NONE',  ( 53.74999999999998579, -10.00000000000000000, 17.19999999999999929 ) ) ;
#1807 = ORIENTED_EDGE ( 'NONE', *, *, #1833, .F. ) ;
#1808 = VECTOR ( 'NONE', #2584, 1000.000000000000000 ) ;
#1809 = CARTESIAN_POINT ( 'NONE',  ( -6.087814780727985209, -18.00342949555452776, 0.000000000000000000 ) ) ;
#1810 = VECTOR ( 'NONE', #3382, 1000.000000000000000 ) ;
#1811 = DIRECTION ( 'NONE',  ( -1.000000000000000000, 0.000000000000000000, 0.000000000000000000 ) ) ;
#1812 = EDGE_CURVE ( 'NONE', #3274, #965, #3822, .T. ) ;
#1813 = AXIS2_PLACEMENT_3D ( 'NONE', #3760, #3782, #912 ) ;
#1814 = ORIENTED_EDGE ( 'NONE', *, *, #512, .F. ) ;
#1815 = APPLICATION_CONTEXT ( 'automotive_design' ) ;
#1816 = LINE ( 'NONE', #3094, #1328 ) ;
#1817 = ORIENTED_EDGE ( 'NONE', *, *, #1196, .F. ) ;
#1818 = LINE ( 'NONE', #2710, #2305 ) ;
#1819 = ADVANCED_FACE ( 'NONE', ( #844 ), #1505, .F. ) ;
#1820 = ORIENTED_EDGE ( 'NONE', *, *, #2235, .T. ) ;
#1821 = DIRECTION ( 'NONE',  ( 0.000000000000000000, -0.000000000000000000, -1.000000000000000000 ) ) ;
#1822 = VERTEX_POINT ( 'NONE', #2092 ) ;
#1823 = DIRECTION ( 'NONE',  ( -0.000000000000000000, -1.000000000000000000, -0.000000000000000000 ) ) ;
#1824 = EDGE_CURVE ( 'NONE', #1316, #3511, #1471, .T. ) ;
#1825 = DIRECTION ( 'NONE',  ( 0.000000000000000000, -0.000000000000000000, 1.000000000000000000 ) ) ;
#1826 = DIRECTION ( 'NONE',  ( 0.000000000000000000, 0.000000000000000000, 1.000000000000000000 ) ) ;
#1827 = FACE_OUTER_BOUND ( 'NONE', #2379, .T. ) ;
#1828 = ORIENTED_EDGE ( 'NONE', *, *, #2785, .T. ) ;
#1829 = CARTESIAN_POINT ( 'NONE',  ( -6.087814780728155739, 12.49657050444547401, 1.499999999999994449 ) ) ;
#1830 = PLANE ( 'NONE',  #283 ) ;
#1831 = PLANE ( 'NONE',  #619 ) ;
#1832 = EDGE_LOOP ( 'NONE', ( #2358, #1377 ) ) ;
#1833 = EDGE_CURVE ( 'NONE', #2765, #2728, #3820, .T. ) ;
#1834 = CARTESIAN_POINT ( 'NONE',  ( 32.66218521927220308, -46.50342949555435723, 4.000000000000000000 ) ) ;
#1835 = ORIENTED_EDGE ( 'NONE', *, *, #2513, .F. ) ;
#1836 = LINE ( 'NONE', #2162, #3576 ) ;
#1837 = VECTOR ( 'NONE', #474, 1000.000000000000000 ) ;
#1838 = FACE_OUTER_BOUND ( 'NONE', #3915, .T. ) ;
#1839 = ORIENTED_EDGE ( 'NONE', *, *, #951, .F. ) ;
#1840 = EDGE_CURVE ( 'NONE', #3851, #2243, #865, .T. ) ;
#1841 = EDGE_LOOP ( 'NONE', ( #2081, #3718, #2635, #2287, #4104, #1672, #1563 ) ) ;
#1842 = CARTESIAN_POINT ( 'NONE',  ( 43.75000000000000000, -1.999999999999998224, 9.199999999999999289 ) ) ;
#1843 = ORIENTED_EDGE ( 'NONE', *, *, #3754, .T. ) ;
#1844 = VECTOR ( 'NONE', #321, 1000.000000000000000 ) ;
#1845 = ORIENTED_EDGE ( 'NONE', *, *, #652, .F. ) ;
#1846 = ADVANCED_FACE ( 'NONE', ( #1431 ), #3331, .T. ) ;
#1847 = DIRECTION ( 'NONE',  ( -0.000000000000000000, -1.000000000000000000, -0.000000000000000000 ) ) ;
#1848 = DIRECTION ( 'NONE',  ( 1.000000000000000000, 0.000000000000000000, 0.000000000000000000 ) ) ;
#1849 = FACE_OUTER_BOUND ( 'NONE', #3583, .T. ) ;
#1850 = ORIENTED_EDGE ( 'NONE', *, *, #924, .T. ) ;
#1851 = SHAPE_REPRESENTATION ( 'display', ( #3605, #1667, #3129, #97 ), #2000 ) ;
#1852 = VECTOR ( 'NONE', #3126, 1000.000000000000000 ) ;
#1853 = CARTESIAN_POINT ( 'NONE',  ( -6.087814780728155739, -46.50342949555435723, -5.204170427930421283E-15 ) ) ;
#1854 = FILL_AREA_STYLE_COLOUR ( '', #3788 ) ;
#1855 = DIRECTION ( 'NONE',  ( 0.000000000000000000, -0.000000000000000000, 1.000000000000000000 ) ) ;
#1856 = AXIS2_PLACEMENT_3D ( 'NONE', #3715, #248, #2761 ) ;
#1857 = LINE ( 'NONE', #1591, #3602 ) ;
#1858 = ORIENTED_EDGE ( 'NONE', *, *, #3292, .T. ) ;
#1859 =( GEOMETRIC_REPRESENTATION_CONTEXT ( 3 ) GLOBAL_UNCERTAINTY_ASSIGNED_CONTEXT ( ( #3894 ) ) GLOBAL_UNIT_ASSIGNED_CONTEXT ( ( #2371, #3645, #3979 ) ) REPRESENTATION_CONTEXT ( 'NONE', 'WORKASPACE' ) );
#1860 = LINE ( 'NONE', #250, #3222 ) ;
#1861 = AXIS2_PLACEMENT_3D ( 'NONE', #778, #1442, #2025 ) ;
#1862 = DIRECTION ( 'NONE',  ( 0.000000000000000000, 0.000000000000000000, 1.000000000000000000 ) ) ;
#1863 = DIRECTION ( 'NONE',  ( 0.000000000000000000, 0.000000000000000000, -1.000000000000000000 ) ) ;
#1864 = ORIENTED_EDGE ( 'NONE', *, *, #3621, .T. ) ;
#1865 = ORIENTED_EDGE ( 'NONE', *, *, #1273, .T. ) ;
#1866 = DIRECTION ( 'NONE',  ( 1.067522139062655725E-16, 1.000000000000000000, 0.000000000000000000 ) ) ;
#1867 = LINE ( 'NONE', #643, #1396 ) ;
#1868 = ADVANCED_FACE ( 'NONE', ( #2049 ), #1741, .F. ) ;
#1869 = CARTESIAN_POINT ( 'NONE',  ( -17.97074738096942781, 10.49657050444530526, -0.8366659531755463730 ) ) ;
#1870 = DIRECTION ( 'NONE',  ( -1.000000000000000000, 0.000000000000000000, 0.000000000000000000 ) ) ;
#1871 = DIRECTION ( 'NONE',  ( 1.000000000000000000, 0.000000000000000000, 0.000000000000000000 ) ) ;
#1872 = ORIENTED_EDGE ( 'NONE', *, *, #4024, .F. ) ;
#1873 = EDGE_CURVE ( 'NONE', #79, #2349, #2433, .T. ) ;
#1874 = CARTESIAN_POINT ( 'NONE',  ( 1.912185219272014347, -48.50342949555436434, -2.200000000000004619 ) ) ;
#1875 = VECTOR ( 'NONE', #1380, 1000.000000000000000 ) ;
#1876 = CYLINDRICAL_SURFACE ( 'NONE', #2255, 1.599999999999997202 ) ;
#1877 = EDGE_CURVE ( 'NONE', #2319, #576, #2110, .T. ) ;
#1878 = AXIS2_PLACEMENT_3D ( 'NONE', #2913, #85, #446 ) ;
#1879 = CARTESIAN_POINT ( 'NONE',  ( -41.83781478072816640, 10.49657050444530526, -1.500000000000007327 ) ) ;
#1880 = VERTEX_POINT ( 'NONE', #3389 ) ;
#1881 = DIRECTION ( 'NONE',  ( -0.000000000000000000, 0.000000000000000000, 1.000000000000000000 ) ) ;
#1882 = CARTESIAN_POINT ( 'NONE',  ( -52.63781478072815645, 12.49657050444530171, -2.200000000000004619 ) ) ;
#1883 = VECTOR ( 'NONE', #542, 1000.000000000000000 ) ;
#1884 = DIRECTION ( 'NONE',  ( -0.000000000000000000, 0.000000000000000000, -1.000000000000000000 ) ) ;
#1885 = ORIENTED_EDGE ( 'NONE', *, *, #1046, .F. ) ;
#1886 = ORIENTED_EDGE ( 'NONE', *, *, #1171, .T. ) ;
#1887 = FACE_OUTER_BOUND ( 'NONE', #1094, .T. ) ;
#1888 = DIRECTION ( 'NONE',  ( 1.000000000000000000, 0.000000000000000000, 0.000000000000000000 ) ) ;
#1889 = DIRECTION ( 'NONE',  ( -0.000000000000000000, 1.000000000000000000, -0.000000000000000000 ) ) ;
#1890 = EDGE_CURVE ( 'NONE', #1822, #3726, #825, .T. ) ;
#1891 = FACE_OUTER_BOUND ( 'NONE', #2044, .T. ) ;
#1892 = DIRECTION ( 'NONE',  ( 1.000000000000000000, 0.000000000000000000, -0.000000000000000000 ) ) ;
#1893 = VERTEX_POINT ( 'NONE', #2072 ) ;
#1894 = FACE_OUTER_BOUND ( 'NONE', #2114, .T. ) ;
#1895 = EDGE_CURVE ( 'NONE', #3572, #1412, #3351, .T. ) ;
#1896 = CIRCLE ( 'NONE', #2830, 1.600000000000000755 ) ;
#1897 = LINE ( 'NONE', #1586, #2521 ) ;
#1898 = FACE_OUTER_BOUND ( 'NONE', #1782, .T. ) ;
#1899 = EDGE_CURVE ( 'NONE', #2525, #1960, #209, .T. ) ;
#1900 = LINE ( 'NONE', #139, #3998 ) ;
#1901 = DIRECTION ( 'NONE',  ( -0.000000000000000000, -1.000000000000000000, -0.000000000000000000 ) ) ;
#1902 = DIRECTION ( 'NONE',  ( 0.000000000000000000, -1.000000000000000000, 0.000000000000000000 ) ) ;
#1903 = VERTEX_POINT ( 'NONE', #2174 ) ;
#1904 = FACE_BOUND ( 'NONE', #2416, .T. ) ;
#1905 = VERTEX_POINT ( 'NONE', #27 ) ;
#1906 = AXIS2_PLACEMENT_3D ( 'NONE', #3495, #3856, #3878 ) ;
#1907 = CARTESIAN_POINT ( 'NONE',  ( -6.626331261441591458, 12.49181603551145692, 1.400000000000000133 ) ) ;
#1908 = CARTESIAN_POINT ( 'NONE',  ( -5.549298300014720908, -48.49867502662052487, 1.400000000000000133 ) ) ;
#1909 = DIRECTION ( 'NONE',  ( 0.000000000000000000, 0.000000000000000000, 1.000000000000000000 ) ) ;
#1910 = CARTESIAN_POINT ( 'NONE',  ( -53.75000000000000000, -10.00000000000000000, 17.19999999999999929 ) ) ;
#1911 = ORIENTED_EDGE ( 'NONE', *, *, #777, .T. ) ;
#1912 = AXIS2_PLACEMENT_3D ( 'NONE', #1090, #766, #2012 ) ;
#1913 = PRODUCT_DEFINITION ( '未知', '', #1791, #1263 ) ;
#1914 = CARTESIAN_POINT ( 'NONE',  ( -6.087814780728155739, 10.49657050444530526, 1.499999999999994449 ) ) ;
#1915 = EDGE_LOOP ( 'NONE', ( #2164, #791, #3921, #4074, #795, #2332 ) ) ;
#1916 = CARTESIAN_POINT ( 'NONE',  ( -7.999999999999996447, -4.000000000000000000, 11.40000000000000036 ) ) ;
#1917 = EDGE_CURVE ( 'NONE', #464, #3298, #2194, .T. ) ;
#1918 = VECTOR ( 'NONE', #2774, 1000.000000000000000 ) ;
#1919 = DIRECTION ( 'NONE',  ( 0.000000000000000000, 0.000000000000000000, -1.000000000000000000 ) ) ;
#1920 = DIRECTION ( 'NONE',  ( 0.000000000000000000, 0.000000000000000000, -1.000000000000000000 ) ) ;
#1921 = FACE_OUTER_BOUND ( 'NONE', #1733, .T. ) ;
#1922 = VECTOR ( 'NONE', #849, 1000.000000000000000 ) ;
#1923 = CIRCLE ( 'NONE', #295, 1.600000000000000755 ) ;
#1924 = CARTESIAN_POINT ( 'NONE',  ( 55.75000000000000000, -10.00000000000000000, 0.000000000000000000 ) ) ;
#1925 = EDGE_CURVE ( 'NONE', #2370, #1166, #449, .T. ) ;
#1926 = FACE_OUTER_BOUND ( 'NONE', #3609, .T. ) ;
#1927 = CARTESIAN_POINT ( 'NONE',  ( -53.75000000000000000, -2.000000000000000000, 16.19999999999999929 ) ) ;
#1928 = ORIENTED_EDGE ( 'NONE', *, *, #880, .F. ) ;
#1929 = ORIENTED_EDGE ( 'NONE', *, *, #1899, .F. ) ;
#1930 = AXIS2_PLACEMENT_3D ( 'NONE', #3005, #115, #2300 ) ;
#1931 = DIRECTION ( 'NONE',  ( 0.000000000000000000, 1.000000000000000000, 0.000000000000000000 ) ) ;
#1932 = APPLICATION_CONTEXT ( 'automotive_design' ) ;
#1933 = ADVANCED_FACE ( 'NONE', ( #1894 ), #3107, .F. ) ;
#1934 = FACE_OUTER_BOUND ( 'NONE', #3570, .T. ) ;
#1935 = FACE_BOUND ( 'NONE', #178, .T. ) ;
#1936 = DIRECTION ( 'NONE',  ( -0.000000000000000000, 0.000000000000000000, -1.000000000000000000 ) ) ;
#1937 = ORIENTED_EDGE ( 'NONE', *, *, #531, .F. ) ;
#1938 = VECTOR ( 'NONE', #1083, 1000.000000000000000 ) ;
#1939 = CARTESIAN_POINT ( 'NONE',  ( 8.000000000000000000, 14.15054178657793393, 11.40000000000000036 ) ) ;
#1940 = FACE_OUTER_BOUND ( 'NONE', #2013, .T. ) ;
#1941 = EDGE_LOOP ( 'NONE', ( #2966, #1605, #421, #3753 ) ) ;
#1942 = LINE ( 'NONE', #2967, #2057 ) ;
#1943 =( LENGTH_UNIT ( ) NAMED_UNIT ( * ) SI_UNIT ( .MILLI., .METRE. ) );
#1944 = AXIS2_PLACEMENT_3D ( 'NONE', #22, #2851, #2539 ) ;
#1945 = CARTESIAN_POINT ( 'NONE',  ( -35.75000000000000711, -4.000000000000000000, 14.79999999999999716 ) ) ;
#1946 = EDGE_CURVE ( 'NONE', #2019, #1152, #2482, .T. ) ;
#1947 = DIRECTION ( 'NONE',  ( -0.000000000000000000, 0.000000000000000000, 1.000000000000000000 ) ) ;
#1948 = VECTOR ( 'NONE', #3688, 1000.000000000000000 ) ;
#1949 = ORIENTED_EDGE ( 'NONE', *, *, #1490, .T. ) ;
#1950 = ORIENTED_EDGE ( 'NONE', *, *, #1018, .F. ) ;
#1951 = CARTESIAN_POINT ( 'NONE',  ( 40.46218521927218603, -48.50342949555436434, -2.200000000000004619 ) ) ;
#1952 = VECTOR ( 'NONE', #1460, 1000.000000000000000 ) ;
#1953 = EDGE_CURVE ( 'NONE', #3682, #2676, #3889, .T. ) ;
#1954 = ORIENTED_EDGE ( 'NONE', *, *, #1890, .F. ) ;
#1955 = VECTOR ( 'NONE', #2747, 1000.000000000000000 ) ;
#1956 = CARTESIAN_POINT ( 'NONE',  ( 53.75000000000000000, -2.000000000000000000, 1.199999999999999956 ) ) ;
#1957 = EDGE_CURVE ( 'NONE', #1331, #2796, #2083, .T. ) ;
#1958 = CARTESIAN_POINT ( 'NONE',  ( 0.000000000000000000, -4.000000000000000000, 11.59999999999999964 ) ) ;
#1959 = DIRECTION ( 'NONE',  ( 1.000000000000000000, 0.000000000000000000, 0.000000000000000000 ) ) ;
#1960 = VERTEX_POINT ( 'NONE', #3168 ) ;
#1961 = ORIENTED_EDGE ( 'NONE', *, *, #3151, .F. ) ;
#1962 = DIRECTION ( 'NONE',  ( -1.000000000000000000, 0.000000000000000000, 0.000000000000000000 ) ) ;
#1963 = CARTESIAN_POINT ( 'NONE',  ( -41.83781478072816640, 10.49657050444530526, -3.469446951953614189E-15 ) ) ;
#1964 = ORIENTED_EDGE ( 'NONE', *, *, #2509, .F. ) ;
#1965 = CARTESIAN_POINT ( 'NONE',  ( -6.987814780728163200, 10.49657050444530526, -1.199999999999999956 ) ) ;
#1966 = SHAPE_DEFINITION_REPRESENTATION ( #4053, #2123 ) ;
#1967 = CARTESIAN_POINT ( 'NONE',  ( 29.66218521927184426, -46.50342949555435723, 1.499999999999997113 ) ) ;
#1968 = VECTOR ( 'NONE', #216, 1000.000000000000000 ) ;
#1969 = EDGE_CURVE ( 'NONE', #2099, #155, #3430, .T. ) ;
#1970 = ORIENTED_EDGE ( 'NONE', *, *, #2163, .T. ) ;
#1971 = ORIENTED_EDGE ( 'NONE', *, *, #428, .F. ) ;
#1972 = DIRECTION ( 'NONE',  ( -1.000000000000000000, 0.000000000000000000, 0.000000000000000000 ) ) ;
#1973 = VERTEX_POINT ( 'NONE', #3130 ) ;
#1974 = CYLINDRICAL_SURFACE ( 'NONE', #2857, 1.500000000000000666 ) ;
#1975 = ADVANCED_FACE ( 'NONE', ( #346 ), #1525, .F. ) ;
#1976 = DIRECTION ( 'NONE',  ( -0.000000000000000000, -1.000000000000000000, -0.000000000000000000 ) ) ;
#1977 = ORIENTED_EDGE ( 'NONE', *, *, #2683, .F. ) ;
#1978 = CARTESIAN_POINT ( 'NONE',  ( 35.75000000000000711, 0.000000000000000000, 14.79999999999999716 ) ) ;
#1979 = EDGE_LOOP ( 'NONE', ( #1077, #863, #1736, #3606 ) ) ;
#1980 = VECTOR ( 'NONE', #1384, 1000.000000000000000 ) ;
#1981 = VERTEX_POINT ( 'NONE', #2858 ) ;
#1982 = DIRECTION ( 'NONE',  ( 0.000000000000000000, 1.000000000000000000, 0.000000000000000000 ) ) ;
#1983 = FACE_OUTER_BOUND ( 'NONE', #744, .T. ) ;
#1984 = VERTEX_POINT ( 'NONE', #1874 ) ;
#1985 = CARTESIAN_POINT ( 'NONE',  ( -6.087814780728155739, -50.50342949555436434, -5.204170427930421283E-15 ) ) ;
#1986 = DIRECTION ( 'NONE',  ( 1.000000000000000000, 0.000000000000000000, 0.000000000000000000 ) ) ;
#1987 = PLANE ( 'NONE',  #665 ) ;
#1988 = LINE ( 'NONE', #2663, #1398 ) ;
#1989 = VECTOR ( 'NONE', #3185, 1000.000000000000000 ) ;
#1990 = AXIS2_PLACEMENT_3D ( 'NONE', #1109, #397, #76 ) ;
#1991 = VERTEX_POINT ( 'NONE', #3148 ) ;
#1993 = ORIENTED_EDGE ( 'NONE', *, *, #864, .T. ) ;
#1992 = VECTOR ( 'NONE', #1959, 1000.000000000000000 ) ;
#1994 = DIRECTION ( 'NONE',  ( -0.000000000000000000, -0.000000000000000000, -1.000000000000000000 ) ) ;
#1995 = ORIENTED_EDGE ( 'NONE', *, *, #2309, .F. ) ;
#1996 = CARTESIAN_POINT ( 'NONE',  ( 47.66218521927218887, 10.49657050444530526, 0.000000000000000000 ) ) ;
#1997 = PRESENTATION_LAYER_ASSIGNMENT (  '', '', ( #4005 ) ) ;
#1998 = B_SPLINE_CURVE_WITH_KNOTS ( 'NONE', 3,
 ( #1275, #1869, #3803, #1217 ),
 .UNSPECIFIED., .F., .F.,
 ( 4, 4 ),
 ( 3.634908046050479256E-18, 0.003246611082086669868 ),
 .UNSPECIFIED. ) ;
#1999 = CARTESIAN_POINT ( 'NONE',  ( 35.75000000000000711, 0.001000000000000132727, 14.79999999999999716 ) ) ;
#2000 =( GEOMETRIC_REPRESENTATION_CONTEXT ( 3 ) GLOBAL_UNCERTAINTY_ASSIGNED_CONTEXT ( ( #1547 ) ) GLOBAL_UNIT_ASSIGNED_CONTEXT ( ( #2947, #1679, #2546 ) ) REPRESENTATION_CONTEXT ( 'NONE', 'WORKASPACE' ) );
#2001 = ORIENTED_EDGE ( 'NONE', *, *, #8, .T. ) ;
#2002 = ORIENTED_EDGE ( 'NONE', *, *, #324, .T. ) ;
#2003 = EDGE_CURVE ( 'NONE', #2312, #1461, #1566, .T. ) ;
#2004 = ORIENTED_EDGE ( 'NONE', *, *, #2911, .F. ) ;
#2005 = DIRECTION ( 'NONE',  ( -0.000000000000000000, 1.000000000000000000, -0.000000000000000000 ) ) ;
#2006 = DIRECTION ( 'NONE',  ( -1.000000000000000000, 0.000000000000000000, 0.000000000000000000 ) ) ;
#2007 = DIRECTION ( 'NONE',  ( -0.000000000000000000, -1.000000000000000000, -0.000000000000000000 ) ) ;
#2008 = ORIENTED_EDGE ( 'NONE', *, *, #2321, .T. ) ;
#2009 = EDGE_CURVE ( 'NONE', #734, #1395, #3447, .T. ) ;
#2010 = CARTESIAN_POINT ( 'NONE',  ( -35.75000000000000711, -4.000000000000000000, 14.79999999999999716 ) ) ;
#2011 = EDGE_CURVE ( 'NONE', #184, #1504, #899, .T. ) ;
#2012 = DIRECTION ( 'NONE',  ( 0.000000000000000000, 0.000000000000000000, 1.000000000000000000 ) ) ;
#2013 = EDGE_LOOP ( 'NONE', ( #2404, #2758, #1724, #1509 ) ) ;
#2014 = DIRECTION ( 'NONE',  ( 0.000000000000000000, 1.000000000000000000, 0.000000000000000000 ) ) ;
#2015 = ORIENTED_EDGE ( 'NONE', *, *, #3230, .F. ) ;
#2016 = DIRECTION ( 'NONE',  ( 0.000000000000000000, 0.000000000000000000, -1.000000000000000000 ) ) ;
#2017 = VECTOR ( 'NONE', #960, 1000.000000000000000 ) ;
#2018 = SURFACE_STYLE_FILL_AREA ( #132 ) ;
#2019 = VERTEX_POINT ( 'NONE', #1606 ) ;
#2020 = ORIENTED_EDGE ( 'NONE', *, *, #2189, .T. ) ;
#2021 = AXIS2_PLACEMENT_3D ( 'NONE', #2606, #1661, #361 ) ;
#2022 = EDGE_CURVE ( 'NONE', #1235, #2971, #2818, .T. ) ;
#2023 = ORIENTED_EDGE ( 'NONE', *, *, #1653, .T. ) ;
#2024 = CARTESIAN_POINT ( 'NONE',  ( -19.96729603904625350, -46.50342949555435723, 0.000000000000000000 ) ) ;
#2025 = DIRECTION ( 'NONE',  ( 1.000000000000000000, 0.000000000000000000, 0.000000000000000000 ) ) ;
#2026 = CARTESIAN_POINT ( 'NONE',  ( -43.33781478072816640, -46.50342949555435723, 1.232595164407830946E-29 ) ) ;
#2027 = ORIENTED_EDGE ( 'NONE', *, *, #4068, .T. ) ;
#2028 = CARTESIAN_POINT ( 'NONE',  ( -53.75000000000000000, -4.000000000000000000, 17.19999999999999929 ) ) ;
#2029 = VECTOR ( 'NONE', #3408, 1000.000000000000000 ) ;
#2030 = EDGE_CURVE ( 'NONE', #147, #1132, #2507, .T. ) ;
#2031 = CARTESIAN_POINT ( 'NONE',  ( 23.74999999999997158, -2.000000000000000000, 1.199999999999998179 ) ) ;
#2032 = CARTESIAN_POINT ( 'NONE',  ( 53.75000000000000000, -4.000000000000000000, 16.19999999999999929 ) ) ;
#2033 = LINE ( 'NONE', #2307, #355 ) ;
#2034 = EDGE_CURVE ( 'NONE', #1556, #530, #112, .T. ) ;
#2035 = ORIENTED_EDGE ( 'NONE', *, *, #652, .T. ) ;
#2036 = ORIENTED_EDGE ( 'NONE', *, *, #1052, .F. ) ;
#2037 = CARTESIAN_POINT ( 'NONE',  ( -52.63781478072816356, -48.50342949555435013, -2.200000000000004619 ) ) ;
#2038 = ORIENTED_EDGE ( 'NONE', *, *, #2865, .F. ) ;
#2039 = CARTESIAN_POINT ( 'NONE',  ( -14.08781478072797988, 12.49657050444528927, -2.200000000000004619 ) ) ;
#2040 = APPLICATION_CONTEXT ( 'automotive_design' ) ;
#2041 = LINE ( 'NONE', #3363, #3428 ) ;
#2042 = ORIENTED_EDGE ( 'NONE', *, *, #2483, .T. ) ;
#2043 = ORIENTED_EDGE ( 'NONE', *, *, #2583, .F. ) ;
#2044 = EDGE_LOOP ( 'NONE', ( #3224, #1817, #1028, #434, #1353, #1016, #3965, #3908, #986, #2970, #1361, #488 ) ) ;
#2045 = CARTESIAN_POINT ( 'NONE',  ( 24.41218521927201834, -18.00342949555452776, -1.199999999999992628 ) ) ;
#2046 = CARTESIAN_POINT ( 'NONE',  ( -6.087814780727985209, -18.00342949555452776, 4.000000000000000000 ) ) ;
#2047 = DIRECTION ( 'NONE',  ( -0.000000000000000000, -1.000000000000000000, -0.000000000000000000 ) ) ;
#2048 = ORIENTED_EDGE ( 'NONE', *, *, #1917, .T. ) ;
#2049 = FACE_OUTER_BOUND ( 'NONE', #2310, .T. ) ;
#2050 = LINE ( 'NONE', #765, #1719 ) ;
#2051 = CARTESIAN_POINT ( 'NONE',  ( -52.63781478072815645, 14.49657050444530348, -3.000000000000004441 ) ) ;
#2052 = EDGE_CURVE ( 'NONE', #2525, #3409, #2794, .T. ) ;
#2053 = LINE ( 'NONE', #536, #294 ) ;
#2054 = ORIENTED_EDGE ( 'NONE', *, *, #3340, .T. ) ;
#2055 = VERTEX_POINT ( 'NONE', #2527 ) ;
#2056 = DIRECTION ( 'NONE',  ( -0.000000000000000000, -1.000000000000000000, -0.000000000000000000 ) ) ;
#2057 = VECTOR ( 'NONE', #739, 1000.000000000000000 ) ;
#2058 = ORIENTED_EDGE ( 'NONE', *, *, #1824, .T. ) ;
#2059 = AXIS2_PLACEMENT_3D ( 'NONE', #3203, #3842, #3462 ) ;
#2060 = DIRECTION ( 'NONE',  ( 0.000000000000000000, 0.000000000000000000, 1.000000000000000000 ) ) ;
#2061 = EDGE_CURVE ( 'NONE', #399, #3138, #590, .T. ) ;
#2062 = DIRECTION ( 'NONE',  ( 1.067522139062656218E-16, 1.000000000000000000, 0.000000000000000000 ) ) ;
#2063 = ORIENTED_EDGE ( 'NONE', *, *, #2180, .T. ) ;
#2064 = VERTEX_POINT ( 'NONE', #2256 ) ;
#2065 = ADVANCED_FACE ( 'NONE', ( #3934 ), #3552, .T. ) ;
#2066 = VECTOR ( 'NONE', #11, 1000.000000000000000 ) ;
#2067 = DIRECTION ( 'NONE',  ( 0.000000000000000000, 0.000000000000000000, -1.000000000000000000 ) ) ;
#2068 = CARTESIAN_POINT ( 'NONE',  ( 32.66218521927220308, -46.50342949555435723, 0.000000000000000000 ) ) ;
#2069 = CYLINDRICAL_SURFACE ( 'NONE', #292, 1.499999999999999556 ) ;
#2070 = ORIENTED_EDGE ( 'NONE', *, *, #4045, .F. ) ;
#2071 = ITEM_DEFINED_TRANSFORMATION ( 'NONE', 'NONE', #97,  #3063 ) ;
#2072 = CARTESIAN_POINT ( 'NONE',  ( -6.087814780728155739, -48.50342949555453487, 1.499999999999994449 ) ) ;
#2073 = LINE ( 'NONE', #3981, #1450 ) ;
#2074 = DIRECTION ( 'NONE',  ( -8.673617379884027583E-16, -1.000000000000000000, 0.000000000000000000 ) ) ;
#2075 = VERTEX_POINT ( 'NONE', #1041 ) ;
#2076 = EDGE_CURVE ( 'NONE', #3438, #2604, #3758, .T. ) ;
#2077 = LINE ( 'NONE', #3054, #1165 ) ;
#2078 = ORIENTED_EDGE ( 'NONE', *, *, #2104, .F. ) ;
#2079 = CARTESIAN_POINT ( 'NONE',  ( -6.087814780727985209, -18.00342949555452776, -1.199999999999992628 ) ) ;
#2080 = EDGE_CURVE ( 'NONE', #79, #2633, #3530, .T. ) ;
#2081 = ORIENTED_EDGE ( 'NONE', *, *, #573, .F. ) ;
#2082 = DIRECTION ( 'NONE',  ( -1.000000000000000000, 0.000000000000000000, 0.000000000000000000 ) ) ;
#2083 = CIRCLE ( 'NONE', #2544, 1.500000000000003997 ) ;
#2084 = VERTEX_POINT ( 'NONE', #3872 ) ;
#2085 = EDGE_LOOP ( 'NONE', ( #2586, #67, #3316, #2322 ) ) ;
#2086 = EDGE_CURVE ( 'NONE', #1960, #2159, #3419, .T. ) ;
#2087 = ORIENTED_EDGE ( 'NONE', *, *, #460, .F. ) ;
#2088 = DIRECTION ( 'NONE',  ( 0.000000000000000000, -1.000000000000000000, 0.000000000000000000 ) ) ;
#2089 = CARTESIAN_POINT ( 'NONE',  ( 1.912185219272014347, -48.50342949555436434, -3.000000000000004441 ) ) ;
#2090 = AXIS2_PLACEMENT_3D ( 'NONE', #2336, #1725, #148 ) ;
#2091 = EDGE_LOOP ( 'NONE', ( #3590, #1950 ) ) ;
#2092 = CARTESIAN_POINT ( 'NONE',  ( 23.74999999999997158, -2.000000000000000000, 1.199999999999998179 ) ) ;
#2093 = DIRECTION ( 'NONE',  ( 0.000000000000000000, -1.000000000000000000, 0.000000000000000000 ) ) ;
#2094 = DIRECTION ( 'NONE',  ( 0.000000000000000000, 0.000000000000000000, -1.000000000000000000 ) ) ;
#2095 = CARTESIAN_POINT ( 'NONE',  ( -8.000000000000000000, -4.000000000000000000, 11.40000000000000036 ) ) ;
#2096 = EDGE_LOOP ( 'NONE', ( #4025, #726, #1937, #3790 ) ) ;
#2097 = CARTESIAN_POINT ( 'NONE',  ( -8.000000000000000000, 14.15054178657793393, 9.199999999999999289 ) ) ;
#2098 = VECTOR ( 'NONE', #280, 1000.000000000000000 ) ;
#2099 = VERTEX_POINT ( 'NONE', #2024 ) ;
#2100 = DIRECTION ( 'NONE',  ( 1.000000000000000000, 0.000000000000000000, 0.000000000000000000 ) ) ;
#2101 = DIRECTION ( 'NONE',  ( -1.000000000000000000, 4.336808689942013792E-16, 0.000000000000000000 ) ) ;
#2102 = LINE ( 'NONE', #1785, #3729 ) ;
#2103 = LINE ( 'NONE', #3424, #3045 ) ;
#2104 = EDGE_CURVE ( 'NONE', #3161, #3275, #3694, .T. ) ;
#2105 = LINE ( 'NONE', #4033, #1810 ) ;
#2106 = DIRECTION ( 'NONE',  ( 0.000000000000000000, 0.000000000000000000, -1.000000000000000000 ) ) ;
#2107 = DIRECTION ( 'NONE',  ( -0.000000000000000000, 1.000000000000000000, -0.000000000000000000 ) ) ;
#2108 = VERTEX_POINT ( 'NONE', #2346 ) ;
#2109 = EDGE_CURVE ( 'NONE', #3933, #3665, #2278, .T. ) ;
#2110 = LINE ( 'NONE', #3030, #4020 ) ;
#2111 =( NAMED_UNIT ( * ) SI_UNIT ( $, .STERADIAN. ) SOLID_ANGLE_UNIT ( ) );
#2112 = DIRECTION ( 'NONE',  ( 0.000000000000000000, -1.000000000000000000, 0.000000000000000000 ) ) ;
#2113 = VECTOR ( 'NONE', #3482, 1000.000000000000000 ) ;
#2114 = EDGE_LOOP ( 'NONE', ( #1759, #3911, #3637, #2365 ) ) ;
#2115 = CARTESIAN_POINT ( 'NONE',  ( 29.66218521927184426, -46.50342949555435723, -3.469446951953614189E-15 ) ) ;
#2116 = ORIENTED_EDGE ( 'NONE', *, *, #2400, .T. ) ;
#2117 = CARTESIAN_POINT ( 'NONE',  ( 32.66218521927220308, -46.50342949555435723, 4.000000000000000000 ) ) ;
#2118 = ORIENTED_EDGE ( 'NONE', *, *, #1218, .T. ) ;
#2119 = LINE ( 'NONE', #3400, #783 ) ;
#2120 = VERTEX_POINT ( 'NONE', #2637 ) ;
#2121 = LINE ( 'NONE', #2142, #2320 ) ;
#2122 = CIRCLE ( 'NONE', #2926, 1.500000000000003997 ) ;
#2123 = SHAPE_REPRESENTATION ( 'down', ( #3063 ), #2408 ) ;
#2124 = CARTESIAN_POINT ( 'NONE',  ( -8.000000000000000000, -1.999999999999998224, 11.40000000000000036 ) ) ;
#2125 = ADVANCED_FACE ( 'NONE', ( #2657 ), #3211, .T. ) ;
#2126 = AXIS2_PLACEMENT_3D ( 'NONE', #3833, #2510, #3132 ) ;
#2127 = DIRECTION ( 'NONE',  ( 0.000000000000000000, 1.000000000000000000, 0.000000000000000000 ) ) ;
#2128 = ORIENTED_EDGE ( 'NONE', *, *, #672, .T. ) ;
#2129 = COLOUR_RGB ( '',1.000000000000000000, 1.000000000000000000, 1.000000000000000000 ) ;
#2130 = CARTESIAN_POINT ( 'NONE',  ( -53.75000000000000000, -2.000000000000000000, 16.19999999999999929 ) ) ;
#2131 = EDGE_CURVE ( 'NONE', #3978, #576, #2589, .T. ) ;
#2132 = CARTESIAN_POINT ( 'NONE',  ( -43.75000000000000000, -4.000000000000000000, 11.40000000000000036 ) ) ;
#2133 = UNCERTAINTY_MEASURE_WITH_UNIT (LENGTH_MEASURE( 1.000000000000000082E-05 ), #1225, 'distance_accuracy_value', 'NONE');
#2134 = CARTESIAN_POINT ( 'NONE',  ( -8.000000000000000000, 14.15054178657793393, 11.40000000000000036 ) ) ;
#2135 = ORIENTED_EDGE ( 'NONE', *, *, #1925, .F. ) ;
#2136 = EDGE_CURVE ( 'NONE', #1053, #3214, #432, .T. ) ;
#2137 = LINE ( 'NONE', #4080, #1955 ) ;
#2138 = ORIENTED_EDGE ( 'NONE', *, *, #979, .T. ) ;
#2139 = CARTESIAN_POINT ( 'NONE',  ( 47.66218521927218887, 14.49657050444530526, -3.000000000000002665 ) ) ;
#2140 = ORIENTED_EDGE ( 'NONE', *, *, #330, .T. ) ;
#2141 = PLANE ( 'NONE',  #1039 ) ;
#2142 = CARTESIAN_POINT ( 'NONE',  ( -7.999999999999996447, 14.15054178657793393, 9.199999999999999289 ) ) ;
#2143 = CARTESIAN_POINT ( 'NONE',  ( 29.66218521927184426, -50.50342949555436434, 1.499999999999997113 ) ) ;
#2144 = AXIS2_PLACEMENT_3D ( 'NONE', #735, #2005, #70 ) ;
#2145 = CARTESIAN_POINT ( 'NONE',  ( -5.905183468820782267, -48.50301706756255271, 1.491684456870954190 ) ) ;
#2146 = CARTESIAN_POINT ( 'NONE',  ( 35.75000000000000711, -4.000000000000000000, 11.60000000000000320 ) ) ;
#2147 = CARTESIAN_POINT ( 'NONE',  ( -53.75000000000000000, -4.000000000000000000, 9.199999999999999289 ) ) ;
#2148 = VERTEX_POINT ( 'NONE', #3912 ) ;
#2149 = VECTOR ( 'NONE', #3864, 1000.000000000000000 ) ;
#2150 = EDGE_CURVE ( 'NONE', #3201, #1717, #2944, .T. ) ;
#2151 = SURFACE_STYLE_FILL_AREA ( #2173 ) ;
#2152 = DIRECTION ( 'NONE',  ( 0.000000000000000000, 0.000000000000000000, -1.000000000000000000 ) ) ;
#2153 = VECTOR ( 'NONE', #1994, 1000.000000000000000 ) ;
#2154 = FACE_OUTER_BOUND ( 'NONE', #1497, .T. ) ;
#2155 = CARTESIAN_POINT ( 'NONE',  ( -5.549298300014720908, -48.49867502662052487, 1.400000000000000133 ) ) ;
#2156 = AXIS2_PLACEMENT_3D ( 'NONE', #2934, #3202, #1051 ) ;
#2157 = EDGE_CURVE ( 'NONE', #2075, #658, #1629, .T. ) ;
#2158 = FACE_OUTER_BOUND ( 'NONE', #3281, .T. ) ;
#2159 = VERTEX_POINT ( 'NONE', #1673 ) ;
#2160 = PLANE ( 'NONE',  #3463 ) ;
#2161 = ORIENTED_EDGE ( 'NONE', *, *, #1171, .F. ) ;
#2162 = CARTESIAN_POINT ( 'NONE',  ( -59.63781478072815645, 6.366468760374541412E-15, 4.000000000000003553 ) ) ;
#2163 = EDGE_CURVE ( 'NONE', #2636, #1778, #1486, .T. ) ;
#2164 = ORIENTED_EDGE ( 'NONE', *, *, #3648, .F. ) ;
#2165 = ORIENTED_EDGE ( 'NONE', *, *, #2003, .F. ) ;
#2166 = CARTESIAN_POINT ( 'NONE',  ( -55.75000000000000000, -6.000000000000000000, 16.19999999999999929 ) ) ;
#2167 = ORIENTED_EDGE ( 'NONE', *, *, #882, .T. ) ;
#2168 = ORIENTED_EDGE ( 'NONE', *, *, #569, .T. ) ;
#2169 = CARTESIAN_POINT ( 'NONE',  ( -6.626331261441591458, 10.49657050444530526, 1.400000000000000133 ) ) ;
#2170 = PLANE ( 'NONE',  #3395 ) ;
#2171 = ORIENTED_EDGE ( 'NONE', *, *, #2802, .F. ) ;
#2172 = CONICAL_SURFACE ( 'NONE', #2709, 30.50000000000000355, 0.7853981633974410625 ) ;
#2173 = FILL_AREA_STYLE ('',( #3046 ) ) ;
#2174 = CARTESIAN_POINT ( 'NONE',  ( 1.912185219272022341, 14.49657050444529105, -2.200000000000004619 ) ) ;
#2175 = DIRECTION ( 'NONE',  ( 0.000000000000000000, -0.000000000000000000, 1.000000000000000000 ) ) ;
#2176 = CARTESIAN_POINT ( 'NONE',  ( -7.999999999999996447, -4.000000000000000000, 11.40000000000000036 ) ) ;
#2177 = LINE ( 'NONE', #3789, #948 ) ;
#2178 = ORIENTED_EDGE ( 'NONE', *, *, #1877, .T. ) ;
#2179 = CARTESIAN_POINT ( 'NONE',  ( -53.75000000000000000, -4.000000000000000000, 9.199999999999999289 ) ) ;
#2180 = EDGE_CURVE ( 'NONE', #3096, #607, #3017, .T. ) ;
#2181 = CARTESIAN_POINT ( 'NONE',  ( 23.74999999999997158, -1.000000000000000000, 2.200000000000000622 ) ) ;
#2182 = ORIENTED_EDGE ( 'NONE', *, *, #68, .T. ) ;
#2183 = DIRECTION ( 'NONE',  ( 0.000000000000000000, 0.000000000000000000, 1.000000000000000000 ) ) ;
#2184 = EDGE_CURVE ( 'NONE', #1778, #996, #384, .T. ) ;
#2185 = AXIS2_PLACEMENT_3D ( 'NONE', #1803, #258, #1500 ) ;
#2186 = CARTESIAN_POINT ( 'NONE',  ( 32.66218521927220308, -46.50342949555435723, 4.000000000000000000 ) ) ;
#2187 = VECTOR ( 'NONE', #499, 1000.000000000000000 ) ;
#2188 = CARTESIAN_POINT ( 'NONE',  ( 29.66218521927184426, 10.49657050444530526, -3.469446951953614189E-15 ) ) ;
#2189 = EDGE_CURVE ( 'NONE', #751, #2474, #3849, .T. ) ;
#2190 = CARTESIAN_POINT ( 'NONE',  ( 53.74999999999999289, -10.00000000000000000, 1.199999999999999956 ) ) ;
#2191 = PLANE ( 'NONE',  #159 ) ;
#2192 = ORIENTED_EDGE ( 'NONE', *, *, #435, .F. ) ;
#2193 = AXIS2_PLACEMENT_3D ( 'NONE', #2700, #3977, #3993 ) ;
#2194 = LINE ( 'NONE', #916, #185 ) ;
#2195 = PLANE ( 'NONE',  #1388 ) ;
#2196 = LINE ( 'NONE', #372, #1071 ) ;
#2197 = AXIS2_PLACEMENT_3D ( 'NONE', #1797, #2745, #192 ) ;
#2198 = AXIS2_PLACEMENT_3D ( 'NONE', #3342, #2630, #3278 ) ;
#2199 = DIRECTION ( 'NONE',  ( 0.000000000000000000, 0.000000000000000000, 1.000000000000000000 ) ) ;
#2200 = ORIENTED_EDGE ( 'NONE', *, *, #1338, .F. ) ;
#2201 = FACE_OUTER_BOUND ( 'NONE', #1357, .T. ) ;
#2202 = LINE ( 'NONE', #2572, #3098 ) ;
#2203 = ADVANCED_FACE ( 'NONE', ( #2920 ), #1340, .T. ) ;
#2204 = DIRECTION ( 'NONE',  ( 0.000000000000000000, 1.000000000000000000, 0.000000000000000000 ) ) ;
#2205 = VERTEX_POINT ( 'NONE', #3891 ) ;
#2206 = ORIENTED_EDGE ( 'NONE', *, *, #1268, .T. ) ;
#2207 = FACE_BOUND ( 'NONE', #29, .T. ) ;
#2208 = ORIENTED_EDGE ( 'NONE', *, *, #1774, .F. ) ;
#2209 = CARTESIAN_POINT ( 'NONE',  ( -14.08781478072798699, -48.50342949555436434, -2.200000000000004619 ) ) ;
#2210 = EDGE_CURVE ( 'NONE', #3613, #2342, #3574, .T. ) ;
#2211 = CARTESIAN_POINT ( 'NONE',  ( -5.724124348758627967, -48.50139541999559611, 1.458151564362641261 ) ) ;
#2212 = DIRECTION ( 'NONE',  ( -0.000000000000000000, -1.000000000000000000, -0.000000000000000000 ) ) ;
#2213 = CARTESIAN_POINT ( 'NONE',  ( 8.000000000000000000, 14.15054178657793393, 9.199999999999999289 ) ) ;
#2214 = ORIENTED_EDGE ( 'NONE', *, *, #1080, .F. ) ;
#2215 = ADVANCED_FACE ( 'NONE', ( #860 ), #797, .F. ) ;
#2216 = DIRECTION ( 'NONE',  ( -0.000000000000000000, -1.000000000000000000, -0.000000000000000000 ) ) ;
#2217 = AXIS2_PLACEMENT_3D ( 'NONE', #3731, #3749, #4057 ) ;
#2218 = STYLED_ITEM ( 'NONE', ( #1602 ), #2620 ) ;
#2219 = DIRECTION ( 'NONE',  ( 0.000000000000000000, 1.000000000000000000, 0.000000000000000000 ) ) ;
#2220 = CARTESIAN_POINT ( 'NONE',  ( -8.000000000000000000, -4.000000000000000000, 11.40000000000000036 ) ) ;
#2221 = CARTESIAN_POINT ( 'NONE',  ( -6.087814780727985209, -18.00342949555452776, 1.400000000000000133 ) ) ;
#2222 = VECTOR ( 'NONE', #2289, 1000.000000000000000 ) ;
#2223 = FACE_OUTER_BOUND ( 'NONE', #1022, .T. ) ;
#2224 = ORIENTED_EDGE ( 'NONE', *, *, #2011, .T. ) ;
#2225 = LINE ( 'NONE', #81, #3557 ) ;
#2226 = DIRECTION ( 'NONE',  ( 0.000000000000000000, 0.000000000000000000, -1.000000000000000000 ) ) ;
#2227 = EDGE_CURVE ( 'NONE', #996, #2636, #1140, .T. ) ;
#2228 = CARTESIAN_POINT ( 'NONE',  ( 0.000000000000000000, 0.001000000000000132727, 13.19999999999999929 ) ) ;
#2229 = CARTESIAN_POINT ( 'NONE',  ( 40.46218521927219314, 0.000000000000000000, -3.000000000000004441 ) ) ;
#2230 = FACE_OUTER_BOUND ( 'NONE', #642, .T. ) ;
#2231 = ORIENTED_EDGE ( 'NONE', *, *, #3697, .F. ) ;
#2232 = ADVANCED_FACE ( 'NONE', ( #839 ), #181, .F. ) ;
#2233 = CARTESIAN_POINT ( 'NONE',  ( -43.75000000000000000, -4.000000000000000000, 9.199999999999999289 ) ) ;
#2234 = ORIENTED_EDGE ( 'NONE', *, *, #3538, .T. ) ;
#2235 = EDGE_CURVE ( 'NONE', #2604, #1099, #2105, .T. ) ;
#2236 = CARTESIAN_POINT ( 'NONE',  ( 47.46218521927219314, -5.066693348986541409E-15, -3.000000000000004441 ) ) ;
#2237 = DIRECTION ( 'NONE',  ( 1.000000000000000000, 0.000000000000000000, 0.000000000000000000 ) ) ;
#2238 = CARTESIAN_POINT ( 'NONE',  ( 6.799744294444929338, -46.50342949555435723, -0.4343017460781202210 ) ) ;
#2239 = DIRECTION ( 'NONE',  ( -1.000000000000000000, 0.000000000000000000, 0.000000000000000000 ) ) ;
#2240 = DIRECTION ( 'NONE',  ( 0.000000000000000000, 1.000000000000000000, 0.000000000000000000 ) ) ;
#2241 = CARTESIAN_POINT ( 'NONE',  ( -18.97537385590089443, -46.50342949555435723, -0.4343017460781183336 ) ) ;
#2242 = FACE_OUTER_BOUND ( 'NONE', #3657, .T. ) ;
#2243 = VERTEX_POINT ( 'NONE', #2447 ) ;
#2244 = ORIENTED_EDGE ( 'NONE', *, *, #2061, .T. ) ;
#2245 = DIRECTION ( 'NONE',  ( 0.000000000000000000, -1.000000000000000000, 0.000000000000000000 ) ) ;
#2246 = ORIENTED_EDGE ( 'NONE', *, *, #4050, .T. ) ;
#2247 = VECTOR ( 'NONE', #458, 1000.000000000000000 ) ;
#2248 = CARTESIAN_POINT ( 'NONE',  ( 0.000000000000000000, 0.000000000000000000, 17.19999999999999929 ) ) ;
#2249 = DIRECTION ( 'NONE',  ( -0.000000000000000000, -1.000000000000000000, -0.000000000000000000 ) ) ;
#2250 = APPLICATION_CONTEXT ( 'automotive_design' ) ;
#2251 = CARTESIAN_POINT ( 'NONE',  ( 53.75000000000000000, 14.15054178657793393, 11.40000000000000036 ) ) ;
#2252 = DIRECTION ( 'NONE',  ( -1.000000000000000000, 0.000000000000000000, 0.000000000000000000 ) ) ;
#2253 = VERTEX_POINT ( 'NONE', #3407 ) ;
#2254 = EDGE_CURVE ( 'NONE', #2907, #1455, #818, .T. ) ;
#2255 = AXIS2_PLACEMENT_3D ( 'NONE', #3152, #332, #1568 ) ;
#2256 = CARTESIAN_POINT ( 'NONE',  ( 1.912185219272014347, -50.50342949555436434, -3.000000000000004441 ) ) ;
#2257 = LINE ( 'NONE', #3212, #2519 ) ;
#2258 = ORIENTED_EDGE ( 'NONE', *, *, #2598, .T. ) ;
#2259 = CARTESIAN_POINT ( 'NONE',  ( 47.46218521927219314, 0.000000000000000000, -2.200000000000004619 ) ) ;
#2260 = VECTOR ( 'NONE', #3807, 1000.000000000000000 ) ;
#2261 = PRODUCT_CONTEXT ( 'NONE', #1815, 'mechanical' ) ;
#2262 = EDGE_CURVE ( 'NONE', #1040, #1717, #3991, .T. ) ;
#2263 = LINE ( 'NONE', #998, #686 ) ;
#2264 = DIRECTION ( 'NONE',  ( -0.000000000000000000, 0.000000000000000000, -1.000000000000000000 ) ) ;
#2265 = VECTOR ( 'NONE', #2597, 1000.000000000000000 ) ;
#2266 = CARTESIAN_POINT ( 'NONE',  ( 38.74999999999997158, -2.000000000000000000, 8.200000000000001066 ) ) ;
#2267 = EDGE_CURVE ( 'NONE', #1113, #730, #3065, .T. ) ;
#2268 = DIRECTION ( 'NONE',  ( -0.000000000000000000, -0.000000000000000000, -1.000000000000000000 ) ) ;
#2269 = ORIENTED_EDGE ( 'NONE', *, *, #698, .F. ) ;
#2270 = EDGE_LOOP ( 'NONE', ( #1747, #3586, #2823, #2693 ) ) ;
#2271 = VECTOR ( 'NONE', #2347, 1000.000000000000000 ) ;
#2272 = ORIENTED_EDGE ( 'NONE', *, *, #1770, .T. ) ;
#2273 = CARTESIAN_POINT ( 'NONE',  ( 32.66218521927220308, -46.50342949555435723, 4.000000000000000000 ) ) ;
#2274 = DIRECTION ( 'NONE',  ( -1.000000000000000000, 0.000000000000000000, 0.000000000000000000 ) ) ;
#2275 = CARTESIAN_POINT ( 'NONE',  ( -6.087814780728155739, -50.50342949555436434, -5.204170427930421283E-15 ) ) ;
#2276 = ORIENTED_EDGE ( 'NONE', *, *, #2030, .T. ) ;
#2277 = ORIENTED_EDGE ( 'NONE', *, *, #3391, .F. ) ;
#2278 = LINE ( 'NONE', #1020, #1875 ) ;
#2279 = VERTEX_POINT ( 'NONE', #489 ) ;
#2280 = CARTESIAN_POINT ( 'NONE',  ( 43.75000000000000000, -4.000000000000000000, 9.199999999999999289 ) ) ;
#2281 = PRODUCT_DEFINITION ( '未知', '', #3403, #978 ) ;
#2282 = APPLICATION_PROTOCOL_DEFINITION ( 'draft international standard', 'automotive_design', 1998, #3533 ) ;
#2283 = CONICAL_SURFACE ( 'NONE', #704, 30.50000000000000355, 0.7853981633974410625 ) ;
#2284 = FACE_BOUND ( 'NONE', #2914, .T. ) ;
#2285 = EDGE_CURVE ( 'NONE', #3762, #155, #706, .T. ) ;
#2286 = AXIS2_PLACEMENT_3D ( 'NONE', #260, #2385, #2410 ) ;
#2287 = ORIENTED_EDGE ( 'NONE', *, *, #2052, .T. ) ;
#2288 = ORIENTED_EDGE ( 'NONE', *, *, #3151, .T. ) ;
#2289 = DIRECTION ( 'NONE',  ( 0.000000000000000000, -0.7071067811865426878, -0.7071067811865523467 ) ) ;
#2290 = VECTOR ( 'NONE', #1238, 1000.000000000000000 ) ;
#2291 = ORIENTED_EDGE ( 'NONE', *, *, #875, .F. ) ;
#2292 = PLANE ( 'NONE',  #2407 ) ;
#2293 = EDGE_CURVE ( 'NONE', #441, #3337, #1464, .T. ) ;
#2294 = CYLINDRICAL_SURFACE ( 'NONE', #1878, 1.500000000000003997 ) ;
#2295 = ORIENTED_EDGE ( 'NONE', *, *, #302, .F. ) ;
#2296 = CARTESIAN_POINT ( 'NONE',  ( 40.46218521927218603, -50.50342949555436434, -3.000000000000004441 ) ) ;
#2297 = VERTEX_POINT ( 'NONE', #1787 ) ;
#2298 = VERTEX_POINT ( 'NONE', #1771 ) ;
#2299 = CARTESIAN_POINT ( 'NONE',  ( -6.087814780728155739, 10.49657050444530526, -5.204170427930421283E-15 ) ) ;
#2300 = DIRECTION ( 'NONE',  ( 0.000000000000000000, 0.000000000000000000, -1.000000000000000000 ) ) ;
#2301 = ORIENTED_EDGE ( 'NONE', *, *, #2180, .F. ) ;
#2302 = LINE ( 'NONE', #73, #3386 ) ;
#2303 = CARTESIAN_POINT ( 'NONE',  ( 0.000000000000000000, 0.000000000000000000, 0.000000000000000000 ) ) ;
#2304 = DIRECTION ( 'NONE',  ( 0.000000000000000000, 0.000000000000000000, 1.000000000000000000 ) ) ;
#2305 = VECTOR ( 'NONE', #1512, 1000.000000000000000 ) ;
#2306 = CARTESIAN_POINT ( 'NONE',  ( 0.000000000000000000, -1.999999999999987121, 1.199999999999999956 ) ) ;
#2307 = CARTESIAN_POINT ( 'NONE',  ( 47.66218521927218887, -46.50342949555435723, -3.000000000000002665 ) ) ;
#2308 = ORIENTED_EDGE ( 'NONE', *, *, #3464, .T. ) ;
#2309 = EDGE_CURVE ( 'NONE', #2923, #1132, #3724, .T. ) ;
#2310 = EDGE_LOOP ( 'NONE', ( #3860, #950, #888, #563, #270, #3001 ) ) ;
#2311 = LINE ( 'NONE', #1599, #2887 ) ;
#2312 = VERTEX_POINT ( 'NONE', #3025 ) ;
#2313 = CARTESIAN_POINT ( 'NONE',  ( -5.549298300014720908, 10.49657050444530526, 1.400000000000000133 ) ) ;
#2314 = PRODUCT ( 'down', 'down', '', ( #717 ) ) ;
#2315 = EDGE_CURVE ( 'NONE', #2633, #1764, #566, .T. ) ;
#2316 = FILL_AREA_STYLE_COLOUR ( '', #641 ) ;
#2317 = ORIENTED_EDGE ( 'NONE', *, *, #2703, .F. ) ;
#2318 = DIRECTION ( 'NONE',  ( -0.000000000000000000, 1.000000000000000000, -0.000000000000000000 ) ) ;
#2319 = VERTEX_POINT ( 'NONE', #2679 ) ;
#2320 = VECTOR ( 'NONE', #1823, 1000.000000000000000 ) ;
#2321 = EDGE_CURVE ( 'NONE', #170, #2728, #3956, .T. ) ;
#2322 = ORIENTED_EDGE ( 'NONE', *, *, #3381, .F. ) ;
#2323 = DIRECTION ( 'NONE',  ( 0.000000000000000000, 0.000000000000000000, 1.000000000000000000 ) ) ;
#2324 = CARTESIAN_POINT ( 'NONE',  ( 47.66218521927218887, 10.49657050444530526, 0.000000000000000000 ) ) ;
#2325 = LINE ( 'NONE', #962, #13 ) ;
#2326 = ORIENTED_EDGE ( 'NONE', *, *, #2836, .T. ) ;
#2327 = DIRECTION ( 'NONE',  ( -1.067522139062655848E-16, -1.000000000000000000, 0.000000000000000000 ) ) ;
#2328 = VECTOR ( 'NONE', #520, 1000.000000000000000 ) ;
#2329 = SURFACE_STYLE_FILL_AREA ( #1702 ) ;
#2330 = DIRECTION ( 'NONE',  ( -0.000000000000000000, -0.000000000000000000, -1.000000000000000000 ) ) ;
#2331 = AXIS2_PLACEMENT_3D ( 'NONE', #840, #2467, #1739 ) ;
#2332 = ORIENTED_EDGE ( 'NONE', *, *, #1496, .F. ) ;
#2334 = ORIENTED_EDGE ( 'NONE', *, *, #723, .T. ) ;
#2333 = VECTOR ( 'NONE', #2803, 1000.000000000000000 ) ;
#2335 = CIRCLE ( 'NONE', #3238, 1.599999999999997202 ) ;
#2336 = CARTESIAN_POINT ( 'NONE',  ( -41.83781478072816640, -50.50342949555436434, -3.469446951953614189E-15 ) ) ;
#2337 = ORIENTED_EDGE ( 'NONE', *, *, #1543, .F. ) ;
#2338 = DIRECTION ( 'NONE',  ( 0.000000000000000000, -1.000000000000000000, 0.000000000000000000 ) ) ;
#2339 = EDGE_CURVE ( 'NONE', #1113, #464, #3640, .T. ) ;
#2340 = PRODUCT_DEFINITION_FORMATION_WITH_SPECIFIED_SOURCE ( '任何', '', #541, .NOT_KNOWN. ) ;
#2341 = LINE ( 'NONE', #2273, #2149 ) ;
#2342 = VERTEX_POINT ( 'NONE', #1737 ) ;
#2343 = ORIENTED_EDGE ( 'NONE', *, *, #3068, .F. ) ;
#2344 = EDGE_CURVE ( 'NONE', #3454, #2064, #3040, .T. ) ;
#2345 = EDGE_LOOP ( 'NONE', ( #2499, #1413, #2165, #205 ) ) ;
#2346 = CARTESIAN_POINT ( 'NONE',  ( -53.75000000000000000, -1.999999999999998224, 11.40000000000000036 ) ) ;
#2347 = DIRECTION ( 'NONE',  ( -2.312964634635742661E-15, -1.000000000000000000, 0.000000000000000000 ) ) ;
#2348 = CARTESIAN_POINT ( 'NONE',  ( -6.087814780728155739, 10.49657050444530526, -5.204170427930421283E-15 ) ) ;
#2349 = VERTEX_POINT ( 'NONE', #2698 ) ;
#2350 = DIRECTION ( 'NONE',  ( -1.000000000000000000, 0.000000000000000000, 0.000000000000000000 ) ) ;
#2351 = EDGE_CURVE ( 'NONE', #2626, #2962, #3974, .T. ) ;
#2352 = CARTESIAN_POINT ( 'NONE',  ( 28.16218521927184426, -46.50342949555435723, -3.081487911019577365E-30 ) ) ;
#2353 = DIRECTION ( 'NONE',  ( -1.000000000000000000, 0.000000000000000000, 0.000000000000000000 ) ) ;
#2354 = CARTESIAN_POINT ( 'NONE',  ( -53.75000000000000000, 14.15054178657793393, 11.40000000000000036 ) ) ;
#2355 = ORIENTED_EDGE ( 'NONE', *, *, #3023, .T. ) ;
#2356 = ORIENTED_EDGE ( 'NONE', *, *, #624, .T. ) ;
#2357 = DIRECTION ( 'NONE',  ( -1.000000000000000000, 0.000000000000000000, -0.000000000000000000 ) ) ;
#2358 = ORIENTED_EDGE ( 'NONE', *, *, #2086, .F. ) ;
#2359 = FACE_OUTER_BOUND ( 'NONE', #1065, .T. ) ;
#2360 = AXIS2_PLACEMENT_3D ( 'NONE', #1223, #650, #975 ) ;
#2361 = CARTESIAN_POINT ( 'NONE',  ( -52.63781478072816356, -50.50342949555435013, -2.200000000000004619 ) ) ;
#2362 = ORIENTED_EDGE ( 'NONE', *, *, #3170, .T. ) ;
#2363 = ORIENTED_EDGE ( 'NONE', *, *, #3381, .T. ) ;
#2364 = VECTOR ( 'NONE', #1746, 1000.000000000000000 ) ;
#2365 = ORIENTED_EDGE ( 'NONE', *, *, #558, .T. ) ;
#2366 = DIRECTION ( 'NONE',  ( 0.7071067811865424657, 0.000000000000000000, 0.7071067811865526798 ) ) ;
#2367 = EDGE_CURVE ( 'NONE', #2676, #1644, #1756, .T. ) ;
#2368 = CARTESIAN_POINT ( 'NONE',  ( 47.46218521927219314, -18.50342949555436434, 4.000000000000000000 ) ) ;
#2369 = DIRECTION ( 'NONE',  ( 0.000000000000000000, 1.000000000000000000, 0.000000000000000000 ) ) ;
#2370 = VERTEX_POINT ( 'NONE', #1440 ) ;
#2371 =( LENGTH_UNIT ( ) NAMED_UNIT ( * ) SI_UNIT ( .MILLI., .METRE. ) );
#2372 = ADVANCED_FACE ( 'NONE', ( #3163 ), #2791, .F. ) ;
#2373 = DIRECTION ( 'NONE',  ( -0.000000000000000000, 1.000000000000000000, -0.000000000000000000 ) ) ;
#2374 = PLANE ( 'NONE',  #1990 ) ;
#2375 = EDGE_LOOP ( 'NONE', ( #699, #3531, #2811, #1214, #1298, #3867 ) ) ;
#2376 = ADVANCED_FACE ( 'NONE', ( #3784 ), #1580, .F. ) ;
#2377 = ORIENTED_EDGE ( 'NONE', *, *, #1569, .F. ) ;
#2378 = CARTESIAN_POINT ( 'NONE',  ( 29.66218521927184426, -50.50342949555436434, -3.469446951953614189E-15 ) ) ;
#2379 = EDGE_LOOP ( 'NONE', ( #3600, #3377, #3945, #2208, #3469, #621, #1111, #1696 ) ) ;
#2380 = CARTESIAN_POINT ( 'NONE',  ( -59.63781478072816356, -48.50342949555435013, -2.200000000000004619 ) ) ;
#2381 = CARTESIAN_POINT ( 'NONE',  ( 47.46218521927219314, 10.49657050444530526, 0.000000000000000000 ) ) ;
#2382 = ORIENTED_EDGE ( 'NONE', *, *, #2930, .T. ) ;
#2383 = ORIENTED_EDGE ( 'NONE', *, *, #3876, .F. ) ;
#2384 = VERTEX_POINT ( 'NONE', #2522 ) ;
#2385 = DIRECTION ( 'NONE',  ( 0.000000000000000000, -0.000000000000000000, 1.000000000000000000 ) ) ;
#2386 = CARTESIAN_POINT ( 'NONE',  ( 53.75000000000000000, -4.000000000000000000, 17.19999999999999929 ) ) ;
#2387 = DIRECTION ( 'NONE',  ( 0.000000000000000000, 0.000000000000000000, -1.000000000000000000 ) ) ;
#2388 = ORIENTED_EDGE ( 'NONE', *, *, #1743, .T. ) ;
#2389 = AXIS2_PLACEMENT_3D ( 'NONE', #3172, #674, #1920 ) ;
#2390 = EDGE_CURVE ( 'NONE', #3201, #1981, #970, .T. ) ;
#2391 = VECTOR ( 'NONE', #1795, 1000.000000000000000 ) ;
#2392 = CARTESIAN_POINT ( 'NONE',  ( 35.75000000000000711, 0.001000000000000132727, 11.60000000000000320 ) ) ;
#2393 = DIRECTION ( 'NONE',  ( 0.000000000000000000, -1.000000000000000000, 0.000000000000000000 ) ) ;
#2394 = ADVANCED_FACE ( 'NONE', ( #3465 ), #20, .F. ) ;
#2395 = CARTESIAN_POINT ( 'NONE',  ( -35.75000000000000711, 0.001000000000000132727, 13.19999999999999929 ) ) ;
#2396 = ORIENTED_EDGE ( 'NONE', *, *, #3954, .T. ) ;
#2397 = CARTESIAN_POINT ( 'NONE',  ( 8.000000000000003553, 14.15054178657793393, 11.40000000000000036 ) ) ;
#2398 = VERTEX_POINT ( 'NONE', #2850 ) ;
#2399 = DIRECTION ( 'NONE',  ( -0.000000000000000000, -1.000000000000000000, -0.000000000000000000 ) ) ;
#2400 = EDGE_CURVE ( 'NONE', #1893, #837, #2601, .T. ) ;
#2401 = VECTOR ( 'NONE', #1503, 1000.000000000000000 ) ;
#2402 = VERTEX_POINT ( 'NONE', #2169 ) ;
#2403 = LINE ( 'NONE', #236, #191 ) ;
#2404 = ORIENTED_EDGE ( 'NONE', *, *, #3954, .F. ) ;
#2405 = ORIENTED_EDGE ( 'NONE', *, *, #149, .F. ) ;
#2406 = AXIS2_PLACEMENT_3D ( 'NONE', #1777, #4060, #2705 ) ;
#2407 = AXIS2_PLACEMENT_3D ( 'NONE', #2997, #174, #1055 ) ;
#2408 =( GEOMETRIC_REPRESENTATION_CONTEXT ( 3 ) GLOBAL_UNCERTAINTY_ASSIGNED_CONTEXT ( ( #3266 ) ) GLOBAL_UNIT_ASSIGNED_CONTEXT ( ( #2949, #718, #2928 ) ) REPRESENTATION_CONTEXT ( 'NONE', 'WORKASPACE' ) );
#2409 = ORIENTED_EDGE ( 'NONE', *, *, #2009, .F. ) ;
#2410 = DIRECTION ( 'NONE',  ( 1.000000000000000000, 0.000000000000000000, -0.000000000000000000 ) ) ;
#2411 = CARTESIAN_POINT ( 'NONE',  ( 0.000000000000000000, 0.000000000000000000, 13.19999999999999929 ) ) ;
#2412 = VERTEX_POINT ( 'NONE', #4072 ) ;
#2413 =( LENGTH_UNIT ( ) NAMED_UNIT ( * ) SI_UNIT ( .MILLI., .METRE. ) );
#2414 = PRODUCT_DEFINITION ( '未知', '', #2861, #1677 ) ;
#2415 = DIRECTION ( 'NONE',  ( 4.625929269271485914E-16, 0.000000000000000000, -1.000000000000000000 ) ) ;
#2416 = EDGE_LOOP ( 'NONE', ( #588, #2337 ) ) ;
#2417 = DIRECTION ( 'NONE',  ( 1.000000000000000000, 0.000000000000000000, 0.000000000000000000 ) ) ;
#2418 = EDGE_CURVE ( 'NONE', #2298, #2935, #3444, .T. ) ;
#2419 = ORIENTED_EDGE ( 'NONE', *, *, #2563, .T. ) ;
#2420 = DIRECTION ( 'NONE',  ( -1.000000000000000000, 0.000000000000000000, 0.000000000000000000 ) ) ;
#2421 = ORIENTED_EDGE ( 'NONE', *, *, #974, .F. ) ;
#2422 = CARTESIAN_POINT ( 'NONE',  ( 47.46218521927218603, -50.50342949555437855, -2.200000000000004619 ) ) ;
#2423 = AXIS2_PLACEMENT_3D ( 'NONE', #2963, #1982, #1362 ) ;
#2424 = ADVANCED_FACE ( 'NONE', ( #1926 ), #3183, .F. ) ;
#2425 = VERTEX_POINT ( 'NONE', #323 ) ;
#2426 = CARTESIAN_POINT ( 'NONE',  ( 53.75000000000000000, -4.000000000000000000, 11.40000000000000036 ) ) ;
#2427 = CARTESIAN_POINT ( 'NONE',  ( 47.66218521927218887, -46.50342949555435723, -110.5743928637297699 ) ) ;
#2428 = CARTESIAN_POINT ( 'NONE',  ( -6.087814780727985209, 10.49657050444530526, -1.199999999999999956 ) ) ;
#2429 = PLANE ( 'NONE',  #2193 ) ;
#2430 = AXIS2_PLACEMENT_3D ( 'NONE', #2378, #3376, #3608 ) ;
#2431 = ORIENTED_EDGE ( 'NONE', *, *, #2992, .T. ) ;
#2432 =( NAMED_UNIT ( * ) PLANE_ANGLE_UNIT ( ) SI_UNIT ( $, .RADIAN. ) );
#2433 = LINE ( 'NONE', #4037, #3210 ) ;
#2434 = DIRECTION ( 'NONE',  ( -0.000000000000000000, -1.000000000000000000, -0.000000000000000000 ) ) ;
#2435 = DIRECTION ( 'NONE',  ( -1.000000000000000000, 0.000000000000000000, 0.000000000000000000 ) ) ;
#2436 = CARTESIAN_POINT ( 'NONE',  ( 40.46218521927218603, -48.50342949555436434, -3.000000000000004441 ) ) ;
#2437 = ORIENTED_EDGE ( 'NONE', *, *, #864, .F. ) ;
#2438 = FACE_OUTER_BOUND ( 'NONE', #2554, .T. ) ;
#2439 = ORIENTED_EDGE ( 'NONE', *, *, #1207, .T. ) ;
#2440 = LINE ( 'NONE', #2139, #2442 ) ;
#2441 = EDGE_CURVE ( 'NONE', #485, #810, #1998, .T. ) ;
#2442 = VECTOR ( 'NONE', #235, 1000.000000000000000 ) ;
#2443 = CARTESIAN_POINT ( 'NONE',  ( 1.912185219272022341, 14.49657050444529105, -2.200000000000004619 ) ) ;
#2444 = VERTEX_POINT ( 'NONE', #2538 ) ;
#2445 = LINE ( 'NONE', #3083, #3109 ) ;
#2446 = ADVANCED_FACE ( 'NONE', ( #2773 ), #2465, .F. ) ;
#2447 = CARTESIAN_POINT ( 'NONE',  ( -53.75000000000000000, -2.000000000000000000, 1.199999999999999956 ) ) ;
#2448 = ORIENTED_EDGE ( 'NONE', *, *, #3230, .T. ) ;
#2449 = ADVANCED_FACE ( 'NONE', ( #896 ), #3141, .F. ) ;
#2450 = CARTESIAN_POINT ( 'NONE',  ( 1.912185219272021452, 12.49657050444528927, -2.200000000000004619 ) ) ;
#2451 = VECTOR ( 'NONE', #2239, 1000.000000000000000 ) ;
#2452 = AXIS2_PLACEMENT_3D ( 'NONE', #617, #315, #3537 ) ;
#2453 = CARTESIAN_POINT ( 'NONE',  ( -14.08781478072797988, 12.49657050444528927, -2.200000000000004619 ) ) ;
#2454 = VECTOR ( 'NONE', #3801, 1000.000000000000000 ) ;
#2455 = ORIENTED_EDGE ( 'NONE', *, *, #748, .T. ) ;
#2456 = DIRECTION ( 'NONE',  ( -0.000000000000000000, 1.000000000000000000, -0.000000000000000000 ) ) ;
#2457 = ORIENTED_EDGE ( 'NONE', *, *, #3804, .T. ) ;
#2458 = LINE ( 'NONE', #1436, #3781 ) ;
#2459 = VECTOR ( 'NONE', #1855, 1000.000000000000000 ) ;
#2460 = DIRECTION ( 'NONE',  ( 0.000000000000000000, 0.000000000000000000, -1.000000000000000000 ) ) ;
#2461 = ORIENTED_EDGE ( 'NONE', *, *, #968, .T. ) ;
#2462 = DIRECTION ( 'NONE',  ( 1.000000000000000000, 0.000000000000000000, 0.000000000000000000 ) ) ;
#2463 = EDGE_CURVE ( 'NONE', #3566, #1031, #586, .T. ) ;
#2464 = AXIS2_PLACEMENT_3D ( 'NONE', #1015, #1936, #2252 ) ;
#2465 = CYLINDRICAL_SURFACE ( 'NONE', #3962, 1.500000000000003997 ) ;
#2466 = CIRCLE ( 'NONE', #684, 1.500000000000000666 ) ;
#2467 = DIRECTION ( 'NONE',  ( 0.000000000000000000, 1.000000000000000000, 0.000000000000000000 ) ) ;
#2468 = ORIENTED_EDGE ( 'NONE', *, *, #2870, .F. ) ;
#2469 = EDGE_CURVE ( 'NONE', #1893, #1421, #3124, .T. ) ;
#2470 = FACE_OUTER_BOUND ( 'NONE', #193, .T. ) ;
#2471 = ADVANCED_FACE ( 'NONE', ( #956 ), #2831, .F. ) ;
#2472 = LINE ( 'NONE', #1763, #2328 ) ;
#2473 = CYLINDRICAL_SURFACE ( 'NONE', #3870, 1.599999999999997202 ) ;
#2474 = VERTEX_POINT ( 'NONE', #645 ) ;
#2475 = CYLINDRICAL_SURFACE ( 'NONE', #3187, 1.500000000000003997 ) ;
#2476 = ORIENTED_EDGE ( 'NONE', *, *, #3490, .F. ) ;
#2477 = DIRECTION ( 'NONE',  ( -0.000000000000000000, 0.000000000000000000, 1.000000000000000000 ) ) ;
#2478 = VECTOR ( 'NONE', #1715, 1000.000000000000000 ) ;
#2479 = CARTESIAN_POINT ( 'NONE',  ( -40.33781478072815929, 10.49657050444530526, 1.232595164407830946E-29 ) ) ;
#2480 = EDGE_LOOP ( 'NONE', ( #3384, #3369, #3629, #2511 ) ) ;
#2481 = CARTESIAN_POINT ( 'NONE',  ( 29.66218521927184426, -50.50342949555436434, -1.500000000000004219 ) ) ;
#2482 = CIRCLE ( 'NONE', #3354, 1.500000000000000666 ) ;
#2483 = EDGE_CURVE ( 'NONE', #2398, #3665, #3146, .T. ) ;
#2484 = DIRECTION ( 'NONE',  ( -0.000000000000000000, -1.000000000000000000, -0.000000000000000000 ) ) ;
#2485 = DIRECTION ( 'NONE',  ( 0.000000000000000000, 0.000000000000000000, 1.000000000000000000 ) ) ;
#2486 = LINE ( 'NONE', #21, #1852 ) ;
#2487 = EDGE_LOOP ( 'NONE', ( #447, #1390, #2574, #251, #2042 ) ) ;
#2488 = VECTOR ( 'NONE', #2088, 1000.000000000000000 ) ;
#2489 = EDGE_CURVE ( 'NONE', #2505, #173, #1356, .T. ) ;
#2490 = CARTESIAN_POINT ( 'NONE',  ( 0.000000000000000000, -4.000000000000000000, 13.19999999999999929 ) ) ;
#2491 = CARTESIAN_POINT ( 'NONE',  ( 47.66218521927218887, 14.49657050444530526, 4.000000000000000000 ) ) ;
#2492 = CIRCLE ( 'NONE', #3262, 1.500000000000000666 ) ;
#2493 = EDGE_CURVE ( 'NONE', #3682, #1249, #1035, .T. ) ;
#2494 = CARTESIAN_POINT ( 'NONE',  ( 0.000000000000000000, 0.001000000000000132727, 13.19999999999999929 ) ) ;
#2495 = ORIENTED_EDGE ( 'NONE', *, *, #968, .F. ) ;
#2496 = DIRECTION ( 'NONE',  ( -0.000000000000000000, -1.000000000000000000, -0.000000000000000000 ) ) ;
#2497 = ADVANCED_FACE ( 'NONE', ( #1934 ), #3844, .F. ) ;
#2498 = CARTESIAN_POINT ( 'NONE',  ( 53.75000000000000000, -2.000000000000000000, 16.19999999999999929 ) ) ;
#2499 = ORIENTED_EDGE ( 'NONE', *, *, #4093, .T. ) ;
#2500 = ORIENTED_EDGE ( 'NONE', *, *, #1640, .F. ) ;
#2501 = DIRECTION ( 'NONE',  ( 0.000000000000000000, 0.000000000000000000, 1.000000000000000000 ) ) ;
#2502 = DIRECTION ( 'NONE',  ( 1.000000000000000000, -0.000000000000000000, 0.000000000000000000 ) ) ;
#2503 = CYLINDRICAL_SURFACE ( 'NONE', #4082, 1.599999999999997202 ) ;
#2504 = CARTESIAN_POINT ( 'NONE',  ( 24.41218521927201834, -18.00342949555452776, 1.400000000000000133 ) ) ;
#2505 = VERTEX_POINT ( 'NONE', #1076 ) ;
#2506 = VECTOR ( 'NONE', #3397, 1000.000000000000000 ) ;
#2507 = LINE ( 'NONE', #3787, #3140 ) ;
#2508 = UNCERTAINTY_MEASURE_WITH_UNIT (LENGTH_MEASURE( 1.000000000000000082E-05 ), #3705, 'distance_accuracy_value', 'NONE');
#2509 = EDGE_CURVE ( 'NONE', #2923, #3888, #385, .T. ) ;
#2510 = DIRECTION ( 'NONE',  ( 0.000000000000000000, -1.000000000000000000, 0.000000000000000000 ) ) ;
#2511 = ORIENTED_EDGE ( 'NONE', *, *, #438, .T. ) ;
#2512 = DIRECTION ( 'NONE',  ( 1.000000000000000000, 0.000000000000000000, 0.000000000000000000 ) ) ;
#2513 = EDGE_CURVE ( 'NONE', #2349, #3074, #2341, .T. ) ;
#2514 = CIRCLE ( 'NONE', #2389, 1.599999999999997202 ) ;
#2515 = CARTESIAN_POINT ( 'NONE',  ( 1.912185219272021452, 12.49657050444528927, -2.200000000000004619 ) ) ;
#2516 = ORIENTED_EDGE ( 'NONE', *, *, #3361, .T. ) ;
#2517 = VERTEX_POINT ( 'NONE', #406 ) ;
#2518 = FACE_BOUND ( 'NONE', #1173, .T. ) ;
#2519 = VECTOR ( 'NONE', #393, 1000.000000000000000 ) ;
#2520 = EDGE_CURVE ( 'NONE', #484, #2734, #43, .T. ) ;
#2521 = VECTOR ( 'NONE', #2860, 1000.000000000000000 ) ;
#2522 = CARTESIAN_POINT ( 'NONE',  ( 53.75000000000000000, -4.000000000000000000, 11.40000000000000036 ) ) ;
#2523 = FACE_OUTER_BOUND ( 'NONE', #2085, .T. ) ;
#2524 = PLANE ( 'NONE',  #359 ) ;
#2525 = VERTEX_POINT ( 'NONE', #750 ) ;
#2526 =( NAMED_UNIT ( * ) PLANE_ANGLE_UNIT ( ) SI_UNIT ( $, .RADIAN. ) );
#2527 = CARTESIAN_POINT ( 'NONE',  ( -16.95059527192865190, -46.50342949555435723, -1.199999999999999956 ) ) ;
#2528 = CARTESIAN_POINT ( 'NONE',  ( -59.63781478072815645, 12.49657050444530348, -3.000000000000004441 ) ) ;
#2529 = DIRECTION ( 'NONE',  ( 1.000000000000000000, 0.000000000000000000, 0.000000000000000000 ) ) ;
#2530 = DIRECTION ( 'NONE',  ( 0.000000000000000000, 0.000000000000000000, -1.000000000000000000 ) ) ;
#2531 = LINE ( 'NONE', #759, #3055 ) ;
#2532 = LINE ( 'NONE', #1287, #278 ) ;
#2533 = LINE ( 'NONE', #3815, #1465 ) ;
#2534 = EDGE_CURVE ( 'NONE', #3808, #1302, #2943, .T. ) ;
#2535 = EDGE_LOOP ( 'NONE', ( #816, #2897, #444, #1434 ) ) ;
#2536 = CARTESIAN_POINT ( 'NONE',  ( -53.75000000000000000, -2.000000000000000000, 1.199999999999999956 ) ) ;
#2537 = CARTESIAN_POINT ( 'NONE',  ( 47.46218521927218603, -50.50342949555436434, 4.000000000000003553 ) ) ;
#2538 = CARTESIAN_POINT ( 'NONE',  ( -53.75000000000000000, -4.000000000000000000, 11.40000000000000213 ) ) ;
#2539 = DIRECTION ( 'NONE',  ( 0.000000000000000000, -0.000000000000000000, -1.000000000000000000 ) ) ;
#2540 = CARTESIAN_POINT ( 'NONE',  ( -35.75000000000000711, 0.000000000000000000, 11.60000000000000320 ) ) ;
#2541 = ORIENTED_EDGE ( 'NONE', *, *, #2672, .F. ) ;
#2542 = DIRECTION ( 'NONE',  ( 0.000000000000000000, 0.000000000000000000, 1.000000000000000000 ) ) ;
#2543 = DIRECTION ( 'NONE',  ( 1.000000000000000000, 0.000000000000000000, 0.000000000000000000 ) ) ;
#2544 = AXIS2_PLACEMENT_3D ( 'NONE', #286, #370, #2542 ) ;
#2545 = EDGE_LOOP ( 'NONE', ( #2809, #2612, #2234, #3577 ) ) ;
#2546 =( NAMED_UNIT ( * ) SI_UNIT ( $, .STERADIAN. ) SOLID_ANGLE_UNIT ( ) );
#2547 = AXIS2_PLACEMENT_3D ( 'NONE', #201, #546, #1482 ) ;
#2548 = FACE_OUTER_BOUND ( 'NONE', #2701, .T. ) ;
#2549 = CARTESIAN_POINT ( 'NONE',  ( -5.187814780728149167, -46.50342949555435723, -1.199999999999999956 ) ) ;
#2550 = DIRECTION ( 'NONE',  ( 4.336808689942013792E-16, 1.000000000000000000, 0.000000000000000000 ) ) ;
#2551 = CARTESIAN_POINT ( 'NONE',  ( -16.95059527192865190, -46.50342949555435723, -1.199999999999999956 ) ) ;
#2552 = AXIS2_PLACEMENT_3D ( 'NONE', #2787, #1215, #2501 ) ;
#2553 = PLANE ( 'NONE',  #2792 ) ;
#2554 = EDGE_LOOP ( 'NONE', ( #2421, #4015, #1415, #1092 ) ) ;
#2555 = VERTEX_POINT ( 'NONE', #1692 ) ;
#2556 = CARTESIAN_POINT ( 'NONE',  ( 53.75000000000000000, -2.000000000000000000, 1.199999999999999956 ) ) ;
#2557 = ORIENTED_EDGE ( 'NONE', *, *, #231, .T. ) ;
#2558 = EDGE_CURVE ( 'NONE', #3584, #1008, #3546, .T. ) ;
#2559 = DIRECTION ( 'NONE',  ( 0.000000000000000000, -1.000000000000000000, 0.000000000000000000 ) ) ;
#2560 = PLANE ( 'NONE',  #265 ) ;
#2561 = DIRECTION ( 'NONE',  ( 0.000000000000000000, 0.000000000000000000, 1.000000000000000000 ) ) ;
#2562 = EDGE_LOOP ( 'NONE', ( #2457, #3592, #756, #3133 ) ) ;
#2563 = EDGE_CURVE ( 'NONE', #751, #525, #3589, .T. ) ;
#2564 = CARTESIAN_POINT ( 'NONE',  ( 29.66218521927184426, 10.49657050444530526, -3.469446951953614189E-15 ) ) ;
#2565 = DIRECTION ( 'NONE',  ( -0.000000000000000000, -1.000000000000000000, -0.000000000000000000 ) ) ;
#2566 = ORIENTED_EDGE ( 'NONE', *, *, #3679, .F. ) ;
#2567 = CARTESIAN_POINT ( 'NONE',  ( 1.912185219272022341, 14.49657050444529105, -3.000000000000004441 ) ) ;
#2568 = EDGE_CURVE ( 'NONE', #1984, #1981, #3524, .T. ) ;
#2569 = DIRECTION ( 'NONE',  ( -1.000000000000000000, 1.067522139062656218E-16, 0.000000000000000000 ) ) ;
#2570 =( REPRESENTATION_RELATIONSHIP ('NONE','NONE', #1851, #1437 ) REPRESENTATION_RELATIONSHIP_WITH_TRANSFORMATION ( #2071 )SHAPE_REPRESENTATION_RELATIONSHIP( ) );
#2571 = CARTESIAN_POINT ( 'NONE',  ( -53.75000000000000000, -4.000000000000000000, 16.19999999999999929 ) ) ;
#2572 = CARTESIAN_POINT ( 'NONE',  ( 55.75000000000000000, 0.000000000000000000, 0.000000000000000000 ) ) ;
#2573 = DIRECTION ( 'NONE',  ( -1.000000000000000000, 0.000000000000000000, 0.000000000000000000 ) ) ;
#2574 = ORIENTED_EDGE ( 'NONE', *, *, #1957, .F. ) ;
#2575 = CARTESIAN_POINT ( 'NONE',  ( 8.000000000000000000, 14.15054178657793393, 11.40000000000000036 ) ) ;
#2576 = EDGE_LOOP ( 'NONE', ( #2730, #2867, #2276, #2431 ) ) ;
#2577 = VECTOR ( 'NONE', #2350, 1000.000000000000000 ) ;
#2578 = CARTESIAN_POINT ( 'NONE',  ( 24.41218521927201834, -18.00342949555452776, -1.199999999999999956 ) ) ;
#2579 = STYLED_ITEM ( 'NONE', ( #1205 ), #1347 ) ;
#2580 = DIRECTION ( 'NONE',  ( 0.000000000000000000, 0.000000000000000000, 1.000000000000000000 ) ) ;
#2581 = CLOSED_SHELL ( 'NONE', ( #404, #457, #2449, #2446, #211, #2424, #2789, #3145, #1792, #3251, #356, #831, #2677, #4056, #1819, #2888, #1325, #1027, #1627, #3595, #3799, #381, #1405, #2590, #1975, #450, #3792, #2372, #3565, #3204, #3443, #3560, #3047, #3219, #1755, #1299, #2394, #3900, #3582, #2065, #3510, #1846, #1429, #272, #3029, #2203, #2873, #898, #1106, #3176, #3167, #1129, #63, #3770, #1674, #179, #2624, #785, #3819 ) ) ;
#2582 = CARTESIAN_POINT ( 'NONE',  ( -53.75000000000000000, 14.15054178657793393, 11.40000000000000036 ) ) ;
#2583 = EDGE_CURVE ( 'NONE', #3786, #1053, #3279, .T. ) ;
#2584 = DIRECTION ( 'NONE',  ( 0.000000000000000000, 1.000000000000000000, 0.000000000000000000 ) ) ;
#2585 = DIRECTION ( 'NONE',  ( 1.000000000000000000, 0.000000000000000000, -0.000000000000000000 ) ) ;
#2586 = ORIENTED_EDGE ( 'NONE', *, *, #748, .F. ) ;
#2587 = AXIS2_PLACEMENT_3D ( 'NONE', #229, #3982, #2704 ) ;
#2588 = VERTEX_POINT ( 'NONE', #685 ) ;
#2589 = LINE ( 'NONE', #1939, #2685 ) ;
#2590 = ADVANCED_FACE ( 'NONE', ( #3254 ), #2294, .F. ) ;
#2591 = CARTESIAN_POINT ( 'NONE',  ( -43.75000000000000000, -4.000000000000000000, 11.40000000000000036 ) ) ;
#2592 = ORIENTED_EDGE ( 'NONE', *, *, #277, .F. ) ;
#2593 = UNCERTAINTY_MEASURE_WITH_UNIT (LENGTH_MEASURE( 1.000000000000000082E-05 ), #2413, 'distance_accuracy_value', 'NONE');
#2594 = CARTESIAN_POINT ( 'NONE',  ( 55.75000000000000000, -10.00000000000000000, 17.19999999999999929 ) ) ;
#2595 = VECTOR ( 'NONE', #3887, 1000.000000000000000 ) ;
#2596 = APPLICATION_PROTOCOL_DEFINITION ( 'draft international standard', 'automotive_design', 1998, #3324 ) ;
#2597 = DIRECTION ( 'NONE',  ( -1.000000000000000000, 0.000000000000000000, 0.000000000000000000 ) ) ;
#2598 = EDGE_CURVE ( 'NONE', #237, #1072, #771, .T. ) ;
#2599 = CARTESIAN_POINT ( 'NONE',  ( -35.75000000000000711, 0.000000000000000000, 13.19999999999999929 ) ) ;
#2600 = AXIS2_PLACEMENT_3D ( 'NONE', #1209, #3414, #3355 ) ;
#2601 = B_SPLINE_CURVE_WITH_KNOTS ( 'NONE', 3,
 ( #279, #625, #2145, #2211, #4090, #1908 ),
 .UNSPECIFIED., .F., .F.,
 ( 4, 2, 4 ),
 ( 0.004690391960684961621, 0.004964586491248269493, 0.005238781021811576497 ),
 .UNSPECIFIED. ) ;
#2602 = VECTOR ( 'NONE', #695, 1000.000000000000000 ) ;
#2603 = DIRECTION ( 'NONE',  ( 0.000000000000000000, 0.000000000000000000, 1.000000000000000000 ) ) ;
#2604 = VERTEX_POINT ( 'NONE', #3907 ) ;
#2605 = ORIENTED_EDGE ( 'NONE', *, *, #3980, .T. ) ;
#2606 = CARTESIAN_POINT ( 'NONE',  ( 0.000000000000000000, 0.000000000000000000, 4.000000000000000000 ) ) ;
#2607 = ORIENTED_EDGE ( 'NONE', *, *, #1100, .T. ) ;
#2608 = LINE ( 'NONE', #727, #495 ) ;
#2609 = CARTESIAN_POINT ( 'NONE',  ( -8.000000000000000000, 14.15054178657793393, 11.40000000000000036 ) ) ;
#2610 = VERTEX_POINT ( 'NONE', #2651 ) ;
#2611 = CARTESIAN_POINT ( 'NONE',  ( -55.75000000000000000, 0.000000000000000000, 1.199999999999999956 ) ) ;
#2612 = ORIENTED_EDGE ( 'NONE', *, *, #2254, .T. ) ;
#2613 = ORIENTED_EDGE ( 'NONE', *, *, #1645, .F. ) ;
#2614 = DIRECTION ( 'NONE',  ( 0.000000000000000000, -0.000000000000000000, -1.000000000000000000 ) ) ;
#2615 = PRODUCT ( 'up', 'up', '', ( #2261 ) ) ;
#2616 = ORIENTED_EDGE ( 'NONE', *, *, #2136, .T. ) ;
#2617 = CARTESIAN_POINT ( 'NONE',  ( 40.46218521927219314, 12.49657050444528927, -3.000000000000004441 ) ) ;
#2618 = EDGE_CURVE ( 'NONE', #2243, #1822, #2937, .T. ) ;
#2619 = CARTESIAN_POINT ( 'NONE',  ( 0.000000000000000000, 0.000000000000000000, 116.6000000000000085 ) ) ;
#2620 = MANIFOLD_SOLID_BREP ( '凸台-拉伸5', #812 ) ;
#2621 = VECTOR ( 'NONE', #3509, 1000.000000000000000 ) ;
#2622 = LINE ( 'NONE', #786, #1262 ) ;
#2623 = VECTOR ( 'NONE', #3326, 1000.000000000000000 ) ;
#2624 = ADVANCED_FACE ( 'NONE', ( #509 ), #1056, .T. ) ;
#2625 = ORIENTED_EDGE ( 'NONE', *, *, #629, .F. ) ;
#2626 = VERTEX_POINT ( 'NONE', #2712 ) ;
#2627 = DIRECTION ( 'NONE',  ( 0.000000000000000000, 0.000000000000000000, 1.000000000000000000 ) ) ;
#2628 = VECTOR ( 'NONE', #2769, 1000.000000000000000 ) ;
#2629 = ORIENTED_EDGE ( 'NONE', *, *, #3002, .F. ) ;
#2630 = DIRECTION ( 'NONE',  ( -0.000000000000000000, -1.000000000000000000, -0.000000000000000000 ) ) ;
#2631 = EDGE_CURVE ( 'NONE', #1991, #2517, #3344, .T. ) ;
#2632 = CARTESIAN_POINT ( 'NONE',  ( 53.75000000000000000, -2.000000000000000000, 1.199999999999999956 ) ) ;
#2633 = VERTEX_POINT ( 'NONE', #2422 ) ;
#2634 = PLANE ( 'NONE',  #2464 ) ;
#2635 = ORIENTED_EDGE ( 'NONE', *, *, #153, .T. ) ;
#2636 = VERTEX_POINT ( 'NONE', #3060 ) ;
#2637 = CARTESIAN_POINT ( 'NONE',  ( -59.63781478072816356, -50.50342949555436434, -2.200000000000007283 ) ) ;
#2638 = FACE_OUTER_BOUND ( 'NONE', #1841, .T. ) ;
#2639 = DIRECTION ( 'NONE',  ( 1.000000000000000000, -4.625929269271485322E-15, 0.000000000000000000 ) ) ;
#2640 = VERTEX_POINT ( 'NONE', #528 ) ;
#2641 = CARTESIAN_POINT ( 'NONE',  ( 43.75000000000000000, 14.15054178657793393, 9.199999999999999289 ) ) ;
#2642 = FILL_AREA_STYLE ('',( #1368 ) ) ;
#2643 = DIRECTION ( 'NONE',  ( 0.000000000000000000, -1.000000000000000000, 0.000000000000000000 ) ) ;
#2644 = EDGE_CURVE ( 'NONE', #3566, #1420, #2403, .T. ) ;
#2645 = VERTEX_POINT ( 'NONE', #2381 ) ;
#2646 = ORIENTED_EDGE ( 'NONE', *, *, #1247, .F. ) ;
#2647 = PLANE ( 'NONE',  #969 ) ;
#2648 = EDGE_CURVE ( 'NONE', #1031, #2645, #855, .T. ) ;
#2649 = ORIENTED_EDGE ( 'NONE', *, *, #1645, .T. ) ;
#2650 = LINE ( 'NONE', #3302, #9 ) ;
#2651 = CARTESIAN_POINT ( 'NONE',  ( 35.75000000000000711, -4.000000000000000000, 11.60000000000000320 ) ) ;
#2652 = EDGE_CURVE ( 'NONE', #1903, #973, #1750, .T. ) ;
#2653 = ORIENTED_EDGE ( 'NONE', *, *, #618, .T. ) ;
#2654 = ORIENTED_EDGE ( 'NONE', *, *, #1703, .F. ) ;
#2655 = VECTOR ( 'NONE', #716, 1000.000000000000000 ) ;
#2656 = ORIENTED_EDGE ( 'NONE', *, *, #919, .F. ) ;
#2657 = FACE_OUTER_BOUND ( 'NONE', #1979, .T. ) ;
#2658 = DIRECTION ( 'NONE',  ( -0.000000000000000000, -1.000000000000000000, -0.000000000000000000 ) ) ;
#2659 = LINE ( 'NONE', #161, #947 ) ;
#2660 = VERTEX_POINT ( 'NONE', #872 ) ;
#2661 = CARTESIAN_POINT ( 'NONE',  ( 47.46218521927219314, -5.066693348986542198E-15, 0.000000000000000000 ) ) ;
#2662 = SURFACE_SIDE_STYLE ('',( #2329 ) ) ;
#2663 = CARTESIAN_POINT ( 'NONE',  ( 53.75000000000000000, -4.000000000000000000, 16.19999999999999929 ) ) ;
#2664 = VECTOR ( 'NONE', #3785, 1000.000000000000000 ) ;
#2665 = ORIENTED_EDGE ( 'NONE', *, *, #3311, .F. ) ;
#2667 = ORIENTED_EDGE ( 'NONE', *, *, #804, .T. ) ;
#2666 = VECTOR ( 'NONE', #1615, 1000.000000000000000 ) ;
#2668 = DIRECTION ( 'NONE',  ( -0.000000000000000000, 1.000000000000000000, -0.000000000000000000 ) ) ;
#2669 = VERTEX_POINT ( 'NONE', #2999 ) ;
#2670 = FACE_OUTER_BOUND ( 'NONE', #3829, .T. ) ;
#2671 = MECHANICAL_DESIGN_GEOMETRIC_PRESENTATION_REPRESENTATION (  '', ( #436 ), #1859 ) ;
#2672 = EDGE_CURVE ( 'NONE', #2669, #1461, #1115, .T. ) ;
#2673 = CIRCLE ( 'NONE', #1671, 1.500000000000003997 ) ;
#2674 = DIRECTION ( 'NONE',  ( 0.000000000000000000, 0.000000000000000000, 1.000000000000000000 ) ) ;
#2675 = VERTEX_POINT ( 'NONE', #176 ) ;
#2676 = VERTEX_POINT ( 'NONE', #2975 ) ;
#2677 = ADVANCED_FACE ( 'NONE', ( #3020 ), #815, .F. ) ;
#2678 = ORIENTED_EDGE ( 'NONE', *, *, #1276, .T. ) ;
#2679 = CARTESIAN_POINT ( 'NONE',  ( 8.000000000000000000, -4.000000000000000000, 9.199999999999999289 ) ) ;
#2680 = CARTESIAN_POINT ( 'NONE',  ( -6.087814780727985209, -18.00342949555452776, 1.400000000000000133 ) ) ;
#2681 = LINE ( 'NONE', #1382, #819 ) ;
#2682 = VERTEX_POINT ( 'NONE', #835 ) ;
#2683 = EDGE_CURVE ( 'NONE', #2660, #1040, #2041, .T. ) ;
#2684 = CARTESIAN_POINT ( 'NONE',  ( -53.75000000000000000, -6.000000000000000000, 17.19999999999999929 ) ) ;
#2685 = VECTOR ( 'NONE', #391, 1000.000000000000000 ) ;
#2686 = ORIENTED_EDGE ( 'NONE', *, *, #3370, .T. ) ;
#2687 = ORIENTED_EDGE ( 'NONE', *, *, #3366, .T. ) ;
#2688 = ORIENTED_EDGE ( 'NONE', *, *, #1877, .F. ) ;
#2689 = PLANE ( 'NONE',  #1011 ) ;
#2690 = VECTOR ( 'NONE', #1295, 1000.000000000000000 ) ;
#2691 = AXIS2_PLACEMENT_3D ( 'NONE', #2397, #851, #505 ) ;
#2692 = CARTESIAN_POINT ( 'NONE',  ( 47.66218521927218887, -50.50342949555436434, 4.000000000000000000 ) ) ;
#2693 = ORIENTED_EDGE ( 'NONE', *, *, #503, .T. ) ;
#2694 = ORIENTED_EDGE ( 'NONE', *, *, #2750, .F. ) ;
#2695 = EDGE_CURVE ( 'NONE', #3214, #1535, #1710, .T. ) ;
#2696 = CIRCLE ( 'NONE', #911, 1.500000000000000666 ) ;
#2697 = VERTEX_POINT ( 'NONE', #152 ) ;
#2698 = CARTESIAN_POINT ( 'NONE',  ( 47.46218521927218603, -46.50342949555435723, 4.000000000000003553 ) ) ;
#2699 = DIRECTION ( 'NONE',  ( -0.000000000000000000, -0.000000000000000000, 1.000000000000000000 ) ) ;
#2700 = CARTESIAN_POINT ( 'NONE',  ( -43.75000000000000000, 14.15054178657793393, 9.199999999999999289 ) ) ;
#2701 = EDGE_LOOP ( 'NONE', ( #2362, #96, #3554, #1212 ) ) ;
#2702 = EDGE_CURVE ( 'NONE', #4043, #2610, #3300, .T. ) ;
#2703 = EDGE_CURVE ( 'NONE', #79, #3365, #1418, .T. ) ;
#2704 = DIRECTION ( 'NONE',  ( 1.000000000000000000, 0.000000000000000000, 0.000000000000000000 ) ) ;
#2705 = DIRECTION ( 'NONE',  ( 2.478176394252582620E-16, -1.000000000000000000, 0.000000000000000000 ) ) ;
#2706 = ORIENTED_EDGE ( 'NONE', *, *, #3896, .F. ) ;
#2707 = LINE ( 'NONE', #1765, #255 ) ;
#2708 = VERTEX_POINT ( 'NONE', #2733 ) ;
#2709 = AXIS2_PLACEMENT_3D ( 'NONE', #2079, #3359, #252 ) ;
#2710 = CARTESIAN_POINT ( 'NONE',  ( -55.75000000000000000, 0.000000000000000000, 17.19999999999999929 ) ) ;
#2711 = ADVANCED_BREP_SHAPE_REPRESENTATION ( '', ( #1347, #3063 ), #886 ) ;
#2712 = CARTESIAN_POINT ( 'NONE',  ( 8.000000000000003553, -1.999999999999998224, 9.199999999999999289 ) ) ;
#2713 = EDGE_LOOP ( 'NONE', ( #4055, #198, #3191, #2078, #3166, #3986, #3024, #134, #3902, #3121, #493, #712, #1477, #2893, #3549, #2706, #1327, #1835, #3158 ) ) ;
#2714 = B_SPLINE_CURVE_WITH_KNOTS ( 'NONE', 3,
 ( #1907, #3181, #362, #1600 ),
 .UNSPECIFIED., .F., .F.,
 ( 4, 4 ),
 ( 0.000000000000000000, 0.0005479104499823890008 ),
 .UNSPECIFIED. ) ;
#2715 = PRODUCT_RELATED_PRODUCT_CATEGORY ( 'part', '', ( #2314 ) ) ;
#2716 = VERTEX_POINT ( 'NONE', #2361 ) ;
#2717 = DIRECTION ( 'NONE',  ( 1.000000000000000000, -0.000000000000000000, 0.000000000000000000 ) ) ;
#2718 = DIRECTION ( 'NONE',  ( 0.000000000000000000, 0.000000000000000000, -1.000000000000000000 ) ) ;
#2719 = CARTESIAN_POINT ( 'NONE',  ( -6.087814780727985209, -18.00342949555452776, 0.000000000000000000 ) ) ;
#2720 = EDGE_LOOP ( 'NONE', ( #2015, #832, #2605, #1576 ) ) ;
#2721 = ADVANCED_FACE ( 'NONE', ( #4008 ), #3635, .F. ) ;
#2722 = PRESENTATION_STYLE_ASSIGNMENT (( #242 ) ) ;
#2723 = DIRECTION ( 'NONE',  ( -1.000000000000000000, 0.000000000000000000, 0.000000000000000000 ) ) ;
#2724 = LINE ( 'NONE', #571, #1197 ) ;
#2725 = VECTOR ( 'NONE', #1947, 1000.000000000000000 ) ;
#2726 = EDGE_CURVE ( 'NONE', #2474, #2971, #2810, .T. ) ;
#2727 = LINE ( 'NONE', #3649, #2856 ) ;
#2728 = VERTEX_POINT ( 'NONE', #3480 ) ;
#2729 = VECTOR ( 'NONE', #3165, 1000.000000000000000 ) ;
#2730 = ORIENTED_EDGE ( 'NONE', *, *, #3104, .F. ) ;
#2731 = CARTESIAN_POINT ( 'NONE',  ( 0.000000000000000000, -4.000000000000000000, 13.19999999999999929 ) ) ;
#2732 = VECTOR ( 'NONE', #3619, 1000.000000000000000 ) ;
#2733 = CARTESIAN_POINT ( 'NONE',  ( 43.75000000000000000, -1.999999999999998224, 11.40000000000000036 ) ) ;
#2734 = VERTEX_POINT ( 'NONE', #3120 ) ;
#2735 = EDGE_LOOP ( 'NONE', ( #3082, #3401, #1964, #1335 ) ) ;
#2736 = AXIS2_PLACEMENT_3D ( 'NONE', #2395, #556, #575 ) ;
#2737 = AXIS2_PLACEMENT_3D ( 'NONE', #2380, #3654, #1689 ) ;
#2738 = LINE ( 'NONE', #2812, #3727 ) ;
#2739 = DIRECTION ( 'NONE',  ( 1.000000000000000000, 0.000000000000000000, 0.000000000000000000 ) ) ;
#2740 = CARTESIAN_POINT ( 'NONE',  ( -14.08781478072798699, -48.50342949555436434, -2.200000000000004619 ) ) ;
#2741 = EDGE_LOOP ( 'NONE', ( #506, #2383, #1081, #3796 ) ) ;
#2742 = CARTESIAN_POINT ( 'NONE',  ( -6.540688796822417217, -48.50018738954278064, 1.432942770461677506 ) ) ;
#2743 = PLANE ( 'NONE',  #938 ) ;
#2744 = EDGE_CURVE ( 'NONE', #3551, #2243, #2845, .T. ) ;
#2745 = DIRECTION ( 'NONE',  ( -0.000000000000000000, 1.000000000000000000, -0.000000000000000000 ) ) ;
#2746 = ORIENTED_EDGE ( 'NONE', *, *, #1731, .T. ) ;
#2747 = DIRECTION ( 'NONE',  ( 0.000000000000000000, 1.000000000000000000, 0.000000000000000000 ) ) ;
#2748 = ORIENTED_EDGE ( 'NONE', *, *, #2563, .F. ) ;
#2749 = DIRECTION ( 'NONE',  ( 0.000000000000000000, -1.000000000000000000, 0.000000000000000000 ) ) ;
#2750 = EDGE_CURVE ( 'NONE', #3613, #1420, #2119, .T. ) ;
#2751 = ORIENTED_EDGE ( 'NONE', *, *, #3259, .F. ) ;
#2752 = ADVANCED_FACE ( 'NONE', ( #3442, #2518, #3099, #4067 ), #2141, .F. ) ;
#2753 = CARTESIAN_POINT ( 'NONE',  ( 47.46218521927219314, 10.49657050444530526, -3.000000000000004441 ) ) ;
#2754 = VECTOR ( 'NONE', #238, 1000.000000000000000 ) ;
#2755 = DIRECTION ( 'NONE',  ( 1.000000000000000000, 0.000000000000000000, -0.000000000000000000 ) ) ;
#2756 = DIRECTION ( 'NONE',  ( -1.000000000000000000, 0.000000000000000000, -0.000000000000000000 ) ) ;
#2757 = DIRECTION ( 'NONE',  ( 1.000000000000000000, 0.000000000000000000, 0.000000000000000000 ) ) ;
#2758 = ORIENTED_EDGE ( 'NONE', *, *, #3932, .F. ) ;
#2759 = LINE ( 'NONE', #1181, #2912 ) ;
#2760 = DIRECTION ( 'NONE',  ( 0.000000000000000000, 0.000000000000000000, 1.000000000000000000 ) ) ;
#2761 = DIRECTION ( 'NONE',  ( 0.000000000000000000, 0.000000000000000000, 1.000000000000000000 ) ) ;
#2762 = ORIENTED_EDGE ( 'NONE', *, *, #4004, .T. ) ;
#2763 = EDGE_CURVE ( 'NONE', #16, #3323, #319, .T. ) ;
#2764 = CARTESIAN_POINT ( 'NONE',  ( 0.000000000000000000, 12.49657050444528927, -2.200000000000004619 ) ) ;
#2765 = VERTEX_POINT ( 'NONE', #1802 ) ;
#2766 = LINE ( 'NONE', #3378, #1118 ) ;
#2767 = EDGE_CURVE ( 'NONE', #1040, #3454, #3080, .T. ) ;
#2768 = EDGE_LOOP ( 'NONE', ( #1971, #394 ) ) ;
#2769 = DIRECTION ( 'NONE',  ( 0.000000000000000000, 1.000000000000000000, 0.000000000000000000 ) ) ;
#2770 = ORIENTED_EDGE ( 'NONE', *, *, #2034, .F. ) ;
#2771 = CARTESIAN_POINT ( 'NONE',  ( 55.75000000000000000, -6.000000000000000000, 17.19999999999999929 ) ) ;
#2772 = EDGE_CURVE ( 'NONE', #468, #3056, #1192, .T. ) ;
#2773 = FACE_OUTER_BOUND ( 'NONE', #3540, .T. ) ;
#2774 = DIRECTION ( 'NONE',  ( 1.000000000000000000, 0.000000000000000000, 0.000000000000000000 ) ) ;
#2775 = ORIENTED_EDGE ( 'NONE', *, *, #2683, .T. ) ;
#2776 = DIRECTION ( 'NONE',  ( -0.000000000000000000, 1.000000000000000000, -0.000000000000000000 ) ) ;
#2777 = VECTOR ( 'NONE', #2353, 1000.000000000000000 ) ;
#2778 = CARTESIAN_POINT ( 'NONE',  ( -6.087814780727985209, -18.00342949555452776, -1.199999999999999956 ) ) ;
#2779 = DIRECTION ( 'NONE',  ( -1.000000000000000000, 0.000000000000000000, 0.000000000000000000 ) ) ;
#2780 = ORIENTED_EDGE ( 'NONE', *, *, #2911, .T. ) ;
#2781 = DIRECTION ( 'NONE',  ( 0.000000000000000000, -0.000000000000000000, -1.000000000000000000 ) ) ;
#2782 = VERTEX_POINT ( 'NONE', #4086 ) ;
#2783 = VECTOR ( 'NONE', #2415, 1000.000000000000000 ) ;
#2784 = DIRECTION ( 'NONE',  ( -0.000000000000000000, 0.000000000000000000, 1.000000000000000000 ) ) ;
#2785 = EDGE_CURVE ( 'NONE', #2279, #2084, #1499, .T. ) ;
#2786 = VECTOR ( 'NONE', #2327, 1000.000000000000000 ) ;
#2787 = CARTESIAN_POINT ( 'NONE',  ( -41.83781478072816640, 10.49657050444530526, -3.469446951953614189E-15 ) ) ;
#2788 = PLANE ( 'NONE',  #937 ) ;
#2789 = ADVANCED_FACE ( 'NONE', ( #1514 ), #15, .F. ) ;
#2790 = AXIS2_PLACEMENT_3D ( 'NONE', #1158, #2127, #240 ) ;
#2791 = CYLINDRICAL_SURFACE ( 'NONE', #1227, 1.500000000000000666 ) ;
#2792 = AXIS2_PLACEMENT_3D ( 'NONE', #338, #3118, #1884 ) ;
#2793 = LINE ( 'NONE', #4034, #2098 ) ;
#2794 = B_SPLINE_CURVE_WITH_KNOTS ( 'NONE', 3,
 ( #1829, #1, #1261, #2800 ),
 .UNSPECIFIED., .F., .F.,
 ( 4, 4 ),
 ( 0.0005479104499823890008, 0.001095633240775881374 ),
 .UNSPECIFIED. ) ;
#2795 = CARTESIAN_POINT ( 'NONE',  ( 43.75000000000000000, 14.15054178657793393, 11.40000000000000036 ) ) ;
#2796 = VERTEX_POINT ( 'NONE', #2479 ) ;
#2797 = EDGE_CURVE ( 'NONE', #1249, #1644, #711, .T. ) ;
#2798 = MECHANICAL_DESIGN_GEOMETRIC_PRESENTATION_REPRESENTATION (  '', ( #826 ), #755 ) ;
#2799 = AXIS2_PLACEMENT_3D ( 'NONE', #3349, #798, #3327 ) ;
#2800 = CARTESIAN_POINT ( 'NONE',  ( -5.549298300014720908, 12.49181603551146402, 1.400000000000000133 ) ) ;
#2801 = DIRECTION ( 'NONE',  ( 0.000000000000000000, -1.000000000000000000, 0.000000000000000000 ) ) ;
#2802 = EDGE_CURVE ( 'NONE', #1078, #2555, #4028, .T. ) ;
#2803 = DIRECTION ( 'NONE',  ( 4.336808689942013792E-16, 1.000000000000000000, 0.000000000000000000 ) ) ;
#2804 = ORIENTED_EDGE ( 'NONE', *, *, #880, .T. ) ;
#2805 = CARTESIAN_POINT ( 'NONE',  ( -14.08781478072798699, -50.50342949555436434, -2.200000000000004619 ) ) ;
#2806 = DIRECTION ( 'NONE',  ( -0.000000000000000000, -1.000000000000000000, -0.000000000000000000 ) ) ;
#2807 = DIRECTION ( 'NONE',  ( -0.000000000000000000, -1.000000000000000000, -0.000000000000000000 ) ) ;
#2808 = ORIENTED_EDGE ( 'NONE', *, *, #2865, .T. ) ;
#2809 = ORIENTED_EDGE ( 'NONE', *, *, #94, .F. ) ;
#2810 = LINE ( 'NONE', #1577, #909 ) ;
#2811 = ORIENTED_EDGE ( 'NONE', *, *, #3413, .T. ) ;
#2812 = CARTESIAN_POINT ( 'NONE',  ( 32.66218521927219598, -18.50342949555436434, 4.000000000000000000 ) ) ;
#2813 = DIRECTION ( 'NONE',  ( -0.000000000000000000, -1.000000000000000000, -0.000000000000000000 ) ) ;
#2814 = EDGE_CURVE ( 'NONE', #2588, #800, #3461, .T. ) ;
#2815 = CARTESIAN_POINT ( 'NONE',  ( 47.46218521927219314, -5.066693348986541409E-15, 69.00030769157909560 ) ) ;
#2816 = ORIENTED_EDGE ( 'NONE', *, *, #1446, .T. ) ;
#2817 = VECTOR ( 'NONE', #3348, 1000.000000000000000 ) ;
#2818 = LINE ( 'NONE', #2877, #842 ) ;
#2819 = CIRCLE ( 'NONE', #521, 1.500000000000003997 ) ;
#2820 = ADVANCED_FACE ( 'NONE', ( #953, #2207, #640, #1887 ), #3160, .T. ) ;
#2821 = CARTESIAN_POINT ( 'NONE',  ( -53.74999999999997158, -10.00000000000000000, 1.199999999999999956 ) ) ;
#2822 = DIRECTION ( 'NONE',  ( 0.000000000000000000, 1.000000000000000000, 0.000000000000000000 ) ) ;
#2823 = ORIENTED_EDGE ( 'NONE', *, *, #3644, .T. ) ;
#2824 = ADVANCED_FACE ( 'NONE', ( #1687 ), #2647, .F. ) ;
#2825 = CARTESIAN_POINT ( 'NONE',  ( -6.626331261441591458, 12.49181603551145692, 1.400000000000000133 ) ) ;
#2826 = CARTESIAN_POINT ( 'NONE',  ( 8.000000000000003553, -4.000000000000000000, 11.40000000000000036 ) ) ;
#2827 = PLANE ( 'NONE',  #1470 ) ;
#2828 = ORIENTED_EDGE ( 'NONE', *, *, #428, .T. ) ;
#2829 = DIRECTION ( 'NONE',  ( 0.000000000000000000, 0.000000000000000000, -1.000000000000000000 ) ) ;
#2830 = AXIS2_PLACEMENT_3D ( 'NONE', #889, #2749, #3439 ) ;
#2831 = CYLINDRICAL_SURFACE ( 'NONE', #780, 1.599999999999997202 ) ;
#2832 = FACE_OUTER_BOUND ( 'NONE', #2576, .T. ) ;
#2833 = DIRECTION ( 'NONE',  ( 0.000000000000000000, 0.000000000000000000, 1.000000000000000000 ) ) ;
#2834 = ORIENTED_EDGE ( 'NONE', *, *, #1294, .T. ) ;
#2835 = DIRECTION ( 'NONE',  ( 0.000000000000000000, -1.000000000000000000, 0.000000000000000000 ) ) ;
#2836 = EDGE_CURVE ( 'NONE', #2148, #2279, #3276, .T. ) ;
#2837 = CARTESIAN_POINT ( 'NONE',  ( -53.75000000000000000, -6.000000000000000000, 17.19999999999999929 ) ) ;
#2838 = CARTESIAN_POINT ( 'NONE',  ( -52.63781478072815645, 14.49657050444530348, -2.200000000000004619 ) ) ;
#2839 = DIRECTION ( 'NONE',  ( 0.000000000000000000, -0.000000000000000000, -1.000000000000000000 ) ) ;
#2840 = LINE ( 'NONE', #3497, #666 ) ;
#2841 = VECTOR ( 'NONE', #1045, 1000.000000000000000 ) ;
#2842 = DIRECTION ( 'NONE',  ( 1.000000000000000000, 0.000000000000000000, -0.000000000000000000 ) ) ;
#2843 = ORIENTED_EDGE ( 'NONE', *, *, #398, .F. ) ;
#2844 = ORIENTED_EDGE ( 'NONE', *, *, #629, .T. ) ;
#2845 = LINE ( 'NONE', #2536, #582 ) ;
#2846 = PLANE ( 'NONE',  #2059 ) ;
#2847 = CIRCLE ( 'NONE', #1135, 1.599999999999997202 ) ;
#2848 = VECTOR ( 'NONE', #130, 1000.000000000000000 ) ;
#2849 = B_SPLINE_CURVE_WITH_KNOTS ( 'NONE', 3,
 ( #1570, #3111, #2238, #289 ),
 .UNSPECIFIED., .F., .F.,
 ( 4, 4 ),
 ( 2.818925648462311528E-18, 0.003246611082086657725 ),
 .UNSPECIFIED. ) ;
#2850 = CARTESIAN_POINT ( 'NONE',  ( -41.83781478072816640, 14.49657050444530526, 1.500000000000000444 ) ) ;
#2851 = DIRECTION ( 'NONE',  ( 0.000000000000000000, -1.000000000000000000, 0.000000000000000000 ) ) ;
#2852 = CARTESIAN_POINT ( 'NONE',  ( -59.63781478072815645, 10.49657050444530526, -3.000000000000004441 ) ) ;
#2853 = ORIENTED_EDGE ( 'NONE', *, *, #3975, .F. ) ;
#2854 = VECTOR ( 'NONE', #45, 1000.000000000000000 ) ;
#2855 = VECTOR ( 'NONE', #3392, 1000.000000000000000 ) ;
#2856 = VECTOR ( 'NONE', #3033, 1000.000000000000000 ) ;
#2857 = AXIS2_PLACEMENT_3D ( 'NONE', #3320, #1073, #3016 ) ;
#2858 = CARTESIAN_POINT ( 'NONE',  ( 1.912185219272014347, -50.50342949555436434, -2.200000000000004619 ) ) ;
#2859 = ORIENTED_EDGE ( 'NONE', *, *, #2520, .F. ) ;
#2860 = DIRECTION ( 'NONE',  ( -1.000000000000000000, 0.000000000000000000, 0.000000000000000000 ) ) ;
#2861 = PRODUCT_DEFINITION_FORMATION_WITH_SPECIFIED_SOURCE ( '任何', '', #2314, .NOT_KNOWN. ) ;
#2862 = CARTESIAN_POINT ( 'NONE',  ( 35.75000000000000711, 0.001000000000000132727, 13.19999999999999929 ) ) ;
#2863 = DIRECTION ( 'NONE',  ( 1.000000000000000000, 0.000000000000000000, -0.000000000000000000 ) ) ;
#2864 = FACE_BOUND ( 'NONE', #3159, .T. ) ;
#2865 = EDGE_CURVE ( 'NONE', #3323, #560, #2225, .T. ) ;
#2866 = DIRECTION ( 'NONE',  ( 0.000000000000000000, 0.000000000000000000, 1.000000000000000000 ) ) ;
#2867 = ORIENTED_EDGE ( 'NONE', *, *, #1207, .F. ) ;
#2868 = ORIENTED_EDGE ( 'NONE', *, *, #2022, .T. ) ;
#2869 = CARTESIAN_POINT ( 'NONE',  ( 0.000000000000000000, -4.000000000000000000, 0.000000000000000000 ) ) ;
#2870 = EDGE_CURVE ( 'NONE', #3665, #2398, #2819, .T. ) ;
#2871 = LINE ( 'NONE', #62, #3593 ) ;
#2872 = DIRECTION ( 'NONE',  ( 1.000000000000000000, 0.000000000000000000, -0.000000000000000000 ) ) ;
#2873 = ADVANCED_FACE ( 'NONE', ( #682 ), #128, .F. ) ;
#2874 = LINE ( 'NONE', #44, #3484 ) ;
#2875 = CARTESIAN_POINT ( 'NONE',  ( 47.46218521927219314, 12.49657050444528927, -2.200000000000004619 ) ) ;
#2876 = ORIENTED_EDGE ( 'NONE', *, *, #534, .F. ) ;
#2877 = CARTESIAN_POINT ( 'NONE',  ( -53.75000000000000000, -2.000000000000000000, 9.199999999999999289 ) ) ;
#2878 = VECTOR ( 'NONE', #329, 1000.000000000000000 ) ;
#2879 = VERTEX_POINT ( 'NONE', #659 ) ;
#2880 = LINE ( 'NONE', #592, #1394 ) ;
#2881 = DIRECTION ( 'NONE',  ( -1.000000000000000000, -6.982962677686266711E-15, 0.000000000000000000 ) ) ;
#2882 = AXIS2_PLACEMENT_3D ( 'NONE', #3004, #1156, #2755 ) ;
#2883 = LINE ( 'NONE', #980, #2333 ) ;
#2884 = LINE ( 'NONE', #719, #2976 ) ;
#2885 = CARTESIAN_POINT ( 'NONE',  ( -52.63781478072816356, -48.50342949555435013, -3.000000000000004441 ) ) ;
#2886 = DIRECTION ( 'NONE',  ( 0.000000000000000000, 0.000000000000000000, -1.000000000000000000 ) ) ;
#2887 = VECTOR ( 'NONE', #1972, 1000.000000000000000 ) ;
#2888 = ADVANCED_FACE ( 'NONE', ( #1904, #3179 ), #3227, .T. ) ;
#2889 = CARTESIAN_POINT ( 'NONE',  ( -53.75000000000000000, -4.000000000000000000, 9.199999999999999289 ) ) ;
#2890 = ORIENTED_EDGE ( 'NONE', *, *, #3284, .T. ) ;
#2891 = ORIENTED_EDGE ( 'NONE', *, *, #2321, .F. ) ;
#2892 = FACE_OUTER_BOUND ( 'NONE', #4109, .T. ) ;
#2893 = ORIENTED_EDGE ( 'NONE', *, *, #1224, .F. ) ;
#2894 = EDGE_CURVE ( 'NONE', #485, #996, #1310, .T. ) ;
#2895 = CARTESIAN_POINT ( 'NONE',  ( 7.791666477590275974, 10.49657050444530526, 0.000000000000000000 ) ) ;
#2896 = DIRECTION ( 'NONE',  ( 0.000000000000000000, 0.000000000000000000, 1.000000000000000000 ) ) ;
#2897 = ORIENTED_EDGE ( 'NONE', *, *, #1666, .T. ) ;
#2898 = EDGE_CURVE ( 'NONE', #768, #965, #2311, .T. ) ;
#2899 = ORIENTED_EDGE ( 'NONE', *, *, #1176, .T. ) ;
#2900 = DIRECTION ( 'NONE',  ( -0.000000000000000000, -1.000000000000000000, -0.000000000000000000 ) ) ;
#2901 = DIRECTION ( 'NONE',  ( 1.000000000000000000, 0.000000000000000000, 0.000000000000000000 ) ) ;
#2902 = EDGE_LOOP ( 'NONE', ( #1828, #2168, #455, #3297, #1383, #2616, #1494, #262 ) ) ;
#2903 = LINE ( 'NONE', #1043, #2655 ) ;
#2904 = DIRECTION ( 'NONE',  ( 0.000000000000000000, 0.000000000000000000, 1.000000000000000000 ) ) ;
#2905 = DIRECTION ( 'NONE',  ( -0.000000000000000000, 0.000000000000000000, -1.000000000000000000 ) ) ;
#2906 = ORIENTED_EDGE ( 'NONE', *, *, #2941, .T. ) ;
#2907 = VERTEX_POINT ( 'NONE', #1291 ) ;
#2908 = DIRECTION ( 'NONE',  ( 0.000000000000000000, 0.000000000000000000, -1.000000000000000000 ) ) ;
#2909 = ORIENTED_EDGE ( 'NONE', *, *, #951, .T. ) ;
#2910 = VECTOR ( 'NONE', #997, 1000.000000000000000 ) ;
#2911 = EDGE_CURVE ( 'NONE', #1535, #3786, #3564, .T. ) ;
#2912 = VECTOR ( 'NONE', #881, 1000.000000000000000 ) ;
#2913 = CARTESIAN_POINT ( 'NONE',  ( -41.83781478072816640, 10.49657050444530526, -3.469446951953614189E-15 ) ) ;
#2914 = EDGE_LOOP ( 'NONE', ( #1290, #935 ) ) ;
#2915 = DIRECTION ( 'NONE',  ( 1.000000000000000000, 0.000000000000000000, -0.000000000000000000 ) ) ;
#2916 = ORIENTED_EDGE ( 'NONE', *, *, #1441, .F. ) ;
#2917 = EDGE_CURVE ( 'NONE', #3929, #905, #3585, .T. ) ;
#2918 = CIRCLE ( 'NONE', #156, 1.500000000000000666 ) ;
#2919 = ORIENTED_EDGE ( 'NONE', *, *, #1895, .T. ) ;
#2920 = FACE_OUTER_BOUND ( 'NONE', #87, .T. ) ;
#2921 = AXIS2_PLACEMENT_3D ( 'NONE', #17, #2226, #3502 ) ;
#2922 = VECTOR ( 'NONE', #3294, 1000.000000000000000 ) ;
#2923 = VERTEX_POINT ( 'NONE', #1618 ) ;
#2924 = ADVANCED_FACE ( 'NONE', ( #2892 ), #60, .F. ) ;
#2925 = DIRECTION ( 'NONE',  ( 0.000000000000000000, -0.000000000000000000, 1.000000000000000000 ) ) ;
#2926 = AXIS2_PLACEMENT_3D ( 'NONE', #1084, #2965, #3496 ) ;
#2927 = PRODUCT_CONTEXT ( 'NONE', #1609, 'mechanical' ) ;
#2928 =( NAMED_UNIT ( * ) SI_UNIT ( $, .STERADIAN. ) SOLID_ANGLE_UNIT ( ) );
#2929 = FACE_BOUND ( 'NONE', #3137, .T. ) ;
#2930 = EDGE_CURVE ( 'NONE', #1339, #4085, #3882, .T. ) ;
#2931 = VECTOR ( 'NONE', #3195, 1000.000000000000000 ) ;
#2932 = VERTEX_POINT ( 'NONE', #701 ) ;
#2933 = ORIENTED_EDGE ( 'NONE', *, *, #854, .F. ) ;
#2934 = CARTESIAN_POINT ( 'NONE',  ( 40.46218521927218603, -50.50342949555436434, -2.200000000000004619 ) ) ;
#2935 = VERTEX_POINT ( 'NONE', #3247 ) ;
#2936 = CARTESIAN_POINT ( 'NONE',  ( 1.912185219272021452, 12.49657050444528927, -3.000000000000004441 ) ) ;
#2937 = LINE ( 'NONE', #2632, #117 ) ;
#2938 = ORIENTED_EDGE ( 'NONE', *, *, #1969, .T. ) ;
#2939 = CARTESIAN_POINT ( 'NONE',  ( 53.75000000000000000, -1.999999999999998224, 11.40000000000000036 ) ) ;
#2940 = ORIENTED_EDGE ( 'NONE', *, *, #226, .F. ) ;
#2941 = EDGE_CURVE ( 'NONE', #298, #3910, #725, .T. ) ;
#2942 = ORIENTED_EDGE ( 'NONE', *, *, #1721, .T. ) ;
#2943 = B_SPLINE_CURVE_WITH_KNOTS ( 'NONE', 3,
 ( #2895, #1623, #3885, #987 ),
 .UNSPECIFIED., .F., .F.,
 ( 4, 4 ),
 ( 1.834179626868163950E-18, 0.003246611082086665098 ),
 .UNSPECIFIED. ) ;
#2944 = LINE ( 'NONE', #1714, #963 ) ;
#2945 = LINE ( 'NONE', #1363, #4006 ) ;
#2946 = VERTEX_POINT ( 'NONE', #420 ) ;
#2947 =( LENGTH_UNIT ( ) NAMED_UNIT ( * ) SI_UNIT ( .MILLI., .METRE. ) );
#2948 = ADVANCED_FACE ( 'NONE', ( #1638 ), #3922, .F. ) ;
#2949 =( LENGTH_UNIT ( ) NAMED_UNIT ( * ) SI_UNIT ( .MILLI., .METRE. ) );
#2950 = VECTOR ( 'NONE', #1962, 1000.000000000000000 ) ;
#2951 = DIRECTION ( 'NONE',  ( 0.000000000000000000, 0.000000000000000000, 1.000000000000000000 ) ) ;
#2952 = VECTOR ( 'NONE', #2739, 1000.000000000000000 ) ;
#2953 = EDGE_CURVE ( 'NONE', #59, #3739, #3968, .T. ) ;
#2954 = ORIENTED_EDGE ( 'NONE', *, *, #3410, .T. ) ;
#2955 = EDGE_LOOP ( 'NONE', ( #2665, #1239, #234, #2828 ) ) ;
#2956 = CARTESIAN_POINT ( 'NONE',  ( -41.83781478072816640, 14.49657050444530526, -3.469446951953614189E-15 ) ) ;
#2957 = AXIS2_PLACEMENT_3D ( 'NONE', #830, #2668, #3299 ) ;
#2958 = ORIENTED_EDGE ( 'NONE', *, *, #4024, .T. ) ;
#2959 = LINE ( 'NONE', #1375, #822 ) ;
#2960 = DIRECTION ( 'NONE',  ( 0.000000000000000000, 0.000000000000000000, 1.000000000000000000 ) ) ;
#2961 = ORIENTED_EDGE ( 'NONE', *, *, #2767, .T. ) ;
#2962 = VERTEX_POINT ( 'NONE', #1454 ) ;
#2963 = CARTESIAN_POINT ( 'NONE',  ( -6.087814780728155739, 14.49657050444530526, -5.204170427930421283E-15 ) ) ;
#2964 = CARTESIAN_POINT ( 'NONE',  ( -55.75000000000000000, 0.000000000000000000, 0.000000000000000000 ) ) ;
#2965 = DIRECTION ( 'NONE',  ( 0.000000000000000000, 1.000000000000000000, 0.000000000000000000 ) ) ;
#2966 = ORIENTED_EDGE ( 'NONE', *, *, #74, .F. ) ;
#2967 = CARTESIAN_POINT ( 'NONE',  ( -53.75000000000000000, -4.000000000000000000, 17.19999999999999929 ) ) ;
#2968 = DIRECTION ( 'NONE',  ( 0.000000000000000000, 0.000000000000000000, 1.000000000000000000 ) ) ;
#2969 = EDGE_CURVE ( 'NONE', #1008, #1309, #3827, .T. ) ;
#2970 = ORIENTED_EDGE ( 'NONE', *, *, #1709, .F. ) ;
#2971 = VERTEX_POINT ( 'NONE', #3676 ) ;
#2972 = ORIENTED_EDGE ( 'NONE', *, *, #3361, .F. ) ;
#2973 = PLANE ( 'NONE',  #1783 ) ;
#2974 = ADVANCED_FACE ( 'NONE', ( #3698 ), #1393, .F. ) ;
#2975 = CARTESIAN_POINT ( 'NONE',  ( 35.75000000000000711, 0.000000000000000000, 11.60000000000000320 ) ) ;
#2976 = VECTOR ( 'NONE', #3811, 1000.000000000000000 ) ;
#2977 = ORIENTED_EDGE ( 'NONE', *, *, #2702, .T. ) ;
#2978 = CIRCLE ( 'NONE', #3857, 1.599999999999997202 ) ;
#2979 = ORIENTED_EDGE ( 'NONE', *, *, #377, .F. ) ;
#2980 = VECTOR ( 'NONE', #2801, 1000.000000000000000 ) ;
#2981 = EDGE_LOOP ( 'NONE', ( #3417, #2940 ) ) ;
#2982 = CARTESIAN_POINT ( 'NONE',  ( -6.087814780728155739, 10.49657050444530526, -5.204170427930421283E-15 ) ) ;
#2983 = DIRECTION ( 'NONE',  ( 1.000000000000000000, 0.000000000000000000, 0.000000000000000000 ) ) ;
#2984 = CARTESIAN_POINT ( 'NONE',  ( 40.46218521927219314, 14.49657050444529105, -3.000000000000004441 ) ) ;
#2985 = CIRCLE ( 'NONE', #1781, 1.599999999999997202 ) ;
#2986 = EDGE_LOOP ( 'NONE', ( #1476, #2063, #2388, #2334, #371, #111, #1798, #127, #1379, #4061 ) ) ;
#2987 = LINE ( 'NONE', #1087, #2577 ) ;
#2988 = LINE ( 'NONE', #1410, #671 ) ;
#2989 = LINE ( 'NONE', #2354, #2922 ) ;
#2990 = AXIS2_PLACEMENT_3D ( 'NONE', #1408, #2369, #675 ) ;
#2991 = EDGE_LOOP ( 'NONE', ( #737, #3704, #977, #3329 ) ) ;
#2992 = EDGE_CURVE ( 'NONE', #1132, #2640, #1112, .T. ) ;
#2994 = ORIENTED_EDGE ( 'NONE', *, *, #2184, .T. ) ;
#2993 = CIRCLE ( 'NONE', #1734, 30.50000000000000355 ) ;
#2995 = FACE_OUTER_BOUND ( 'NONE', #2096, .T. ) ;
#2996 = EDGE_LOOP ( 'NONE', ( #985, #3886, #1174, #794 ) ) ;
#2997 = CARTESIAN_POINT ( 'NONE',  ( -53.75000000000000000, 14.15054178657793393, 11.40000000000000036 ) ) ;
#2998 = EDGE_CURVE ( 'NONE', #256, #1331, #1107, .T. ) ;
#2999 = CARTESIAN_POINT ( 'NONE',  ( -43.75000000000000000, -4.000000000000000000, 9.199999999999999289 ) ) ;
#3000 = ORIENTED_EDGE ( 'NONE', *, *, #3686, .T. ) ;
#3001 = ORIENTED_EDGE ( 'NONE', *, *, #1276, .F. ) ;
#3002 = EDGE_CURVE ( 'NONE', #1036, #1072, #322, .T. ) ;
#3003 = VERTEX_POINT ( 'NONE', #481 ) ;
#3004 = CARTESIAN_POINT ( 'NONE',  ( 53.75000000000000000, 14.15054178657793393, 11.40000000000000036 ) ) ;
#3005 = CARTESIAN_POINT ( 'NONE',  ( -35.75000000000000711, -4.000000000000000000, 13.19999999999999929 ) ) ;
#3006 = LINE ( 'NONE', #4054, #2401 ) ;
#3007 = ORIENTED_EDGE ( 'NONE', *, *, #3985, .T. ) ;
#3008 = CARTESIAN_POINT ( 'NONE',  ( 53.75000000000000000, -2.000000000000000000, 16.19999999999999929 ) ) ;
#3009 = DIRECTION ( 'NONE',  ( -0.000000000000000000, -0.000000000000000000, 1.000000000000000000 ) ) ;
#3010 = DIRECTION ( 'NONE',  ( -0.000000000000000000, 1.000000000000000000, -0.000000000000000000 ) ) ;
#3011 = AXIS2_PLACEMENT_3D ( 'NONE', #708, #366, #3142 ) ;
#3012 = FACE_OUTER_BOUND ( 'NONE', #2480, .T. ) ;
#3013 = ORIENTED_EDGE ( 'NONE', *, *, #1946, .F. ) ;
#3014 = FACE_OUTER_BOUND ( 'NONE', #3460, .T. ) ;
#3015 = VERTEX_POINT ( 'NONE', #1093 ) ;
#3016 = DIRECTION ( 'NONE',  ( 0.000000000000000000, 0.000000000000000000, 1.000000000000000000 ) ) ;
#3017 = CIRCLE ( 'NONE', #1292, 30.50000000000000355 ) ;
#3018 = EDGE_CURVE ( 'NONE', #3687, #1537, #644, .T. ) ;
#3019 = AXIS2_PLACEMENT_3D ( 'NONE', #4107, #928, #2183 ) ;
#3020 = FACE_OUTER_BOUND ( 'NONE', #2375, .T. ) ;
#3021 = EDGE_LOOP ( 'NONE', ( #1237, #3106, #1060, #136, #774, #2625 ) ) ;
#3022 = VECTOR ( 'NONE', #1510, 1000.000000000000000 ) ;
#3023 = EDGE_CURVE ( 'NONE', #2205, #298, #2077, .T. ) ;
#3024 = ORIENTED_EDGE ( 'NONE', *, *, #534, .T. ) ;
#3025 = CARTESIAN_POINT ( 'NONE',  ( -43.75000000000000000, -1.999999999999998224, 11.40000000000000036 ) ) ;
#3026 = DIRECTION ( 'NONE',  ( 0.000000000000000000, 1.000000000000000000, 0.000000000000000000 ) ) ;
#3027 = CARTESIAN_POINT ( 'NONE',  ( 47.46218521927218603, -46.50342949555435723, -110.5743928637297699 ) ) ;
#3028 = VERTEX_POINT ( 'NONE', #463 ) ;
#3029 = ADVANCED_FACE ( 'NONE', ( #2995 ), #3652, .T. ) ;
#3030 = CARTESIAN_POINT ( 'NONE',  ( 8.000000000000000000, -4.000000000000000000, 11.40000000000000036 ) ) ;
#3031 = DIRECTION ( 'NONE',  ( 0.000000000000000000, 0.000000000000000000, -1.000000000000000000 ) ) ;
#3032 = CARTESIAN_POINT ( 'NONE',  ( 38.74999999999997158, -0.9999999999999978906, 7.199999999999984190 ) ) ;
#3033 = DIRECTION ( 'NONE',  ( -0.000000000000000000, -0.000000000000000000, -1.000000000000000000 ) ) ;
#3034 = ORIENTED_EDGE ( 'NONE', *, *, #2772, .T. ) ;
#3035 = DIRECTION ( 'NONE',  ( 4.625929269271485914E-16, 0.000000000000000000, -1.000000000000000000 ) ) ;
#3036 = ORIENTED_EDGE ( 'NONE', *, *, #1034, .T. ) ;
#3037 = LINE ( 'NONE', #4044, #3714 ) ;
#3038 = CARTESIAN_POINT ( 'NONE',  ( 1.912185219272021452, 12.49657050444528927, -2.200000000000004619 ) ) ;
#3039 = EDGE_LOOP ( 'NONE', ( #3364, #215, #3380, #2258, #2629 ) ) ;
#3040 = LINE ( 'NONE', #1425, #2817 ) ;
#3041 = EDGE_CURVE ( 'NONE', #2517, #2935, #809, .T. ) ;
#3042 = LINE ( 'NONE', #3747, #3205 ) ;
#3043 = PRODUCT_DEFINITION_SHAPE ( 'NONE', 'NONE',  #2281 ) ;
#3044 = VERTEX_POINT ( 'NONE', #2037 ) ;
#3045 = VECTOR ( 'NONE', #1175, 1000.000000000000000 ) ;
#3046 = FILL_AREA_STYLE_COLOUR ( '', #4069 ) ;
#3047 = ADVANCED_FACE ( 'NONE', ( #3014 ), #172, .T. ) ;
#3048 = CARTESIAN_POINT ( 'NONE',  ( -36.58781478072799587, -18.00342949555452421, 4.000000000000000000 ) ) ;
#3049 = CARTESIAN_POINT ( 'NONE',  ( 53.75000000000000000, -4.000000000000000000, 11.40000000000000036 ) ) ;
#3050 = VECTOR ( 'NONE', #3713, 1000.000000000000000 ) ;
#3051 = CARTESIAN_POINT ( 'NONE',  ( -14.08781478072797810, 14.49657050444529105, -3.000000000000004441 ) ) ;
#3052 = ORIENTED_EDGE ( 'NONE', *, *, #3648, .T. ) ;
#3053 = EDGE_CURVE ( 'NONE', #1668, #2425, #2707, .T. ) ;
#3054 = CARTESIAN_POINT ( 'NONE',  ( 47.46218521927218603, -48.50342949555436434, -2.200000000000004619 ) ) ;
#3055 = VECTOR ( 'NONE', #453, 1000.000000000000000 ) ;
#3056 = VERTEX_POINT ( 'NONE', #3114 ) ;
#3057 = LINE ( 'NONE', #561, #3313 ) ;
#3058 = CIRCLE ( 'NONE', #2126, 1.599999999999997202 ) ;
#3059 = ORIENTED_EDGE ( 'NONE', *, *, #2631, .T. ) ;
#3060 = CARTESIAN_POINT ( 'NONE',  ( -5.187814780728149167, 10.49657050444530526, -1.199999999999999734 ) ) ;
#3061 = ORIENTED_EDGE ( 'NONE', *, *, #882, .F. ) ;
#3062 = ORIENTED_EDGE ( 'NONE', *, *, #678, .F. ) ;
#3063 = AXIS2_PLACEMENT_3D ( 'NONE', #1044, #2304, #1680 ) ;
#3064 = DIRECTION ( 'NONE',  ( -1.000000000000000000, 0.000000000000000000, 0.000000000000000000 ) ) ;
#3065 = LINE ( 'NONE', #1103, #1619 ) ;
#3066 = LINE ( 'NONE', #2147, #1918 ) ;
#3067 = ORIENTED_EDGE ( 'NONE', *, *, #999, .T. ) ;
#3068 = EDGE_CURVE ( 'NONE', #2055, #3521, #1860, .T. ) ;
#3069 = CARTESIAN_POINT ( 'NONE',  ( 23.74999999999997158, -1.000000000000000000, 2.200000000000000622 ) ) ;
#3070 = CARTESIAN_POINT ( 'NONE',  ( 47.66218521927218887, 10.49657050444530526, -110.5743928637297699 ) ) ;
#3071 = LINE ( 'NONE', #264, #3182 ) ;
#3072 = EDGE_CURVE ( 'NONE', #147, #1050, #946, .T. ) ;
#3073 = LINE ( 'NONE', #828, #1922 ) ;
#3074 = VERTEX_POINT ( 'NONE', #1834 ) ;
#3075 = DIRECTION ( 'NONE',  ( 1.000000000000000000, 0.000000000000000000, 0.000000000000000000 ) ) ;
#3076 = ORIENTED_EDGE ( 'NONE', *, *, #2814, .F. ) ;
#3077 = CARTESIAN_POINT ( 'NONE',  ( -59.83781478072815929, 14.49657050444530526, -3.000000000000004441 ) ) ;
#3078 = EDGE_CURVE ( 'NONE', #1371, #1435, #3134, .T. ) ;
#3079 = ORIENTED_EDGE ( 'NONE', *, *, #2104, .T. ) ;
#3080 = LINE ( 'NONE', #600, #1695 ) ;
#3081 = VECTOR ( 'NONE', #3506, 1000.000000000000000 ) ;
#3082 = ORIENTED_EDGE ( 'NONE', *, *, #2131, .T. ) ;
#3083 = CARTESIAN_POINT ( 'NONE',  ( 47.46218521927218603, -50.50342949555437855, -2.200000000000004619 ) ) ;
#3084 = AXIS2_PLACEMENT_3D ( 'NONE', #3928, #1641, #2960 ) ;
#3085 = DIRECTION ( 'NONE',  ( -1.000000000000000000, 1.982541115402065702E-15, 0.000000000000000000 ) ) ;
#3086 = CARTESIAN_POINT ( 'NONE',  ( 0.000000000000000000, 0.000000000000000000, -2.200000000000004619 ) ) ;
#3087 = LINE ( 'NONE', #515, #616 ) ;
#3088 = AXIS2_PLACEMENT_3D ( 'NONE', #1730, #1401, #2674 ) ;
#3089 = ORIENTED_EDGE ( 'NONE', *, *, #1681, .T. ) ;
#3090 = CARTESIAN_POINT ( 'NONE',  ( 0.000000000000000000, 0.000000000000000000, -2.200000000000004619 ) ) ;
#3091 = LINE ( 'NONE', #2821, #2391 ) ;
#3092 = LINE ( 'NONE', #1206, #1590 ) ;
#3093 = ORIENTED_EDGE ( 'NONE', *, *, #2003, .T. ) ;
#3094 = CARTESIAN_POINT ( 'NONE',  ( 55.75000000000000000, 0.000000000000000000, 0.000000000000000000 ) ) ;
#3095 = ADVANCED_FACE ( 'NONE', ( #595 ), #922, .T. ) ;
#3096 = VERTEX_POINT ( 'NONE', #314 ) ;
#3097 = DIRECTION ( 'NONE',  ( 1.000000000000000000, 0.000000000000000000, 0.000000000000000000 ) ) ;
#3098 = VECTOR ( 'NONE', #3476, 1000.000000000000000 ) ;
#3099 = FACE_OUTER_BOUND ( 'NONE', #162, .T. ) ;
#3100 = EDGE_LOOP ( 'NONE', ( #1626, #3282, #781, #3881, #1631, #2667, #1186, #3573, #2954, #469, #2214 ) ) ;
#3101 = CARTESIAN_POINT ( 'NONE',  ( -53.75000000000000000, -4.000000000000000000, 11.40000000000000036 ) ) ;
#3102 = DIRECTION ( 'NONE',  ( 0.000000000000000000, 1.000000000000000000, 0.000000000000000000 ) ) ;
#3103 = DIRECTION ( 'NONE',  ( 0.000000000000000000, 1.000000000000000000, 0.000000000000000000 ) ) ;
#3104 = EDGE_CURVE ( 'NONE', #734, #2640, #1552, .T. ) ;
#3105 = CARTESIAN_POINT ( 'NONE',  ( -6.987814780728163200, -46.50342949555435723, -1.199999999999999734 ) ) ;
#3106 = ORIENTED_EDGE ( 'NONE', *, *, #3778, .T. ) ;
#3107 = CYLINDRICAL_SURFACE ( 'NONE', #2360, 1.599999999999997202 ) ;
#3108 = DIRECTION ( 'NONE',  ( -1.000000000000000000, 0.000000000000000000, -0.000000000000000000 ) ) ;
#3109 = VECTOR ( 'NONE', #876, 1000.000000000000000 ) ;
#3110 = CARTESIAN_POINT ( 'NONE',  ( -53.75000000000000000, -2.000000000000000000, 16.19999999999999929 ) ) ;
#3111 = CARTESIAN_POINT ( 'NONE',  ( 5.795117819513464497, -46.50342949555435723, -0.8366659531755472612 ) ) ;
#3112 = VECTOR ( 'NONE', #3707, 1000.000000000000000 ) ;
#3113 = ORIENTED_EDGE ( 'NONE', *, *, #2702, .F. ) ;
#3114 = CARTESIAN_POINT ( 'NONE',  ( 43.75000000000000000, -1.999999999999998224, 9.199999999999999289 ) ) ;
#3115 = VERTEX_POINT ( 'NONE', #2825 ) ;
#3116 = CARTESIAN_POINT ( 'NONE',  ( 28.16218521927184426, 10.49657050444530526, 0.000000000000000000 ) ) ;
#3117 = EDGE_CURVE ( 'NONE', #2555, #237, #2696, .T. ) ;
#3118 = DIRECTION ( 'NONE',  ( 1.000000000000000000, 0.000000000000000000, -0.000000000000000000 ) ) ;
#3119 = AXIS2_PLACEMENT_3D ( 'NONE', #2248, #1620, #3818 ) ;
#3120 = CARTESIAN_POINT ( 'NONE',  ( 23.74999999999997158, -2.000000000000000000, 8.199999999999999289 ) ) ;
#3121 = ORIENTED_EDGE ( 'NONE', *, *, #1925, .T. ) ;
#3122 = VECTOR ( 'NONE', #914, 1000.000000000000000 ) ;
#3123 = ADVANCED_FACE ( 'NONE', ( #4023 ), #615, .F. ) ;
#3124 = LINE ( 'NONE', #1560, #3489 ) ;
#3125 = AXIS2_PLACEMENT_3D ( 'NONE', #1508, #1493, #3673 ) ;
#3126 = DIRECTION ( 'NONE',  ( -1.000000000000000000, -0.000000000000000000, -0.000000000000000000 ) ) ;
#3127 = ORIENTED_EDGE ( 'NONE', *, *, #3292, .F. ) ;
#3128 = EDGE_CURVE ( 'NONE', #1764, #298, #2137, .T. ) ;
#3129 = AXIS2_PLACEMENT_3D ( 'NONE', #122, #2904, #2881 ) ;
#3130 = CARTESIAN_POINT ( 'NONE',  ( -55.75000000000000000, 0.000000000000000000, 0.000000000000000000 ) ) ;
#3131 = FACE_OUTER_BOUND ( 'NONE', #2955, .T. ) ;
#3132 = DIRECTION ( 'NONE',  ( 0.000000000000000000, 0.000000000000000000, -1.000000000000000000 ) ) ;
#3133 = ORIENTED_EDGE ( 'NONE', *, *, #307, .T. ) ;
#3134 = LINE ( 'NONE', #3776, #3022 ) ;
#3135 = LINE ( 'NONE', #1553, #479 ) ;
#3136 = FACE_OUTER_BOUND ( 'NONE', #3100, .T. ) ;
#3137 = EDGE_LOOP ( 'NONE', ( #1169, #3711 ) ) ;
#3138 = VERTEX_POINT ( 'NONE', #3791 ) ;
#3139 = DIRECTION ( 'NONE',  ( -0.000000000000000000, -0.000000000000000000, -1.000000000000000000 ) ) ;
#3140 = VECTOR ( 'NONE', #1300, 1000.000000000000000 ) ;
#3141 = CYLINDRICAL_SURFACE ( 'NONE', #845, 1.499999999999999556 ) ;
#3142 = DIRECTION ( 'NONE',  ( -1.000000000000000000, 0.000000000000000000, -1.156482317317871725E-16 ) ) ;
#3143 = LINE ( 'NONE', #1582, #551 ) ;
#3144 = VERTEX_POINT ( 'NONE', #1168 ) ;
#3145 = ADVANCED_FACE ( 'NONE', ( #2201 ), #3737, .F. ) ;
#3146 = CIRCLE ( 'NONE', #3084, 1.500000000000003997 ) ;
#3147 = CARTESIAN_POINT ( 'NONE',  ( 0.000000000000000000, 0.000000000000000000, 0.000000000000000000 ) ) ;
#3148 = CARTESIAN_POINT ( 'NONE',  ( 55.75000000000000000, 0.000000000000000000, 17.19999999999999929 ) ) ;
#3149 = AXIS2_PLACEMENT_3D ( 'NONE', #3038, #2101, #4030 ) ;
#3150 = CARTESIAN_POINT ( 'NONE',  ( -53.75000000000000000, -4.000000000000000000, 9.199999999999999289 ) ) ;
#3151 = EDGE_CURVE ( 'NONE', #1152, #482, #2492, .T. ) ;
#3152 = CARTESIAN_POINT ( 'NONE',  ( 35.75000000000000711, 0.001000000000000132727, 13.19999999999999929 ) ) ;
#3153 = DIRECTION ( 'NONE',  ( 0.000000000000000000, -0.000000000000000000, -1.000000000000000000 ) ) ;
#3154 = EDGE_LOOP ( 'NONE', ( #1700, #4084, #2919, #2128 ) ) ;
#3155 = CARTESIAN_POINT ( 'NONE',  ( -43.75000000000000000, -1.999999999999998224, 9.199999999999999289 ) ) ;
#3156 = DIRECTION ( 'NONE',  ( -1.000000000000000000, 0.000000000000000000, 0.000000000000000000 ) ) ;
#3157 = DIRECTION ( 'NONE',  ( -0.000000000000000000, -0.000000000000000000, -1.000000000000000000 ) ) ;
#3158 = ORIENTED_EDGE ( 'NONE', *, *, #3413, .F. ) ;
#3159 = EDGE_LOOP ( 'NONE', ( #3883, #2468 ) ) ;
#3160 = PLANE ( 'NONE',  #1233 ) ;
#3161 = VERTEX_POINT ( 'NONE', #3416 ) ;
#3162 = FACE_OUTER_BOUND ( 'NONE', #3341, .T. ) ;
#3163 = FACE_OUTER_BOUND ( 'NONE', #1557, .T. ) ;
#3164 = FACE_BOUND ( 'NONE', #3423, .T. ) ;
#3165 = DIRECTION ( 'NONE',  ( 0.000000000000000000, 0.000000000000000000, 1.000000000000000000 ) ) ;
#3166 = ORIENTED_EDGE ( 'NONE', *, *, #3879, .F. ) ;
#3167 = ADVANCED_FACE ( 'NONE', ( #2438 ), #2160, .T. ) ;
#3168 = CARTESIAN_POINT ( 'NONE',  ( -6.087814780728155739, 14.49657050444530526, 1.499999999999994449 ) ) ;
#3169 = PRODUCT_DEFINITION_CONTEXT ( 'detailed design', #3324, 'design' ) ;
#3170 = EDGE_CURVE ( 'NONE', #2676, #3682, #680, .T. ) ;
#3171 = PLANE ( 'NONE',  #494 ) ;
#3172 = CARTESIAN_POINT ( 'NONE',  ( -35.75000000000000711, -4.000000000000000000, 13.19999999999999929 ) ) ;
#3173 = PLANE ( 'NONE',  #1264 ) ;
#3174 = CYLINDRICAL_SURFACE ( 'NONE', #1307, 1.500000000000000666 ) ;
#3175 = VECTOR ( 'NONE', #166, 1000.000000000000000 ) ;
#3176 = ADVANCED_FACE ( 'NONE', ( #1495 ), #559, .F. ) ;
#3177 = CARTESIAN_POINT ( 'NONE',  ( 7.791666477590275974, 10.49657050444530526, 0.000000000000000000 ) ) ;
#3178 = ORIENTED_EDGE ( 'NONE', *, *, #3814, .T. ) ;
#3179 = FACE_OUTER_BOUND ( 'NONE', #915, .T. ) ;
#3180 = ORIENTED_EDGE ( 'NONE', *, *, #206, .T. ) ;
#3181 = CARTESIAN_POINT ( 'NONE',  ( -6.453440607791902650, 12.49486911689284518, 1.466503190251197353 ) ) ;
#3182 = VECTOR ( 'NONE', #1811, 1000.000000000000000 ) ;
#3183 = CYLINDRICAL_SURFACE ( 'NONE', #1549, 1.499999999999999556 ) ;
#3184 = DIRECTION ( 'NONE',  ( -0.000000000000000000, -1.000000000000000000, -0.000000000000000000 ) ) ;
#3185 = DIRECTION ( 'NONE',  ( -0.000000000000000000, -1.000000000000000000, -0.000000000000000000 ) ) ;
#3186 = ORIENTED_EDGE ( 'NONE', *, *, #3985, .F. ) ;
#3187 = AXIS2_PLACEMENT_3D ( 'NONE', #1231, #2496, #3308 ) ;
#3188 = VECTOR ( 'NONE', #2866, 1000.000000000000000 ) ;
#3189 = AXIS2_PLACEMENT_3D ( 'NONE', #483, #422, #2060 ) ;
#3190 = CARTESIAN_POINT ( 'NONE',  ( 35.75000000000000711, 0.000000000000000000, 13.19999999999999929 ) ) ;
#3191 = ORIENTED_EDGE ( 'NONE', *, *, #728, .F. ) ;
#3192 = CARTESIAN_POINT ( 'NONE',  ( -6.087814780728155739, 10.49657050444530526, -1.500000000000004885 ) ) ;
#3193 = APPLICATION_PROTOCOL_DEFINITION ( 'draft international standard', 'automotive_design', 1998, #2040 ) ;
#3194 = AXIS2_PLACEMENT_3D ( 'NONE', #1466, #3766, #2485 ) ;
#3195 = DIRECTION ( 'NONE',  ( -0.000000000000000000, 1.000000000000000000, -0.000000000000000000 ) ) ;
#3196 = PLANE ( 'NONE',  #145 ) ;
#3197 = CARTESIAN_POINT ( 'NONE',  ( 47.66218521927218887, 14.49657050444530526, 4.000000000000000000 ) ) ;
#3198 = EDGE_CURVE ( 'NONE', #648, #560, #1816, .T. ) ;
#3199 = PLANE ( 'NONE',  #164 ) ;
#3200 = ORIENTED_EDGE ( 'NONE', *, *, #277, .T. ) ;
#3201 = VERTEX_POINT ( 'NONE', #2805 ) ;
#3202 = DIRECTION ( 'NONE',  ( -1.000000000000000000, 0.000000000000000000, 0.000000000000000000 ) ) ;
#3203 = CARTESIAN_POINT ( 'NONE',  ( 53.75000000000000000, -2.000000000000000000, 16.19999999999999929 ) ) ;
#3204 = ADVANCED_FACE ( 'NONE', ( #4062 ), #2475, .F. ) ;
#3205 = VECTOR ( 'NONE', #222, 1000.000000000000000 ) ;
#3206 = DIRECTION ( 'NONE',  ( 1.000000000000000000, 0.000000000000000000, 0.000000000000000000 ) ) ;
#3207 = DIRECTION ( 'NONE',  ( -0.000000000000000000, -1.000000000000000000, -0.000000000000000000 ) ) ;
#3208 = CARTESIAN_POINT ( 'NONE',  ( 47.66218521927218887, 14.49657050444530526, -3.000000000000002665 ) ) ;
#3209 = ORIENTED_EDGE ( 'NONE', *, *, #119, .T. ) ;
#3210 = VECTOR ( 'NONE', #1180, 1000.000000000000000 ) ;
#3211 = PLANE ( 'NONE',  #636 ) ;
#3212 = CARTESIAN_POINT ( 'NONE',  ( -43.75000000000000000, 14.15054178657793393, 11.40000000000000036 ) ) ;
#3213 = VECTOR ( 'NONE', #729, 1000.000000000000000 ) ;
#3214 = VERTEX_POINT ( 'NONE', #1286 ) ;
#3215 = UNCERTAINTY_MEASURE_WITH_UNIT (LENGTH_MEASURE( 1.000000000000000082E-05 ), #3730, 'distance_accuracy_value', 'NONE');
#3216 = LINE ( 'NONE', #2259, #2910 ) ;
#3217 = AXIS2_PLACEMENT_3D ( 'NONE', #3318, #2014, #1070 ) ;
#3218 = CARTESIAN_POINT ( 'NONE',  ( -6.087814780728155739, -46.50342949555435723, -1.500000000000004885 ) ) ;
#3219 = ADVANCED_FACE ( 'NONE', ( #1571 ), #472, .F. ) ;
#3220 = CARTESIAN_POINT ( 'NONE',  ( 47.66218521927218887, 10.49657050444530526, 0.000000000000000000 ) ) ;
#3221 = DIRECTION ( 'NONE',  ( -0.000000000000000000, -0.000000000000000000, 1.000000000000000000 ) ) ;
#3222 = VECTOR ( 'NONE', #1799, 1000.000000000000000 ) ;
#3223 = CARTESIAN_POINT ( 'NONE',  ( 0.000000000000000000, 0.000000000000000000, -2.200000000000004619 ) ) ;
#3224 = ORIENTED_EDGE ( 'NONE', *, *, #859, .T. ) ;
#3225 = EDGE_CURVE ( 'NONE', #1078, #1036, #1592, .T. ) ;
#3226 = ORIENTED_EDGE ( 'NONE', *, *, #1840, .F. ) ;
#3227 = PLANE ( 'NONE',  #2021 ) ;
#3228 = ORIENTED_EDGE ( 'NONE', *, *, #4077, .T. ) ;
#3229 = CARTESIAN_POINT ( 'NONE',  ( -14.08781478072797988, 12.49657050444528927, -2.200000000000004619 ) ) ;
#3230 = EDGE_CURVE ( 'NONE', #173, #973, #2659, .T. ) ;
#3231 = CARTESIAN_POINT ( 'NONE',  ( 1.912185219272014347, -48.50342949555436434, -2.200000000000004619 ) ) ;
#3232 = LINE ( 'NONE', #3806, #202 ) ;
#3233 = DIRECTION ( 'NONE',  ( -0.000000000000000000, 1.000000000000000000, -0.000000000000000000 ) ) ;
#3234 = ORIENTED_EDGE ( 'NONE', *, *, #3, .T. ) ;
#3235 = VERTEX_POINT ( 'NONE', #2885 ) ;
#3236 = DIRECTION ( 'NONE',  ( -0.000000000000000000, -0.000000000000000000, -1.000000000000000000 ) ) ;
#3237 = CARTESIAN_POINT ( 'NONE',  ( -35.75000000000000711, -4.000000000000000000, 11.60000000000000320 ) ) ;
#3238 = AXIS2_PLACEMENT_3D ( 'NONE', #1498, #579, #271 ) ;
#3239 = ORIENTED_EDGE ( 'NONE', *, *, #3311, .T. ) ;
#3240 = DIRECTION ( 'NONE',  ( 1.000000000000000000, 0.000000000000000000, -0.000000000000000000 ) ) ;
#3241 = ITEM_DEFINED_TRANSFORMATION ( 'NONE', 'NONE', #1667,  #3063 ) ;
#3242 = CARTESIAN_POINT ( 'NONE',  ( 0.000000000000000000, 0.000000000000000000, 1.199999999999999956 ) ) ;
#3243 = DIRECTION ( 'NONE',  ( -1.000000000000000000, 0.000000000000000000, 0.000000000000000000 ) ) ;
#3244 = CARTESIAN_POINT ( 'NONE',  ( -55.75000000000000000, -6.000000000000000000, 0.000000000000000000 ) ) ;
#3245 = ORIENTED_EDGE ( 'NONE', *, *, #1196, .T. ) ;
#3246 = ORIENTED_EDGE ( 'NONE', *, *, #2400, .F. ) ;
#3247 = CARTESIAN_POINT ( 'NONE',  ( -55.75000000000000000, 0.000000000000000000, 0.000000000000000000 ) ) ;
#3248 = ORIENTED_EDGE ( 'NONE', *, *, #1812, .T. ) ;
#3249 = AXIS2_PLACEMENT_3D ( 'NONE', #2427, #3102, #1825 ) ;
#3250 = DIRECTION ( 'NONE',  ( -0.000000000000000000, -1.000000000000000000, -0.000000000000000000 ) ) ;
#3251 = ADVANCED_FACE ( 'NONE', ( #2864, #1267, #3835, #1921 ), #3173, .F. ) ;
#3252 = VECTOR ( 'NONE', #2565, 1000.000000000000000 ) ;
#3253 = CARTESIAN_POINT ( 'NONE',  ( -6.087814780728159292, 18.49657050444530526, 103.4000000000000057 ) ) ;
#3254 = FACE_OUTER_BOUND ( 'NONE', #2487, .T. ) ;
#3255 = ORIENTED_EDGE ( 'NONE', *, *, #596, .T. ) ;
#3256 = LINE ( 'NONE', #3526, #490 ) ;
#3257 = ORIENTED_EDGE ( 'NONE', *, *, #3848, .F. ) ;
#3258 = VECTOR ( 'NONE', #1283, 1000.000000000000000 ) ;
#3259 = EDGE_CURVE ( 'NONE', #2342, #1113, #1716, .T. ) ;
#3260 = EDGE_LOOP ( 'NONE', ( #3839, #171, #2868, #1583 ) ) ;
#3261 = CARTESIAN_POINT ( 'NONE',  ( 47.46218521927218603, -50.50342949555436434, 69.00030769157909560 ) ) ;
#3262 = AXIS2_PLACEMENT_3D ( 'NONE', #635, #887, #1532 ) ;
#3263 = DIRECTION ( 'NONE',  ( 1.000000000000000000, 0.000000000000000000, 0.000000000000000000 ) ) ;
#3264 = VECTOR ( 'NONE', #1683, 1000.000000000000000 ) ;
#3265 = ORIENTED_EDGE ( 'NONE', *, *, #2695, .T. ) ;
#3266 = UNCERTAINTY_MEASURE_WITH_UNIT (LENGTH_MEASURE( 1.000000000000000082E-05 ), #2949, 'distance_accuracy_value', 'NONE');
#3267 = DIRECTION ( 'NONE',  ( 0.000000000000000000, 0.000000000000000000, -1.000000000000000000 ) ) ;
#3268 = EDGE_CURVE ( 'NONE', #267, #2636, #749, .T. ) ;
#3269 = DIRECTION ( 'NONE',  ( -1.000000000000000000, 0.000000000000000000, 0.000000000000000000 ) ) ;
#3270 = CARTESIAN_POINT ( 'NONE',  ( 1.912185219272014347, -48.50342949555436434, -2.200000000000004619 ) ) ;
#3271 = VECTOR ( 'NONE', #3548, 1000.000000000000000 ) ;
#3272 = CARTESIAN_POINT ( 'NONE',  ( 35.75000000000000711, -4.000000000000000000, 13.19999999999999929 ) ) ;
#3273 = PRESENTATION_LAYER_ASSIGNMENT (  '', '', ( #436 ) ) ;
#3274 = VERTEX_POINT ( 'NONE', #2984 ) ;
#3275 = VERTEX_POINT ( 'NONE', #2026 ) ;
#3276 = LINE ( 'NONE', #105, #121 ) ;
#3277 = VERTEX_POINT ( 'NONE', #6 ) ;
#3278 = DIRECTION ( 'NONE',  ( 0.000000000000000000, 0.000000000000000000, -1.000000000000000000 ) ) ;
#3279 = LINE ( 'NONE', #1956, #3761 ) ;
#3280 = EDGE_LOOP ( 'NONE', ( #1319, #2224, #3743, #808 ) ) ;
#3281 = EDGE_LOOP ( 'NONE', ( #140, #2363, #2607, #106 ) ) ;
#3282 = ORIENTED_EDGE ( 'NONE', *, *, #910, .T. ) ;
#3283 = DIRECTION ( 'NONE',  ( -0.000000000000000000, 0.000000000000000000, -1.000000000000000000 ) ) ;
#3284 = EDGE_CURVE ( 'NONE', #3511, #907, #353, .T. ) ;
#3285 = CARTESIAN_POINT ( 'NONE',  ( -53.75000000000000000, -2.000000000000000000, 1.199999999999999956 ) ) ;
#3286 = CARTESIAN_POINT ( 'NONE',  ( 29.66218521927184426, -46.50342949555435723, 1.499999999999997113 ) ) ;
#3287 = ORIENTED_EDGE ( 'NONE', *, *, #386, .T. ) ;
#3288 = DIRECTION ( 'NONE',  ( 0.000000000000000000, 0.000000000000000000, 1.000000000000000000 ) ) ;
#3289 = CONTEXT_DEPENDENT_SHAPE_REPRESENTATION ( #1096, #572 ) ;
#3290 = SURFACE_STYLE_USAGE ( .BOTH. , #764 ) ;
#3291 = VECTOR ( 'NONE', #2900, 1000.000000000000000 ) ;
#3292 = EDGE_CURVE ( 'NONE', #3144, #2412, #1523, .T. ) ;
#3293 = LINE ( 'NONE', #2392, #2247 ) ;
#3294 = DIRECTION ( 'NONE',  ( -0.000000000000000000, -1.000000000000000000, -0.000000000000000000 ) ) ;
#3295 = MECHANICAL_DESIGN_GEOMETRIC_PRESENTATION_REPRESENTATION (  '', ( #2218 ), #1554 ) ;
#3296 = PLANE ( 'NONE',  #555 ) ;
#3297 = ORIENTED_EDGE ( 'NONE', *, *, #4004, .F. ) ;
#3298 = VERTEX_POINT ( 'NONE', #34 ) ;
#3299 = DIRECTION ( 'NONE',  ( 0.000000000000000000, 0.000000000000000000, -1.000000000000000000 ) ) ;
#3300 = CIRCLE ( 'NONE', #3088, 1.599999999999997202 ) ;
#3301 = ORIENTED_EDGE ( 'NONE', *, *, #2750, .T. ) ;
#3302 = CARTESIAN_POINT ( 'NONE',  ( -7.999999999999996447, -4.000000000000000000, 11.40000000000000036 ) ) ;
#3303 = DIRECTION ( 'NONE',  ( -1.067522139062655848E-16, -1.000000000000000000, 0.000000000000000000 ) ) ;
#3304 = ORIENTED_EDGE ( 'NONE', *, *, #581, .F. ) ;
#3305 = ORIENTED_EDGE ( 'NONE', *, *, #2163, .F. ) ;
#3306 = DIRECTION ( 'NONE',  ( -0.000000000000000000, 1.000000000000000000, -0.000000000000000000 ) ) ;
#3307 = DIRECTION ( 'NONE',  ( -1.000000000000000000, -0.000000000000000000, -0.000000000000000000 ) ) ;
#3308 = DIRECTION ( 'NONE',  ( 0.000000000000000000, 0.000000000000000000, -1.000000000000000000 ) ) ;
#3309 = EDGE_LOOP ( 'NONE', ( #2405, #2008, #1807, #4000 ) ) ;
#3310 = CARTESIAN_POINT ( 'NONE',  ( -6.087814780727985209, -46.50342949555435723, -1.199999999999999956 ) ) ;
#3311 = EDGE_CURVE ( 'NONE', #1098, #14, #2681, .T. ) ;
#3312 =( NAMED_UNIT ( * ) PLANE_ANGLE_UNIT ( ) SI_UNIT ( $, .RADIAN. ) );
#3313 = VECTOR ( 'NONE', #2420, 1000.000000000000000 ) ;
#3314 = CARTESIAN_POINT ( 'NONE',  ( 55.75000000000000000, -10.00000000000000000, 0.000000000000000000 ) ) ;
#3315 = EDGE_CURVE ( 'NONE', #1435, #965, #2531, .T. ) ;
#3316 = ORIENTED_EDGE ( 'NONE', *, *, #169, .F. ) ;
#3317 = ORIENTED_EDGE ( 'NONE', *, *, #2648, .T. ) ;
#3318 = CARTESIAN_POINT ( 'NONE',  ( -41.83781478072816640, 10.49657050444530526, -3.469446951953614189E-15 ) ) ;
#3319 = ORIENTED_EDGE ( 'NONE', *, *, #3879, .T. ) ;
#3320 = CARTESIAN_POINT ( 'NONE',  ( 29.66218521927184426, 10.49657050444530526, -3.469446951953614189E-15 ) ) ;
#3321 =( NAMED_UNIT ( * ) PLANE_ANGLE_UNIT ( ) SI_UNIT ( $, .RADIAN. ) );
#3322 = EDGE_LOOP ( 'NONE', ( #1116, #2694, #852, #2048 ) ) ;
#3323 = VERTEX_POINT ( 'NONE', #376 ) ;
#3324 = APPLICATION_CONTEXT ( 'automotive_design' ) ;
#3325 = ORIENTED_EDGE ( 'NONE', *, *, #573, .T. ) ;
#3326 = DIRECTION ( 'NONE',  ( 0.000000000000000000, -1.000000000000000000, 0.000000000000000000 ) ) ;
#3327 = DIRECTION ( 'NONE',  ( 0.000000000000000000, 0.000000000000000000, 1.000000000000000000 ) ) ;
#3328 = FACE_OUTER_BOUND ( 'NONE', #3021, .T. ) ;
#3329 = ORIENTED_EDGE ( 'NONE', *, *, #410, .T. ) ;
#3330 =( NAMED_UNIT ( * ) SI_UNIT ( $, .STERADIAN. ) SOLID_ANGLE_UNIT ( ) );
#3331 = PLANE ( 'NONE',  #1033 ) ;
#3332 = LINE ( 'NONE', #497, #1255 ) ;
#3333 = ADVANCED_FACE ( 'NONE', ( #3328 ), #1613, .F. ) ;
#3334 = FACE_OUTER_BOUND ( 'NONE', #2735, .T. ) ;
#3335 = AXIS2_PLACEMENT_3D ( 'NONE', #2764, #4042, #2781 ) ;
#3336 = CARTESIAN_POINT ( 'NONE',  ( -55.75000000000000000, -10.00000000000000000, 0.000000000000000000 ) ) ;
#3337 = VERTEX_POINT ( 'NONE', #779 ) ;
#3339 = ORIENTED_EDGE ( 'NONE', *, *, #1108, .F. ) ;
#3338 = VECTOR ( 'NONE', #3623, 1000.000000000000000 ) ;
#3340 = EDGE_CURVE ( 'NONE', #3888, #2640, #3914, .T. ) ;
#3341 = EDGE_LOOP ( 'NONE', ( #2890, #1351, #1949, #2899, #72, #3059, #2140, #2058 ) ) ;
#3342 = CARTESIAN_POINT ( 'NONE',  ( 0.000000000000000000, 0.001000000000000132727, 13.19999999999999929 ) ) ;
#3343 =( GEOMETRIC_REPRESENTATION_CONTEXT ( 3 ) GLOBAL_UNCERTAINTY_ASSIGNED_CONTEXT ( ( #2593 ) ) GLOBAL_UNIT_ASSIGNED_CONTEXT ( ( #2413, #3667, #824 ) ) REPRESENTATION_CONTEXT ( 'NONE', 'WORKASPACE' ) );
#3344 = LINE ( 'NONE', #3683, #392 ) ;
#3345 = EDGE_CURVE ( 'NONE', #1420, #3298, #2325, .T. ) ;
#3346 = ORIENTED_EDGE ( 'NONE', *, *, #2894, .F. ) ;
#3347 = ORIENTED_EDGE ( 'NONE', *, *, #18, .F. ) ;
#3348 = DIRECTION ( 'NONE',  ( 0.000000000000000000, -1.000000000000000000, 0.000000000000000000 ) ) ;
#3349 = CARTESIAN_POINT ( 'NONE',  ( -8.000000000000000000, 14.15054178657793393, 11.40000000000000036 ) ) ;
#3350 = VERTEX_POINT ( 'NONE', #3599 ) ;
#3351 = LINE ( 'NONE', #518, #383 ) ;
#3352 = CARTESIAN_POINT ( 'NONE',  ( 35.75000000000000711, 0.000000000000000000, 13.19999999999999929 ) ) ;
#3353 = LINE ( 'NONE', #1146, #2783 ) ;
#3354 = AXIS2_PLACEMENT_3D ( 'NONE', #2564, #610, #3471 ) ;
#3355 = DIRECTION ( 'NONE',  ( -1.000000000000000000, 0.000000000000000000, 0.000000000000000000 ) ) ;
#3356 = ORIENTED_EDGE ( 'NONE', *, *, #1569, .T. ) ;
#3357 = CARTESIAN_POINT ( 'NONE',  ( -55.75000000000000000, 0.000000000000000000, 1.199999999999999956 ) ) ;
#3358 = ORIENTED_EDGE ( 'NONE', *, *, #2254, .F. ) ;
#3359 = DIRECTION ( 'NONE',  ( 0.000000000000000000, 0.000000000000000000, 1.000000000000000000 ) ) ;
#3360 = AXIS2_PLACEMENT_3D ( 'NONE', #2228, #3821, #1198 ) ;
#3361 = EDGE_CURVE ( 'NONE', #3933, #256, #2122, .T. ) ;
#3362 = VECTOR ( 'NONE', #1352, 1000.000000000000000 ) ;
#3363 = CARTESIAN_POINT ( 'NONE',  ( -14.08781478072798699, -48.50342949555436434, -2.200000000000004619 ) ) ;
#3364 = ORIENTED_EDGE ( 'NONE', *, *, #3225, .F. ) ;
#3365 = VERTEX_POINT ( 'NONE', #654 ) ;
#3366 = EDGE_CURVE ( 'NONE', #368, #3978, #1900, .T. ) ;
#3367 = ORIENTED_EDGE ( 'NONE', *, *, #1873, .T. ) ;
#3368 = CARTESIAN_POINT ( 'NONE',  ( -52.63781478072815645, 0.000000000000000000, -2.200000000000004619 ) ) ;
#3369 = ORIENTED_EDGE ( 'NONE', *, *, #763, .F. ) ;
#3370 = EDGE_CURVE ( 'NONE', #2962, #69, #3066, .T. ) ;
#3371 = DIRECTION ( 'NONE',  ( 1.000000000000000000, 0.000000000000000000, 0.000000000000000000 ) ) ;
#3372 = LINE ( 'NONE', #210, #3175 ) ;
#3373 = PLANE ( 'NONE',  #3994 ) ;
#3374 = PLANE ( 'NONE',  #2406 ) ;
#3375 = EDGE_LOOP ( 'NONE', ( #669, #2557, #154, #3862 ) ) ;
#3376 = DIRECTION ( 'NONE',  ( -0.000000000000000000, 1.000000000000000000, -0.000000000000000000 ) ) ;
#3377 = ORIENTED_EDGE ( 'NONE', *, *, #410, .F. ) ;
#3378 = CARTESIAN_POINT ( 'NONE',  ( -55.75000000000000000, 0.000000000000000000, 1.199999999999999956 ) ) ;
#3379 = DIRECTION ( 'NONE',  ( -1.000000000000000000, 1.067522139062655848E-16, 0.000000000000000000 ) ) ;
#3380 = ORIENTED_EDGE ( 'NONE', *, *, #3117, .T. ) ;
#3381 = EDGE_CURVE ( 'NONE', #1617, #3350, #3006, .T. ) ;
#3382 = DIRECTION ( 'NONE',  ( -0.000000000000000000, -1.000000000000000000, -0.000000000000000000 ) ) ;
#3383 = DIRECTION ( 'NONE',  ( -0.000000000000000000, -1.000000000000000000, -0.000000000000000000 ) ) ;
#3384 = ORIENTED_EDGE ( 'NONE', *, *, #1564, .T. ) ;
#3385 = EDGE_CURVE ( 'NONE', #482, #282, #3597, .T. ) ;
#3386 = VECTOR ( 'NONE', #3874, 1000.000000000000000 ) ;
#3387 = VECTOR ( 'NONE', #1888, 1000.000000000000000 ) ;
#3388 =( NAMED_UNIT ( * ) PLANE_ANGLE_UNIT ( ) SI_UNIT ( $, .RADIAN. ) );
#3389 = CARTESIAN_POINT ( 'NONE',  ( 0.000000000000000000, 0.000000000000000000, 11.59999999999999964 ) ) ;
#3390 = CARTESIAN_POINT ( 'NONE',  ( -6.179377149289270399, -48.50342949555453487, 1.499999999999994893 ) ) ;
#3391 = EDGE_CURVE ( 'NONE', #1984, #3454, #3087, .T. ) ;
#3392 = DIRECTION ( 'NONE',  ( -0.000000000000000000, -0.000000000000000000, -1.000000000000000000 ) ) ;
#3393 = ORIENTED_EDGE ( 'NONE', *, *, #2184, .F. ) ;
#3394 = CARTESIAN_POINT ( 'NONE',  ( 0.000000000000000000, 0.000000000000000000, -2.200000000000004619 ) ) ;
#3395 = AXIS2_PLACEMENT_3D ( 'NONE', #3445, #1562, #2561 ) ;
#3396 = VERTEX_POINT ( 'NONE', #492 ) ;
#3397 = DIRECTION ( 'NONE',  ( -0.000000000000000000, -0.000000000000000000, -1.000000000000000000 ) ) ;
#3398 = VECTOR ( 'NONE', #2779, 1000.000000000000000 ) ;
#3399 = ORIENTED_EDGE ( 'NONE', *, *, #3515, .T. ) ;
#3400 = CARTESIAN_POINT ( 'NONE',  ( -59.63781478072815645, 12.49657050444530348, -2.200000000000004619 ) ) ;
#3401 = ORIENTED_EDGE ( 'NONE', *, *, #1154, .T. ) ;
#3402 = LINE ( 'NONE', #3101, #3660 ) ;
#3403 = PRODUCT_DEFINITION_FORMATION_WITH_SPECIFIED_SOURCE ( '任何', '', #1449, .NOT_KNOWN. ) ;
#3404 = CARTESIAN_POINT ( 'NONE',  ( 53.75000000000000000, -4.000000000000000000, 11.40000000000000036 ) ) ;
#3405 = VECTOR ( 'NONE', #2006, 1000.000000000000000 ) ;
#3406 = EDGE_CURVE ( 'NONE', #3499, #1435, #183, .T. ) ;
#3407 = CARTESIAN_POINT ( 'NONE',  ( 47.46218521927219314, 14.49657050444530526, -2.200000000000007283 ) ) ;
#3408 = DIRECTION ( 'NONE',  ( -0.000000000000000000, -1.000000000000000000, -0.000000000000000000 ) ) ;
#3409 = VERTEX_POINT ( 'NONE', #567 ) ;
#3410 = EDGE_CURVE ( 'NONE', #2728, #3808, #3868, .T. ) ;
#3411 = LINE ( 'NONE', #263, #608 ) ;
#3412 = PLANE ( 'NONE',  #285 ) ;
#3413 = EDGE_CURVE ( 'NONE', #800, #2349, #878, .T. ) ;
#3414 = DIRECTION ( 'NONE',  ( 0.000000000000000000, 0.000000000000000000, -1.000000000000000000 ) ) ;
#3415 = ORIENTED_EDGE ( 'NONE', *, *, #2009, .T. ) ;
#3416 = CARTESIAN_POINT ( 'NONE',  ( -41.83781478072816640, -46.50342949555435723, -1.500000000000007327 ) ) ;
#3417 = ORIENTED_EDGE ( 'NONE', *, *, #955, .F. ) ;
#3418 = CARTESIAN_POINT ( 'NONE',  ( -53.75000000000000000, -4.000000000000000000, 17.19999999999999929 ) ) ;
#3419 = CIRCLE ( 'NONE', #2423, 1.499999999999999556 ) ;
#3420 = EDGE_CURVE ( 'NONE', #2159, #1960, #3672, .T. ) ;
#3421 = ORIENTED_EDGE ( 'NONE', *, *, #1391, .F. ) ;
#3422 = AXIS2_PLACEMENT_3D ( 'NONE', #1853, #2216, #1280 ) ;
#3423 = EDGE_LOOP ( 'NONE', ( #317, #1006 ) ) ;
#3424 = CARTESIAN_POINT ( 'NONE',  ( -6.087814780727985209, -46.50342949555435723, -1.199999999999999956 ) ) ;
#3425 = AXIS2_PLACEMENT_3D ( 'NONE', #2582, #1334, #2872 ) ;
#3426 = DIRECTION ( 'NONE',  ( 0.000000000000000000, 0.000000000000000000, -1.000000000000000000 ) ) ;
#3427 = LINE ( 'NONE', #2213, #2260 ) ;
#3428 = VECTOR ( 'NONE', #466, 1000.000000000000000 ) ;
#3429 = ORIENTED_EDGE ( 'NONE', *, *, #3869, .F. ) ;
#3430 = LINE ( 'NONE', #3809, #2017 ) ;
#3431 = DIRECTION ( 'NONE',  ( 1.000000000000000000, 0.000000000000000000, 0.000000000000000000 ) ) ;
#3432 = DIRECTION ( 'NONE',  ( -0.000000000000000000, 1.000000000000000000, -0.000000000000000000 ) ) ;
#3433 = ADVANCED_FACE ( 'NONE', ( #1200 ), #2429, .F. ) ;
#3434 = PLANE ( 'NONE',  #1788 ) ;
#3435 = ORIENTED_EDGE ( 'NONE', *, *, #3483, .F. ) ;
#3436 = SHAPE_REPRESENTATION ( 'up', ( #3063 ), #3343 ) ;
#3437 = DIRECTION ( 'NONE',  ( 0.000000000000000000, -0.000000000000000000, -1.000000000000000000 ) ) ;
#3438 = VERTEX_POINT ( 'NONE', #862 ) ;
#3439 = DIRECTION ( 'NONE',  ( 0.000000000000000000, 0.000000000000000000, -1.000000000000000000 ) ) ;
#3440 = EDGE_CURVE ( 'NONE', #1537, #3687, #1005, .T. ) ;
#3441 = ORIENTED_EDGE ( 'NONE', *, *, #552, .T. ) ;
#3442 = FACE_BOUND ( 'NONE', #2981, .T. ) ;
#3443 = ADVANCED_FACE ( 'NONE', ( #3664 ), #2069, .F. ) ;
#3444 = LINE ( 'NONE', #1502, #3553 ) ;
#3445 = CARTESIAN_POINT ( 'NONE',  ( -6.087814780728155739, -46.50342949555435723, -5.204170427930421283E-15 ) ) ;
#3446 = ORIENTED_EDGE ( 'NONE', *, *, #2052, .F. ) ;
#3447 = LINE ( 'NONE', #2233, #2621 ) ;
#3448 = CARTESIAN_POINT ( 'NONE',  ( -6.087814780727985209, -18.00342949555452776, -1.199999999999992628 ) ) ;
#3449 = VECTOR ( 'NONE', #3516, 1000.000000000000000 ) ;
#3450 = LINE ( 'NONE', #2176, #676 ) ;
#3451 = VECTOR ( 'NONE', #1630, 1000.000000000000000 ) ;
#3452 = CARTESIAN_POINT ( 'NONE',  ( 0.000000000000000000, -1.000000000000000000, 2.200000000000000622 ) ) ;
#3453 = VECTOR ( 'NONE', #2462, 1000.000000000000000 ) ;
#3454 = VERTEX_POINT ( 'NONE', #2089 ) ;
#3455 = PRODUCT_RELATED_PRODUCT_CATEGORY ( 'part', '', ( #2615 ) ) ;
#3456 = DIRECTION ( 'NONE',  ( 0.000000000000000000, 0.000000000000000000, 1.000000000000000000 ) ) ;
#3457 = DIRECTION ( 'NONE',  ( -0.000000000000000000, 1.000000000000000000, -0.000000000000000000 ) ) ;
#3458 = DIRECTION ( 'NONE',  ( -0.000000000000000000, -0.000000000000000000, -1.000000000000000000 ) ) ;
#3459 = EDGE_CURVE ( 'NONE', #2253, #1371, #1789, .T. ) ;
#3460 = EDGE_LOOP ( 'NONE', ( #1271, #2171, #2269 ) ) ;
#3461 = LINE ( 'NONE', #622, #1621 ) ;
#3462 = DIRECTION ( 'NONE',  ( 0.000000000000000000, 0.000000000000000000, 1.000000000000000000 ) ) ;
#3463 = AXIS2_PLACEMENT_3D ( 'NONE', #3394, #3717, #1211 ) ;
#3464 = EDGE_CURVE ( 'NONE', #1461, #2444, #2486, .T. ) ;
#3465 = FACE_OUTER_BOUND ( 'NONE', #3280, .T. ) ;
#3466 = VECTOR ( 'NONE', #3458, 1000.000000000000000 ) ;
#3467 = CARTESIAN_POINT ( 'NONE',  ( 55.75000000000000000, 0.000000000000000000, 17.19999999999999929 ) ) ;
#3468 = CARTESIAN_POINT ( 'NONE',  ( 47.66218521927218887, 10.49657050444530526, 0.000000000000000000 ) ) ;
#3469 = ORIENTED_EDGE ( 'NONE', *, *, #4075, .F. ) ;
#3470 = VECTOR ( 'NONE', #3307, 1000.000000000000000 ) ;
#3471 = DIRECTION ( 'NONE',  ( 0.000000000000000000, 0.000000000000000000, 1.000000000000000000 ) ) ;
#3472 = DIRECTION ( 'NONE',  ( -0.000000000000000000, -0.000000000000000000, -1.000000000000000000 ) ) ;
#3473 = DIRECTION ( 'NONE',  ( 0.000000000000000000, 0.7071067811865523467, -0.7071067811865426878 ) ) ;
#3474 = ORIENTED_EDGE ( 'NONE', *, *, #2598, .F. ) ;
#3475 = DIRECTION ( 'NONE',  ( -0.000000000000000000, -0.000000000000000000, 1.000000000000000000 ) ) ;
#3476 = DIRECTION ( 'NONE',  ( -0.000000000000000000, 1.000000000000000000, -0.000000000000000000 ) ) ;
#3477 = CARTESIAN_POINT ( 'NONE',  ( -7.999999999999996447, 14.15054178657793393, 11.40000000000000036 ) ) ;
#3478 = ORIENTED_EDGE ( 'NONE', *, *, #2022, .F. ) ;
#3479 = ORIENTED_EDGE ( 'NONE', *, *, #2441, .T. ) ;
#3480 = CARTESIAN_POINT ( 'NONE',  ( 25.61218521927199276, -18.00342949555452776, 0.000000000000000000 ) ) ;
#3481 = ORIENTED_EDGE ( 'NONE', *, *, #1774, .T. ) ;
#3482 = DIRECTION ( 'NONE',  ( 1.000000000000000000, 0.000000000000000000, 0.000000000000000000 ) ) ;
#3483 = EDGE_CURVE ( 'NONE', #2075, #2708, #305, .T. ) ;
#3484 = VECTOR ( 'NONE', #2212, 1000.000000000000000 ) ;
#3485 = DIRECTION ( 'NONE',  ( 0.000000000000000000, 0.000000000000000000, -1.000000000000000000 ) ) ;
#3486 = LINE ( 'NONE', #325, #1226 ) ;
#3487 = DIRECTION ( 'NONE',  ( 1.000000000000000000, 0.000000000000000000, 0.000000000000000000 ) ) ;
#3488 = ORIENTED_EDGE ( 'NONE', *, *, #2315, .T. ) ;
#3489 = VECTOR ( 'NONE', #304, 1000.000000000000000 ) ;
#3490 = EDGE_CURVE ( 'NONE', #1072, #1036, #3528, .T. ) ;
#3491 = DIRECTION ( 'NONE',  ( -0.000000000000000000, 1.000000000000000000, -0.000000000000000000 ) ) ;
#3492 = AXIS2_PLACEMENT_3D ( 'NONE', #3947, #3631, #2357 ) ;
#3493 = EDGE_CURVE ( 'NONE', #368, #2319, #3427, .T. ) ;
#3494 = LINE ( 'NONE', #31, #230 ) ;
#3495 = CARTESIAN_POINT ( 'NONE',  ( -55.75000000000000000, 0.000000000000000000, 1.199999999999999956 ) ) ;
#3496 = DIRECTION ( 'NONE',  ( 0.000000000000000000, 0.000000000000000000, 1.000000000000000000 ) ) ;
#3497 = CARTESIAN_POINT ( 'NONE',  ( 43.75000000000000000, 14.15054178657793393, 9.199999999999999289 ) ) ;
#3498 = DIRECTION ( 'NONE',  ( 0.000000000000000000, 0.000000000000000000, 1.000000000000000000 ) ) ;
#3499 = VERTEX_POINT ( 'NONE', #2875 ) ;
#3500 = DIRECTION ( 'NONE',  ( 0.000000000000000000, -0.000000000000000000, -1.000000000000000000 ) ) ;
#3501 = EDGE_LOOP ( 'NONE', ( #1864, #1712, #3358, #516 ) ) ;
#3502 = DIRECTION ( 'NONE',  ( -1.000000000000000000, 0.000000000000000000, 0.000000000000000000 ) ) ;
#3503 = AXIS2_PLACEMENT_3D ( 'NONE', #2731, #4003, #1150 ) ;
#3504 = CARTESIAN_POINT ( 'NONE',  ( -14.08781478072798699, -50.50342949555436434, -2.200000000000004619 ) ) ;
#3505 = EDGE_CURVE ( 'NONE', #2626, #751, #344, .T. ) ;
#3506 = DIRECTION ( 'NONE',  ( 0.000000000000000000, -1.000000000000000000, 0.000000000000000000 ) ) ;
#3507 = CARTESIAN_POINT ( 'NONE',  ( 8.000000000000003553, -1.999999999999998224, 11.40000000000000036 ) ) ;
#3508 = ORIENTED_EDGE ( 'NONE', *, *, #3410, .F. ) ;
#3509 = DIRECTION ( 'NONE',  ( 0.000000000000000000, 0.000000000000000000, 1.000000000000000000 ) ) ;
#3510 = ADVANCED_FACE ( 'NONE', ( #2230 ), #1520, .F. ) ;
#3511 = VERTEX_POINT ( 'NONE', #1910 ) ;
#3512 = LINE ( 'NONE', #2491, #3258 ) ;
#3513 = CARTESIAN_POINT ( 'NONE',  ( 53.74999999999998579, -6.000000000000000000, 17.19999999999999929 ) ) ;
#3514 = VECTOR ( 'NONE', #189, 1000.000000000000000 ) ;
#3515 = EDGE_CURVE ( 'NONE', #482, #3808, #1541, .T. ) ;
#3516 = DIRECTION ( 'NONE',  ( -0.000000000000000000, -0.000000000000000000, -1.000000000000000000 ) ) ;
#3517 = DIRECTION ( 'NONE',  ( -0.000000000000000000, -1.000000000000000000, -0.000000000000000000 ) ) ;
#3518 = PLANE ( 'NONE',  #2452 ) ;
#3519 = LINE ( 'NONE', #3477, #2066 ) ;
#3520 = EDGE_LOOP ( 'NONE', ( #732, #345, #419, #2762, #511, #2272, #2326, #462 ) ) ;
#3521 = VERTEX_POINT ( 'NONE', #3105 ) ;
#3522 = CARTESIAN_POINT ( 'NONE',  ( 55.75000000000000000, 0.000000000000000000, 1.199999999999999956 ) ) ;
#3523 = VECTOR ( 'NONE', #3734, 1000.000000000000000 ) ;
#3524 = LINE ( 'NONE', #3231, #1423 ) ;
#3525 = LINE ( 'NONE', #3467, #775 ) ;
#3526 = CARTESIAN_POINT ( 'NONE',  ( -14.08781478072797988, 12.49657050444528927, -3.000000000000004441 ) ) ;
#3527 = ORIENTED_EDGE ( 'NONE', *, *, #131, .T. ) ;
#3528 = CIRCLE ( 'NONE', #1141, 1.500000000000000666 ) ;
#3529 = AXIS2_PLACEMENT_3D ( 'NONE', #57, #1534, #3498 ) ;
#3530 = LINE ( 'NONE', #3261, #901 ) ;
#3531 = ORIENTED_EDGE ( 'NONE', *, *, #2814, .T. ) ;
#3532 = FACE_OUTER_BOUND ( 'NONE', #897, .T. ) ;
#3533 = APPLICATION_CONTEXT ( 'automotive_design' ) ;
#3534 = AXIS2_PLACEMENT_3D ( 'NONE', #3242, #2905, #3269 ) ;
#3535 = EDGE_CURVE ( 'NONE', #468, #3929, #647, .T. ) ;
#3536 = CARTESIAN_POINT ( 'NONE',  ( 38.74999999999997158, -2.000000000000000000, 1.199999999999999956 ) ) ;
#3537 = DIRECTION ( 'NONE',  ( 0.000000000000000000, 0.000000000000000000, 1.000000000000000000 ) ) ;
#3538 = EDGE_CURVE ( 'NONE', #1455, #1903, #587, .T. ) ;
#3539 = CARTESIAN_POINT ( 'NONE',  ( -41.83781478072816640, -46.50342949555435723, 1.500000000000000444 ) ) ;
#3540 = EDGE_LOOP ( 'NONE', ( #2649, #683, #177, #409, #3079 ) ) ;
#3541 = EDGE_LOOP ( 'NONE', ( #3684, #761, #2748, #502 ) ) ;
#3542 = CARTESIAN_POINT ( 'NONE',  ( -6.087814780727985209, 10.49657050444530526, -1.199999999999999956 ) ) ;
#3543 = ORIENTED_EDGE ( 'NONE', *, *, #994, .F. ) ;
#3544 = LINE ( 'NONE', #3229, #2454 ) ;
#3545 = EDGE_CURVE ( 'NONE', #648, #16, #3143, .T. ) ;
#3546 = LINE ( 'NONE', #64, #2690 ) ;
#3547 = LINE ( 'NONE', #1241, #3624 ) ;
#3548 = DIRECTION ( 'NONE',  ( 0.000000000000000000, 0.000000000000000000, -1.000000000000000000 ) ) ;
#3549 = ORIENTED_EDGE ( 'NONE', *, *, #3117, .F. ) ;
#3550 = VECTOR ( 'NONE', #3371, 1000.000000000000000 ) ;
#3551 = VERTEX_POINT ( 'NONE', #1258 ) ;
#3552 = PLANE ( 'NONE',  #247 ) ;
#3553 = VECTOR ( 'NONE', #913, 1000.000000000000000 ) ;
#3554 = ORIENTED_EDGE ( 'NONE', *, *, #2797, .T. ) ;
#3555 = DIRECTION ( 'NONE',  ( -1.000000000000000000, 0.000000000000000000, 0.000000000000000000 ) ) ;
#3556 = APPLICATION_PROTOCOL_DEFINITION ( 'draft international standard', 'automotive_design', 1998, #3831 ) ;
#3557 = VECTOR ( 'NONE', #1330, 1000.000000000000000 ) ;
#3558 =( NAMED_UNIT ( * ) SI_UNIT ( $, .STERADIAN. ) SOLID_ANGLE_UNIT ( ) );
#3559 = DIRECTION ( 'NONE',  ( -0.000000000000000000, 1.000000000000000000, -0.000000000000000000 ) ) ;
#3560 = ADVANCED_FACE ( 'NONE', ( #958 ), #2170, .T. ) ;
#3561 = AXIS2_PLACEMENT_3D ( 'NONE', #1185, #291, #3437 ) ;
#3562 = ORIENTED_EDGE ( 'NONE', *, *, #1709, .T. ) ;
#3563 = EDGE_LOOP ( 'NONE', ( #1179, #1850, #639, #2592 ) ) ;
#3564 = LINE ( 'NONE', #2556, #848 ) ;
#3565 = ADVANCED_FACE ( 'NONE', ( #1242 ), #972, .T. ) ;
#3566 = VERTEX_POINT ( 'NONE', #2852 ) ;
#3567 = CARTESIAN_POINT ( 'NONE',  ( 0.000000000000000000, 0.000000000000000000, 13.19999999999999929 ) ) ;
#3568 = CARTESIAN_POINT ( 'NONE',  ( -14.08781478072797988, 12.49657050444528927, -3.000000000000004441 ) ) ;
#3569 = ADVANCED_FACE ( 'NONE', ( #1849 ), #3846, .F. ) ;
#3570 = EDGE_LOOP ( 'NONE', ( #3093, #2308, #1153, #2377 ) ) ;
#3571 = DIRECTION ( 'NONE',  ( -0.000000000000000000, 0.000000000000000000, -1.000000000000000000 ) ) ;
#3572 = VERTEX_POINT ( 'NONE', #2540 ) ;
#3573 = ORIENTED_EDGE ( 'NONE', *, *, #1833, .T. ) ;
#3574 = LINE ( 'NONE', #4012, #253 ) ;
#3575 = CARTESIAN_POINT ( 'NONE',  ( -6.087814780728155739, -46.50342949555435723, -5.204170427930421283E-15 ) ) ;
#3576 = VECTOR ( 'NONE', #540, 1000.000000000000000 ) ;
#3577 = ORIENTED_EDGE ( 'NONE', *, *, #3980, .F. ) ;
#3578 = CARTESIAN_POINT ( 'NONE',  ( 0.000000000000000000, 0.000000000000000000, -2.200000000000004619 ) ) ;
#3579 = APPLICATION_PROTOCOL_DEFINITION ( 'draft international standard', 'automotive_design', 1998, #1932 ) ;
#3580 = CARTESIAN_POINT ( 'NONE',  ( 53.75000000000000000, -2.000000000000000000, 16.19999999999999929 ) ) ;
#3581 = LINE ( 'NONE', #3314, #1389 ) ;
#3582 = ADVANCED_FACE ( 'NONE', ( #1827 ), #2524, .F. ) ;
#3583 = EDGE_LOOP ( 'NONE', ( #1120, #2455, #2500, #2382 ) ) ;
#3584 = VERTEX_POINT ( 'NONE', #2504 ) ;
#3585 = LINE ( 'NONE', #380, #2153 ) ;
#3586 = ORIENTED_EDGE ( 'NONE', *, *, #2351, .F. ) ;
#3587 = DIRECTION ( 'NONE',  ( 0.000000000000000000, -0.000000000000000000, -1.000000000000000000 ) ) ;
#3588 = EDGE_CURVE ( 'NONE', #927, #1991, #1220, .T. ) ;
#3589 = LINE ( 'NONE', #707, #1488 ) ;
#3590 = ORIENTED_EDGE ( 'NONE', *, *, #2076, .F. ) ;
#3591 = CARTESIAN_POINT ( 'NONE',  ( 53.75000000000000000, -2.000000000000000000, 1.199999999999999956 ) ) ;
#3592 = ORIENTED_EDGE ( 'NONE', *, *, #2785, .F. ) ;
#3593 = VECTOR ( 'NONE', #1312, 1000.000000000000000 ) ;
#3594 = VECTOR ( 'NONE', #2330, 1000.000000000000000 ) ;
#3595 = ADVANCED_FACE ( 'NONE', ( #934 ), #2191, .T. ) ;
#3596 = DIRECTION ( 'NONE',  ( -1.000000000000000000, 2.478176394252582620E-16, 0.000000000000000000 ) ) ;
#3597 = CIRCLE ( 'NONE', #2331, 1.500000000000000666 ) ;
#3598 = DIRECTION ( 'NONE',  ( 0.000000000000000000, 0.000000000000000000, 1.000000000000000000 ) ) ;
#3599 = CARTESIAN_POINT ( 'NONE',  ( 23.74999999999997158, -1.000000000000000000, 7.199999999999984190 ) ) ;
#3600 = ORIENTED_EDGE ( 'NONE', *, *, #836, .T. ) ;
#3601 = DIRECTION ( 'NONE',  ( 0.000000000000000000, -0.000000000000000000, 1.000000000000000000 ) ) ;
#3602 = VECTOR ( 'NONE', #312, 1000.000000000000000 ) ;
#3603 = LINE ( 'NONE', #2031, #3338 ) ;
#3604 = CARTESIAN_POINT ( 'NONE',  ( 35.75000000000000711, -4.000000000000000000, 14.79999999999999716 ) ) ;
#3605 = AXIS2_PLACEMENT_3D ( 'NONE', #2303, #120, #3875 ) ;
#3606 = ORIENTED_EDGE ( 'NONE', *, *, #1474, .F. ) ;
#3607 = EDGE_LOOP ( 'NONE', ( #473, #891, #3838, #1221 ) ) ;
#3608 = DIRECTION ( 'NONE',  ( 0.000000000000000000, 0.000000000000000000, 1.000000000000000000 ) ) ;
#3609 = EDGE_LOOP ( 'NONE', ( #3393, #4079, #1136, #1929, #4032, #1216, #478 ) ) ;
#3610 = CARTESIAN_POINT ( 'NONE',  ( 0.000000000000000000, -6.000000000000000000, 0.000000000000000000 ) ) ;
#3611 = DIRECTION ( 'NONE',  ( -4.625929269271484533E-15, -1.000000000000000000, 0.000000000000000000 ) ) ;
#3612 = ORIENTED_EDGE ( 'NONE', *, *, #2061, .F. ) ;
#3613 = VERTEX_POINT ( 'NONE', #1669 ) ;
#3614 = ADVANCED_FACE ( 'NONE', ( #1059 ), #2634, .F. ) ;
#3615 =( REPRESENTATION_RELATIONSHIP ('NONE','NONE', #1851, #2123 ) REPRESENTATION_RELATIONSHIP_WITH_TRANSFORMATION ( #3241 )SHAPE_REPRESENTATION_RELATIONSHIP( ) );
#3616 = ORIENTED_EDGE ( 'NONE', *, *, #3002, .T. ) ;
#3617 = CARTESIAN_POINT ( 'NONE',  ( -6.087814780727985209, -18.00342949555452776, 1.400000000000000133 ) ) ;
#3618 = DIRECTION ( 'NONE',  ( -4.625929269271484533E-15, -1.000000000000000000, 0.000000000000000000 ) ) ;
#3619 = DIRECTION ( 'NONE',  ( 1.000000000000000000, -2.478176394252582127E-16, 0.000000000000000000 ) ) ;
#3620 = ORIENTED_EDGE ( 'NONE', *, *, #4075, .T. ) ;
#3621 = EDGE_CURVE ( 'NONE', #2505, #3901, #3256, .T. ) ;
#3622 = CARTESIAN_POINT ( 'NONE',  ( -53.75000000000000000, -2.000000000000000000, 9.199999999999999289 ) ) ;
#3623 = DIRECTION ( 'NONE',  ( -0.000000000000000000, -0.000000000000000000, -1.000000000000000000 ) ) ;
#3624 = VECTOR ( 'NONE', #933, 1000.000000000000000 ) ;
#3625 = CARTESIAN_POINT ( 'NONE',  ( 53.75000000000000000, -1.999999999999998224, 11.40000000000000036 ) ) ;
#3626 = EDGE_CURVE ( 'NONE', #3274, #973, #426, .T. ) ;
#3627 = DIRECTION ( 'NONE',  ( 1.000000000000000000, 0.000000000000000000, 0.000000000000000000 ) ) ;
#3628 = VECTOR ( 'NONE', #1313, 1000.000000000000000 ) ;
#3629 = ORIENTED_EDGE ( 'NONE', *, *, #119, .F. ) ;
#3630 = ORIENTED_EDGE ( 'NONE', *, *, #1453, .F. ) ;
#3631 = DIRECTION ( 'NONE',  ( 0.000000000000000000, 0.000000000000000000, -1.000000000000000000 ) ) ;
#3632 = AXIS2_PLACEMENT_3D ( 'NONE', #3655, #257, #2460 ) ;
#3633 = ORIENTED_EDGE ( 'NONE', *, *, #2534, .T. ) ;
#3634 = CARTESIAN_POINT ( 'NONE',  ( -6.087814780728155739, -46.50342949555435723, -5.204170427930421283E-15 ) ) ;
#3635 = CYLINDRICAL_SURFACE ( 'NONE', #3632, 1.599999999999997202 ) ;
#3636 = ORIENTED_EDGE ( 'NONE', *, *, #460, .T. ) ;
#3637 = ORIENTED_EDGE ( 'NONE', *, *, #2367, .T. ) ;
#3638 = EDGE_CURVE ( 'NONE', #3873, #1421, #1333, .T. ) ;
#3639 = ORIENTED_EDGE ( 'NONE', *, *, #2267, .T. ) ;
#3640 = LINE ( 'NONE', #3368, #2623 ) ;
#3641 = FACE_OUTER_BOUND ( 'NONE', #2345, .T. ) ;
#3642 = DIRECTION ( 'NONE',  ( 0.000000000000000000, -1.000000000000000000, 0.000000000000000000 ) ) ;
#3643 = ORIENTED_EDGE ( 'NONE', *, *, #435, .T. ) ;
#3644 = EDGE_CURVE ( 'NONE', #2626, #602, #1336, .T. ) ;
#3645 =( NAMED_UNIT ( * ) PLANE_ANGLE_UNIT ( ) SI_UNIT ( $, .RADIAN. ) );
#3646 = FACE_OUTER_BOUND ( 'NONE', #634, .T. ) ;
#3647 = CARTESIAN_POINT ( 'NONE',  ( 55.75000000000000000, -6.000000000000000000, 0.000000000000000000 ) ) ;
#3648 = EDGE_CURVE ( 'NONE', #4085, #3277, #1037, .T. ) ;
#3649 = CARTESIAN_POINT ( 'NONE',  ( 55.75000000000000000, 0.000000000000000000, 1.199999999999999956 ) ) ;
#3650 = ORIENTED_EDGE ( 'NONE', *, *, #728, .T. ) ;
#3651 = VERTEX_POINT ( 'NONE', #2296 ) ;
#3652 = PLANE ( 'NONE',  #3492 ) ;
#3653 = VERTEX_POINT ( 'NONE', #2939 ) ;
#3654 = DIRECTION ( 'NONE',  ( 0.000000000000000000, 1.000000000000000000, 0.000000000000000000 ) ) ;
#3655 = CARTESIAN_POINT ( 'NONE',  ( -35.75000000000000711, 0.001000000000000132727, 13.19999999999999929 ) ) ;
#3656 = AXIS2_PLACEMENT_3D ( 'NONE', #1000, #696, #2530 ) ;
#3657 = EDGE_LOOP ( 'NONE', ( #2087, #313, #1424, #1607 ) ) ;
#3658 = ORIENTED_EDGE ( 'NONE', *, *, #2941, .F. ) ;
#3659 = PRESENTATION_LAYER_ASSIGNMENT (  '', '', ( #2579 ) ) ;
#3660 = VECTOR ( 'NONE', #564, 1000.000000000000000 ) ;
#3661 = ORIENTED_EDGE ( 'NONE', *, *, #558, .F. ) ;
#3662 = CARTESIAN_POINT ( 'NONE',  ( -14.08781478072797988, 12.49657050444528927, -2.200000000000004619 ) ) ;
#3663 = LINE ( 'NONE', #203, #3405 ) ;
#3664 = FACE_OUTER_BOUND ( 'NONE', #1536, .T. ) ;
#3665 = VERTEX_POINT ( 'NONE', #1643 ) ;
#3666 = EDGE_CURVE ( 'NONE', #1331, #2398, #110, .T. ) ;
#3667 =( NAMED_UNIT ( * ) PLANE_ANGLE_UNIT ( ) SI_UNIT ( $, .RADIAN. ) );
#3668 = DIRECTION ( 'NONE',  ( 1.000000000000000000, 0.000000000000000000, 0.000000000000000000 ) ) ;
#3669 = LINE ( 'NONE', #2032, #992 ) ;
#3670 = DIRECTION ( 'NONE',  ( 0.000000000000000000, 0.000000000000000000, -1.000000000000000000 ) ) ;
#3671 = ADVANCED_FACE ( 'NONE', ( #88 ), #66, .F. ) ;
#3672 = CIRCLE ( 'NONE', #2790, 1.499999999999999556 ) ;
#3673 = DIRECTION ( 'NONE',  ( 0.000000000000000000, 0.000000000000000000, 1.000000000000000000 ) ) ;
#3674 = ORIENTED_EDGE ( 'NONE', *, *, #3876, .T. ) ;
#3675 = CIRCLE ( 'NONE', #1856, 1.499999999999999556 ) ;
#3676 = CARTESIAN_POINT ( 'NONE',  ( -7.999999999999996447, -1.999999999999998224, 9.199999999999999289 ) ) ;
#3677 = ORIENTED_EDGE ( 'NONE', *, *, #3041, .F. ) ;
#3678 = CARTESIAN_POINT ( 'NONE',  ( -53.75000000000000000, -4.000000000000000000, 9.199999999999999289 ) ) ;
#3679 = EDGE_CURVE ( 'NONE', #907, #3948, #3866, .T. ) ;
#3680 = COLOUR_RGB ( '',1.000000000000000000, 1.000000000000000000, 1.000000000000000000 ) ;
#3681 = CIRCLE ( 'NONE', #1861, 31.69999999999997797 ) ;
#3682 = VERTEX_POINT ( 'NONE', #1978 ) ;
#3683 = CARTESIAN_POINT ( 'NONE',  ( 55.75000000000000000, 0.000000000000000000, 17.19999999999999929 ) ) ;
#3684 = ORIENTED_EDGE ( 'NONE', *, *, #2351, .T. ) ;
#3685 = ORIENTED_EDGE ( 'NONE', *, *, #2131, .F. ) ;
#3686 = EDGE_CURVE ( 'NONE', #3687, #1556, #709, .T. ) ;
#3687 = VERTEX_POINT ( 'NONE', #1596 ) ;
#3688 = DIRECTION ( 'NONE',  ( -0.000000000000000000, -1.000000000000000000, -0.000000000000000000 ) ) ;
#3689 = DIRECTION ( 'NONE',  ( 0.000000000000000000, 0.000000000000000000, -1.000000000000000000 ) ) ;
#3690 = EDGE_LOOP ( 'NONE', ( #3636, #3429, #700, #1117 ) ) ;
#3691 = SHAPE_REPRESENTATION_RELATIONSHIP ( 'NONE' , 'NONE' ,  #2123, #1086 ) ;
#3692 = DIRECTION ( 'NONE',  ( 0.000000000000000000, 0.000000000000000000, -1.000000000000000000 ) ) ;
#3693 = DIRECTION ( 'NONE',  ( -1.000000000000000000, 8.673617379884027583E-16, 0.000000000000000000 ) ) ;
#3694 = CIRCLE ( 'NONE', #2144, 1.500000000000003997 ) ;
#3695 = FACE_OUTER_BOUND ( 'NONE', #180, .T. ) ;
#3696 = EDGE_LOOP ( 'NONE', ( #2876, #885, #1374, #3257 ) ) ;
#3697 = EDGE_CURVE ( 'NONE', #4085, #484, #1555, .T. ) ;
#3698 = FACE_OUTER_BOUND ( 'NONE', #3541, .T. ) ;
#3699 = ORIENTED_EDGE ( 'NONE', *, *, #1518, .T. ) ;
#3700 = PLANE ( 'NONE',  #1439 ) ;
#3701 = VECTOR ( 'NONE', #1665, 1000.000000000000000 ) ;
#3702 = VECTOR ( 'NONE', #3951, 1000.000000000000000 ) ;
#3703 = EDGE_CURVE ( 'NONE', #2412, #3144, #3802, .T. ) ;
#3704 = ORIENTED_EDGE ( 'NONE', *, *, #3315, .F. ) ;
#3705 =( LENGTH_UNIT ( ) NAMED_UNIT ( * ) SI_UNIT ( .MILLI., .METRE. ) );
#3706 = ORIENTED_EDGE ( 'NONE', *, *, #1100, .F. ) ;
#3707 = DIRECTION ( 'NONE',  ( -1.000000000000000000, 0.000000000000000000, 0.000000000000000000 ) ) ;
#3708 = LINE ( 'NONE', #3404, #1385 ) ;
#3709 = ADVANCED_FACE ( 'NONE', ( #1308 ), #2827, .F. ) ;
#3710 = DIRECTION ( 'NONE',  ( 0.000000000000000000, 1.000000000000000000, 0.000000000000000000 ) ) ;
#3711 = ORIENTED_EDGE ( 'NONE', *, *, #1953, .F. ) ;
#3712 = CARTESIAN_POINT ( 'NONE',  ( -41.83781478072816640, 10.49657050444530526, 1.500000000000000444 ) ) ;
#3713 = DIRECTION ( 'NONE',  ( 1.000000000000000000, 0.000000000000000000, 0.000000000000000000 ) ) ;
#3714 = VECTOR ( 'NONE', #2100, 1000.000000000000000 ) ;
#3715 = CARTESIAN_POINT ( 'NONE',  ( -6.087814780728155739, 10.49657050444530526, -5.204170427930421283E-15 ) ) ;
#3716 = ORIENTED_EDGE ( 'NONE', *, *, #1349, .T. ) ;
#3717 = DIRECTION ( 'NONE',  ( 0.000000000000000000, 0.000000000000000000, -1.000000000000000000 ) ) ;
#3718 = ORIENTED_EDGE ( 'NONE', *, *, #547, .F. ) ;
#3719 = LINE ( 'NONE', #2117, #2506 ) ;
#3720 = DIRECTION ( 'NONE',  ( -0.000000000000000000, -0.000000000000000000, -1.000000000000000000 ) ) ;
#3721 = ORIENTED_EDGE ( 'NONE', *, *, #4068, .F. ) ;
#3722 = DIRECTION ( 'NONE',  ( 1.000000000000000000, 0.000000000000000000, 0.000000000000000000 ) ) ;
#3723 = EDGE_CURVE ( 'NONE', #2474, #834, #3519, .T. ) ;
#3724 = LINE ( 'NONE', #2124, #519 ) ;
#3725 = DIRECTION ( 'NONE',  ( -1.000000000000000000, 0.000000000000000000, 0.000000000000000000 ) ) ;
#3726 = VERTEX_POINT ( 'NONE', #2181 ) ;
#3727 = VECTOR ( 'NONE', #4011, 1000.000000000000000 ) ;
#3728 = ADVANCED_FACE ( 'NONE', ( #2242 ), #679, .T. ) ;
#3729 = VECTOR ( 'NONE', #3722, 1000.000000000000000 ) ;
#3730 =( LENGTH_UNIT ( ) NAMED_UNIT ( * ) SI_UNIT ( .MILLI., .METRE. ) );
#3731 = CARTESIAN_POINT ( 'NONE',  ( 0.000000000000000000, 0.000000000000000000, 0.000000000000000000 ) ) ;
#3732 = FACE_OUTER_BOUND ( 'NONE', #3520, .T. ) ;
#3733 = CIRCLE ( 'NONE', #1912, 1.499999999999999556 ) ;
#3734 = DIRECTION ( 'NONE',  ( -0.000000000000000000, -0.000000000000000000, -1.000000000000000000 ) ) ;
#3735 = VECTOR ( 'NONE', #288, 1000.000000000000000 ) ;
#3736 = ORIENTED_EDGE ( 'NONE', *, *, #1018, .T. ) ;
#3737 = CYLINDRICAL_SURFACE ( 'NONE', #714, 30.50000000000000355 ) ;
#3738 = AXIS2_PLACEMENT_3D ( 'NONE', #3958, #3517, #1105 ) ;
#3739 = VERTEX_POINT ( 'NONE', #1289 ) ;
#3740 = CARTESIAN_POINT ( 'NONE',  ( -6.087814780727985209, -18.00342949555452776, -1.199999999999999956 ) ) ;
#3741 = AXIS2_PLACEMENT_3D ( 'NONE', #656, #2204, #316 ) ;
#3742 = CARTESIAN_POINT ( 'NONE',  ( -55.75000000000000000, 0.000000000000000000, 1.199999999999999956 ) ) ;
#3743 = ORIENTED_EDGE ( 'NONE', *, *, #1023, .F. ) ;
#3744 =( GEOMETRIC_REPRESENTATION_CONTEXT ( 3 ) GLOBAL_UNCERTAINTY_ASSIGNED_CONTEXT ( ( #738 ) ) GLOBAL_UNIT_ASSIGNED_CONTEXT ( ( #609, #2526, #589 ) ) REPRESENTATION_CONTEXT ( 'NONE', 'WORKASPACE' ) );
#3745 = CARTESIAN_POINT ( 'NONE',  ( -41.83781478072816640, -46.50342949555435723, -3.469446951953614189E-15 ) ) ;
#3746 = EDGE_CURVE ( 'NONE', #1342, #173, #4103, .T. ) ;
#3747 = CARTESIAN_POINT ( 'NONE',  ( 38.74999999999997158, -1.000000000000000000, 1.199999999999999956 ) ) ;
#3748 = ORIENTED_EDGE ( 'NONE', *, *, #1189, .T. ) ;
#3749 = DIRECTION ( 'NONE',  ( 0.000000000000000000, 0.000000000000000000, 1.000000000000000000 ) ) ;
#3750 = ADVANCED_FACE ( 'NONE', ( #2223 ), #3199, .F. ) ;
#3751 = CIRCLE ( 'NONE', #3194, 1.500000000000003997 ) ;
#3752 = DIRECTION ( 'NONE',  ( 0.000000000000000000, 1.000000000000000000, 0.000000000000000000 ) ) ;
#3753 = ORIENTED_EDGE ( 'NONE', *, *, #2339, .T. ) ;
#3754 = EDGE_CURVE ( 'NONE', #1764, #3651, #1003, .T. ) ;
#3755 = CARTESIAN_POINT ( 'NONE',  ( -6.087814780727985209, -18.00342949555452776, 1.400000000000000133 ) ) ;
#3756 = ORIENTED_EDGE ( 'NONE', *, *, #813, .T. ) ;
#3757 = DIRECTION ( 'NONE',  ( -0.000000000000000000, -0.000000000000000000, -1.000000000000000000 ) ) ;
#3758 = CIRCLE ( 'NONE', #1355, 1.599999999999997202 ) ;
#3759 = ORIENTED_EDGE ( 'NONE', *, *, #175, .F. ) ;
#3760 = CARTESIAN_POINT ( 'NONE',  ( 35.75000000000000711, -4.000000000000000000, 13.19999999999999929 ) ) ;
#3761 = VECTOR ( 'NONE', #3611, 1000.000000000000000 ) ;
#3762 = VERTEX_POINT ( 'NONE', #3539 ) ;
#3763 = FACE_BOUND ( 'NONE', #2091, .T. ) ;
#3764 = VECTOR ( 'NONE', #3720, 1000.000000000000000 ) ;
#3765 = CARTESIAN_POINT ( 'NONE',  ( 47.66218521927218887, 10.49657050444530526, -3.000000000000002665 ) ) ;
#3766 = DIRECTION ( 'NONE',  ( -0.000000000000000000, 1.000000000000000000, -0.000000000000000000 ) ) ;
#3767 = CARTESIAN_POINT ( 'NONE',  ( -52.63781478072815645, 0.000000000000000000, -2.200000000000004619 ) ) ;
#3768 = AXIS2_PLACEMENT_3D ( 'NONE', #336, #1250, #4100 ) ;
#3769 = ORIENTED_EDGE ( 'NONE', *, *, #2772, .F. ) ;
#3770 = ADVANCED_FACE ( 'NONE', ( #1838 ), #2553, .T. ) ;
#3771 = DIRECTION ( 'NONE',  ( -1.067522139062656218E-16, -1.000000000000000000, 0.000000000000000000 ) ) ;
#3772 = CARTESIAN_POINT ( 'NONE',  ( -59.83781478072815929, 14.49657050444530526, -3.000000000000004441 ) ) ;
#3773 = ADVANCED_FACE ( 'NONE', ( #3837 ), #1252, .F. ) ;
#3774 = CARTESIAN_POINT ( 'NONE',  ( 8.000000000000000000, -1.999999999999998224, 11.40000000000000036 ) ) ;
#3775 = ORIENTED_EDGE ( 'NONE', *, *, #1479, .F. ) ;
#3776 = CARTESIAN_POINT ( 'NONE',  ( 40.46218521927219314, 0.000000000000000000, -2.200000000000004619 ) ) ;
#3777 = DIRECTION ( 'NONE',  ( 0.000000000000000000, 0.000000000000000000, 1.000000000000000000 ) ) ;
#3778 = EDGE_CURVE ( 'NONE', #3653, #3277, #1234, .T. ) ;
#3779 = DIRECTION ( 'NONE',  ( -0.000000000000000000, 0.000000000000000000, 1.000000000000000000 ) ) ;
#3780 = ORIENTED_EDGE ( 'NONE', *, *, #1622, .T. ) ;
#3781 = VECTOR ( 'NONE', #833, 1000.000000000000000 ) ;
#3782 = DIRECTION ( 'NONE',  ( 0.000000000000000000, -1.000000000000000000, 0.000000000000000000 ) ) ;
#3783 = LINE ( 'NONE', #1009, #3387 ) ;
#3784 = FACE_OUTER_BOUND ( 'NONE', #379, .T. ) ;
#3785 = DIRECTION ( 'NONE',  ( 0.000000000000000000, 1.000000000000000000, 0.000000000000000000 ) ) ;
#3786 = VERTEX_POINT ( 'NONE', #3795 ) ;
#3787 = CARTESIAN_POINT ( 'NONE',  ( -53.75000000000000000, -2.000000000000000000, 9.199999999999999289 ) ) ;
#3788 = COLOUR_RGB ( '',1.000000000000000000, 1.000000000000000000, 1.000000000000000000 ) ;
#3789 = CARTESIAN_POINT ( 'NONE',  ( -52.63781478072816356, -50.50342949555435013, -3.000000000000004441 ) ) ;
#3790 = ORIENTED_EDGE ( 'NONE', *, *, #48, .F. ) ;
#3791 = CARTESIAN_POINT ( 'NONE',  ( -59.63781478072815645, -46.50342949555435723, 0.000000000000000000 ) ) ;
#3792 = ADVANCED_FACE ( 'NONE', ( #925 ), #620, .T. ) ;
#3793 = VECTOR ( 'NONE', #3432, 1000.000000000000000 ) ;
#3794 = CARTESIAN_POINT ( 'NONE',  ( 29.66218521927184426, -46.50342949555435723, -3.469446951953614189E-15 ) ) ;
#3795 = CARTESIAN_POINT ( 'NONE',  ( 53.75000000000000000, -2.000000000000000000, 1.199999999999999956 ) ) ;
#3796 = ORIENTED_EDGE ( 'NONE', *, *, #3041, .T. ) ;
#3798 = ORIENTED_EDGE ( 'NONE', *, *, #3538, .F. ) ;
#3797 = AXIS2_PLACEMENT_3D ( 'NONE', #3767, #1892, #663 ) ;
#3799 = ADVANCED_FACE ( 'NONE', ( #3136 ), #949, .F. ) ;
#3800 = ORIENTED_EDGE ( 'NONE', *, *, #1349, .F. ) ;
#3801 = DIRECTION ( 'NONE',  ( -0.000000000000000000, -0.000000000000000000, -1.000000000000000000 ) ) ;
#3802 = CIRCLE ( 'NONE', #3529, 1.500000000000000666 ) ;
#3803 = CARTESIAN_POINT ( 'NONE',  ( -18.97537385590088732, 10.49657050444530526, -0.4343017460781215533 ) ) ;
#3804 = EDGE_CURVE ( 'NONE', #1973, #2084, #2533, .T. ) ;
#3805 = PRESENTATION_LAYER_ASSIGNMENT (  '', '', ( #826 ) ) ;
#3806 = CARTESIAN_POINT ( 'NONE',  ( 0.000000000000000000, 0.001000000000000132727, 11.59999999999999964 ) ) ;
#3807 = DIRECTION ( 'NONE',  ( -0.000000000000000000, -1.000000000000000000, -0.000000000000000000 ) ) ;
#3808 = VERTEX_POINT ( 'NONE', #3177 ) ;
#3809 = CARTESIAN_POINT ( 'NONE',  ( 47.66218521927218887, -46.50342949555435723, 0.000000000000000000 ) ) ;
#3810 = LINE ( 'NONE', #961, #4066 ) ;
#3811 = DIRECTION ( 'NONE',  ( -1.000000000000000000, -0.000000000000000000, -0.000000000000000000 ) ) ;
#3812 = DIRECTION ( 'NONE',  ( 0.000000000000000000, 0.000000000000000000, -1.000000000000000000 ) ) ;
#3813 = DIRECTION ( 'NONE',  ( 0.000000000000000000, 1.000000000000000000, 0.000000000000000000 ) ) ;
#3814 = EDGE_CURVE ( 'NONE', #2636, #1302, #357, .T. ) ;
#3815 = CARTESIAN_POINT ( 'NONE',  ( -55.75000000000000000, 0.000000000000000000, 0.000000000000000000 ) ) ;
#3816 = ORIENTED_EDGE ( 'NONE', *, *, #2293, .F. ) ;
#3817 = DIRECTION ( 'NONE',  ( -0.000000000000000000, 1.000000000000000000, -0.000000000000000000 ) ) ;
#3818 = DIRECTION ( 'NONE',  ( -1.000000000000000000, 0.000000000000000000, -0.000000000000000000 ) ) ;
#3819 = ADVANCED_FACE ( 'NONE', ( #1684 ), #3296, .F. ) ;
#3820 = CIRCLE ( 'NONE', #1751, 31.69999999999997797 ) ;
#3821 = DIRECTION ( 'NONE',  ( -0.000000000000000000, -1.000000000000000000, -0.000000000000000000 ) ) ;
#3822 = LINE ( 'NONE', #2229, #3081 ) ;
#3823 = DIRECTION ( 'NONE',  ( -1.000000000000000000, 1.067522139062655848E-16, 0.000000000000000000 ) ) ;
#3824 = ORIENTED_EDGE ( 'NONE', *, *, #3869, .T. ) ;
#3825 = EDGE_CURVE ( 'NONE', #267, #2402, #2053, .T. ) ;
#3826 = CARTESIAN_POINT ( 'NONE',  ( -43.75000000000000000, 14.15054178657793393, 11.40000000000000036 ) ) ;
#3827 = CIRCLE ( 'NONE', #390, 30.50000000000000355 ) ;
#3828 = LINE ( 'NONE', #976, #3252 ) ;
#3829 = EDGE_LOOP ( 'NONE', ( #213, #233, #467, #1365 ) ) ;
#3830 = DIRECTION ( 'NONE',  ( -0.000000000000000000, 0.000000000000000000, 1.000000000000000000 ) ) ;
#3831 = APPLICATION_CONTEXT ( 'automotive_design' ) ;
#3832 = APPLICATION_PROTOCOL_DEFINITION ( 'draft international standard', 'automotive_design', 1998, #1609 ) ;
#3833 = CARTESIAN_POINT ( 'NONE',  ( 35.75000000000000711, 0.000000000000000000, 13.19999999999999929 ) ) ;
#3834 = LINE ( 'NONE', #741, #2451 ) ;
#3835 = FACE_BOUND ( 'NONE', #4029, .T. ) ;
#3836 = DIRECTION ( 'NONE',  ( 0.000000000000000000, 0.000000000000000000, 1.000000000000000000 ) ) ;
#3837 = FACE_OUTER_BOUND ( 'NONE', #710, .T. ) ;
#3838 = ORIENTED_EDGE ( 'NONE', *, *, #618, .F. ) ;
#3839 = ORIENTED_EDGE ( 'NONE', *, *, #68, .F. ) ;
#3840 = DIRECTION ( 'NONE',  ( 1.000000000000000000, -0.000000000000000000, -0.000000000000000000 ) ) ;
#3841 = VERTEX_POINT ( 'NONE', #3336 ) ;
#3842 = DIRECTION ( 'NONE',  ( 0.000000000000000000, 1.000000000000000000, -0.000000000000000000 ) ) ;
#3843 = AXIS2_PLACEMENT_3D ( 'NONE', #1232, #7, #697 ) ;
#3844 = PLANE ( 'NONE',  #3425 ) ;
#3845 = FACE_OUTER_BOUND ( 'NONE', #1438, .T. ) ;
#3846 = PLANE ( 'NONE',  #3935 ) ;
#3847 = ORIENTED_EDGE ( 'NONE', *, *, #1890, .T. ) ;
#3848 = EDGE_CURVE ( 'NONE', #2055, #485, #1664, .T. ) ;
#3849 = LINE ( 'NONE', #451, #580 ) ;
#3850 = CARTESIAN_POINT ( 'NONE',  ( 40.46218521927219314, 12.49657050444528927, -2.200000000000004619 ) ) ;
#3851 = VERTEX_POINT ( 'NONE', #1451 ) ;
#3852 = ADVANCED_FACE ( 'NONE', ( #266 ), #1744, .F. ) ;
#3853 = CARTESIAN_POINT ( 'NONE',  ( 43.75000000000000000, -4.000000000000000000, 9.199999999999999289 ) ) ;
#3854 = APPLICATION_PROTOCOL_DEFINITION ( 'draft international standard', 'automotive_design', 1998, #1815 ) ;
#3855 = PLANE ( 'NONE',  #3534 ) ;
#3856 = DIRECTION ( 'NONE',  ( 0.000000000000000000, -1.000000000000000000, 0.000000000000000000 ) ) ;
#3857 = AXIS2_PLACEMENT_3D ( 'NONE', #923, #3457, #1862 ) ;
#3858 = ADVANCED_FACE ( 'NONE', ( #3695 ), #1183, .F. ) ;
#3859 = DIRECTION ( 'NONE',  ( 0.000000000000000000, 0.000000000000000000, 1.000000000000000000 ) ) ;
#3860 = ORIENTED_EDGE ( 'NONE', *, *, #2157, .F. ) ;
#3861 = DIRECTION ( 'NONE',  ( 1.000000000000000000, -0.000000000000000000, 0.000000000000000000 ) ) ;
#3862 = ORIENTED_EDGE ( 'NONE', *, *, #1268, .F. ) ;
#3863 = VECTOR ( 'NONE', #1323, 1000.000000000000000 ) ;
#3864 = DIRECTION ( 'NONE',  ( -1.000000000000000000, -0.000000000000000000, -0.000000000000000000 ) ) ;
#3865 = DIRECTION ( 'NONE',  ( -0.000000000000000000, -1.000000000000000000, -0.000000000000000000 ) ) ;
#3866 = LINE ( 'NONE', #1358, #3271 ) ;
#3867 = ORIENTED_EDGE ( 'NONE', *, *, #1052, .T. ) ;
#3868 = CIRCLE ( 'NONE', #429, 31.69999999999997797 ) ;
#3869 = EDGE_CURVE ( 'NONE', #1991, #2298, #2727, .T. ) ;
#3870 = AXIS2_PLACEMENT_3D ( 'NONE', #2862, #1529, #1248 ) ;
#3871 = EDGE_LOOP ( 'NONE', ( #1139, #681 ) ) ;
#3872 = CARTESIAN_POINT ( 'NONE',  ( -55.75000000000000000, -6.000000000000000000, 0.000000000000000000 ) ) ;
#3873 = VERTEX_POINT ( 'NONE', #806 ) ;
#3874 = DIRECTION ( 'NONE',  ( -1.850371707708594366E-15, 0.000000000000000000, 1.000000000000000000 ) ) ;
#3875 = DIRECTION ( 'NONE',  ( 1.000000000000000000, 0.000000000000000000, 0.000000000000000000 ) ) ;
#3876 = EDGE_CURVE ( 'NONE', #1316, #3841, #3073, .T. ) ;
#3877 = LINE ( 'NONE', #3218, #2602 ) ;
#3878 = DIRECTION ( 'NONE',  ( 0.000000000000000000, -0.000000000000000000, -1.000000000000000000 ) ) ;
#3879 = EDGE_CURVE ( 'NONE', #155, #3161, #884, .T. ) ;
#3880 = ORIENTED_EDGE ( 'NONE', *, *, #2418, .T. ) ;
#3881 = ORIENTED_EDGE ( 'NONE', *, *, #1564, .F. ) ;
#3882 = LINE ( 'NONE', #1007, #2222 ) ;
#3883 = ORIENTED_EDGE ( 'NONE', *, *, #2483, .F. ) ;
#3884 = FACE_OUTER_BOUND ( 'NONE', #1707, .T. ) ;
#3885 = CARTESIAN_POINT ( 'NONE',  ( 5.795117819513456503, 10.49657050444530526, -0.8366659531755449297 ) ) ;
#3886 = ORIENTED_EDGE ( 'NONE', *, *, #1653, .F. ) ;
#3887 = DIRECTION ( 'NONE',  ( -1.000000000000000000, 0.000000000000000000, 0.000000000000000000 ) ) ;
#3888 = VERTEX_POINT ( 'NONE', #2095 ) ;
#3889 = CIRCLE ( 'NONE', #41, 1.599999999999997202 ) ;
#3890 = ORIENTED_EDGE ( 'NONE', *, *, #2930, .F. ) ;
#3891 = CARTESIAN_POINT ( 'NONE',  ( 47.46218521927218603, -48.50342949555436434, -2.200000000000007283 ) ) ;
#3892 = VECTOR ( 'NONE', #2502, 1000.000000000000000 ) ;
#3893 = ORIENTED_EDGE ( 'NONE', *, *, #999, .F. ) ;
#3894 = UNCERTAINTY_MEASURE_WITH_UNIT (LENGTH_MEASURE( 1.000000000000000082E-05 ), #2371, 'distance_accuracy_value', 'NONE');
#3895 = FACE_OUTER_BOUND ( 'NONE', #3563, .T. ) ;
#3896 = EDGE_CURVE ( 'NONE', #3003, #2555, #522, .T. ) ;
#3897 = AXIS2_PLACEMENT_3D ( 'NONE', #2575, #3861, #2908 ) ;
#3898 = FACE_OUTER_BOUND ( 'NONE', #1694, .T. ) ;
#3899 = LINE ( 'NONE', #1047, #3594 ) ;
#3900 = ADVANCED_FACE ( 'NONE', ( #3012 ), #3374, .F. ) ;
#3901 = VERTEX_POINT ( 'NONE', #3051 ) ;
#3902 = ORIENTED_EDGE ( 'NONE', *, *, #1601, .T. ) ;
#3903 = DIRECTION ( 'NONE',  ( 0.000000000000000000, 1.000000000000000000, 0.000000000000000000 ) ) ;
#3904 = ORIENTED_EDGE ( 'NONE', *, *, #836, .F. ) ;
#3905 = CARTESIAN_POINT ( 'NONE',  ( -43.33781478072816640, 10.49657050444530526, 0.000000000000000000 ) ) ;
#3906 = EDGE_CURVE ( 'NONE', #1050, #3851, #232, .T. ) ;
#3907 = CARTESIAN_POINT ( 'NONE',  ( -35.75000000000000711, 0.000000000000000000, 14.79999999999999716 ) ) ;
#3908 = ORIENTED_EDGE ( 'NONE', *, *, #48, .T. ) ;
#3909 = DIRECTION ( 'NONE',  ( 0.000000000000000000, 0.000000000000000000, 1.000000000000000000 ) ) ;
#3910 = VERTEX_POINT ( 'NONE', #2436 ) ;
#3911 = ORIENTED_EDGE ( 'NONE', *, *, #1953, .T. ) ;
#3912 = CARTESIAN_POINT ( 'NONE',  ( -55.75000000000000000, 0.000000000000000000, 17.19999999999999929 ) ) ;
#3913 = CARTESIAN_POINT ( 'NONE',  ( -59.63781478072816356, -50.50342949555435013, -2.200000000000004619 ) ) ;
#3914 = LINE ( 'NONE', #2220, #1786 ) ;
#3915 = EDGE_LOOP ( 'NONE', ( #1658, #1977, #2023, #1578 ) ) ;
#3916 = LINE ( 'NONE', #3622, #1980 ) ;
#3917 = SURFACE_STYLE_FILL_AREA ( #2642 ) ;
#3918 = CARTESIAN_POINT ( 'NONE',  ( -52.63781478072816356, -50.50342949555435013, -3.000000000000004441 ) ) ;
#3919 = ORIENTED_EDGE ( 'NONE', *, *, #1294, .F. ) ;
#3920 = EDGE_CURVE ( 'NONE', #996, #2402, #3675, .T. ) ;
#3921 = ORIENTED_EDGE ( 'NONE', *, *, #2618, .F. ) ;
#3922 = PLANE ( 'NONE',  #1492 ) ;
#3923 = ORIENTED_EDGE ( 'NONE', *, *, #1370, .F. ) ;
#3924 = AXIS2_PLACEMENT_3D ( 'NONE', #3352, #2093, #3692 ) ;
#3925 = LINE ( 'NONE', #1996, #2848 ) ;
#3926 = CIRCLE ( 'NONE', #2185, 1.500000000000003997 ) ;
#3927 = EDGE_CURVE ( 'NONE', #2675, #2765, #2849, .T. ) ;
#3928 = CARTESIAN_POINT ( 'NONE',  ( -41.83781478072816640, 14.49657050444530526, -3.469446951953614189E-15 ) ) ;
#3929 = VERTEX_POINT ( 'NONE', #4040 ) ;
#3930 = ORIENTED_EDGE ( 'NONE', *, *, #1147, .T. ) ;
#3931 = CIRCLE ( 'NONE', #2587, 30.50000000000000355 ) ;
#3932 = EDGE_CURVE ( 'NONE', #2716, #1243, #3494, .T. ) ;
#3933 = VERTEX_POINT ( 'NONE', #1879 ) ;
#3934 = FACE_OUTER_BOUND ( 'NONE', #3322, .T. ) ;
#3935 = AXIS2_PLACEMENT_3D ( 'NONE', #281, #3487, #23 ) ;
#3936 = CARTESIAN_POINT ( 'NONE',  ( 38.74999999999997158, -1.000000000000000000, 7.199999999999985967 ) ) ;
#3937 = CARTESIAN_POINT ( 'NONE',  ( 3.592505882173456576E-15, 14.49657050444528927, -2.200000000000004619 ) ) ;
#3938 = ORIENTED_EDGE ( 'NONE', *, *, #3906, .T. ) ;
#3939 = DIRECTION ( 'NONE',  ( -0.000000000000000000, 1.000000000000000000, -0.000000000000000000 ) ) ;
#3940 = AXIS2_PLACEMENT_3D ( 'NONE', #2494, #944, #1919 ) ;
#3941 = DIRECTION ( 'NONE',  ( -1.067522139062656218E-16, -1.000000000000000000, 0.000000000000000000 ) ) ;
#3942 = DIRECTION ( 'NONE',  ( -1.000000000000000000, 0.000000000000000000, 0.000000000000000000 ) ) ;
#3943 = COLOUR_RGB ( '',1.000000000000000000, 1.000000000000000000, 1.000000000000000000 ) ;
#3944 = FACE_OUTER_BOUND ( 'NONE', #3959, .T. ) ;
#3945 = ORIENTED_EDGE ( 'NONE', *, *, #974, .T. ) ;
#3946 = ORIENTED_EDGE ( 'NONE', *, *, #2509, .T. ) ;
#3947 = CARTESIAN_POINT ( 'NONE',  ( 0.000000000000000000, 0.000000000000000000, -2.200000000000004619 ) ) ;
#3948 = VERTEX_POINT ( 'NONE', #673 ) ;
#3949 = CARTESIAN_POINT ( 'NONE',  ( 29.66218521927184426, -46.50342949555435723, -1.500000000000004219 ) ) ;
#3950 = ADVANCED_FACE ( 'NONE', ( #4078 ), #1831, .F. ) ;
#3951 = DIRECTION ( 'NONE',  ( -1.000000000000000000, 0.000000000000000000, 0.000000000000000000 ) ) ;
#3952 = EDGE_LOOP ( 'NONE', ( #157, #1711, #2613 ) ) ;
#3953 = ORIENTED_EDGE ( 'NONE', *, *, #3128, .T. ) ;
#3954 = EDGE_CURVE ( 'NONE', #1243, #3235, #2177, .T. ) ;
#3955 = EDGE_LOOP ( 'NONE', ( #3421, #1058, #2979, #549, #2035, #1253, #3301, #523, #2804, #2244, #2656, #829 ) ) ;
#3956 = LINE ( 'NONE', #2045, #1614 ) ;
#3957 = LINE ( 'NONE', #3913, #4071 ) ;
#3958 = CARTESIAN_POINT ( 'NONE',  ( 29.66218521927184426, -46.50342949555435723, -3.469446951953614189E-15 ) ) ;
#3959 = EDGE_LOOP ( 'NONE', ( #2409, #80, #425, #578, #2688, #3527, #1259, #1372, #2844, #126, #146, #921 ) ) ;
#3960 = AXIS2_PLACEMENT_3D ( 'NONE', #1584, #630, #49 ) ;
#3961 = ADVANCED_FACE ( 'NONE', ( #1898 ), #1228, .F. ) ;
#3962 = AXIS2_PLACEMENT_3D ( 'NONE', #3745, #1847, #1240 ) ;
#3963 = FACE_BOUND ( 'NONE', #2768, .T. ) ;
#3964 = AXIS2_PLACEMENT_3D ( 'NONE', #1697, #137, #2614 ) ;
#3965 = ORIENTED_EDGE ( 'NONE', *, *, #377, .T. ) ;
#3966 = ORIENTED_EDGE ( 'NONE', *, *, #1770, .F. ) ;
#3967 = DIRECTION ( 'NONE',  ( -0.000000000000000000, 0.000000000000000000, -1.000000000000000000 ) ) ;
#3968 = CIRCLE ( 'NONE', #2090, 1.500000000000003997 ) ;
#3969 = ORIENTED_EDGE ( 'NONE', *, *, #1957, .T. ) ;
#3970 = DIRECTION ( 'NONE',  ( 0.000000000000000000, 0.000000000000000000, 1.000000000000000000 ) ) ;
#3971 = VERTEX_POINT ( 'NONE', #2837 ) ;
#3972 = ORIENTED_EDGE ( 'NONE', *, *, #3078, .T. ) ;
#3973 = ORIENTED_EDGE ( 'NONE', *, *, #813, .F. ) ;
#3974 = LINE ( 'NONE', #1121, #188 ) ;
#3975 = EDGE_CURVE ( 'NONE', #1152, #2412, #613, .T. ) ;
#3976 = DIRECTION ( 'NONE',  ( 1.000000000000000000, 0.000000000000000000, 0.000000000000000000 ) ) ;
#3977 = DIRECTION ( 'NONE',  ( 1.000000000000000000, 0.000000000000000000, 0.000000000000000000 ) ) ;
#3978 = VERTEX_POINT ( 'NONE', #3774 ) ;
#3979 =( NAMED_UNIT ( * ) SI_UNIT ( $, .STERADIAN. ) SOLID_ANGLE_UNIT ( ) );
#3980 = EDGE_CURVE ( 'NONE', #1342, #1903, #2883, .T. ) ;
#3981 = CARTESIAN_POINT ( 'NONE',  ( -43.75000000000000000, 14.15054178657793393, 9.199999999999999289 ) ) ;
#3982 = DIRECTION ( 'NONE',  ( 0.000000000000000000, 0.000000000000000000, 1.000000000000000000 ) ) ;
#3983 = DIRECTION ( 'NONE',  ( -1.000000000000000000, 0.000000000000000000, 0.000000000000000000 ) ) ;
#3984 = ORIENTED_EDGE ( 'NONE', *, *, #3464, .F. ) ;
#3985 = EDGE_CURVE ( 'NONE', #3396, #2782, #3058, .T. ) ;
#3986 = ORIENTED_EDGE ( 'NONE', *, *, #1969, .F. ) ;
#3987 = FACE_OUTER_BOUND ( 'NONE', #224, .T. ) ;
#3988 = CIRCLE ( 'NONE', #1776, 1.599999999999997202 ) ;
#3989 = EDGE_LOOP ( 'NONE', ( #3674, #3780, #1766, #1148, #1686, #2942, #1800, #952 ) ) ;
#3990 = VECTOR ( 'NONE', #2543, 1000.000000000000000 ) ;
#3991 = LINE ( 'NONE', #877, #2488 ) ;
#3992 = LINE ( 'NONE', #1381, #98 ) ;
#3993 = DIRECTION ( 'NONE',  ( 0.000000000000000000, 0.000000000000000000, -1.000000000000000000 ) ) ;
#3994 = AXIS2_PLACEMENT_3D ( 'NONE', #2453, #3693, #2074 ) ;
#3995 = ORIENTED_EDGE ( 'NONE', *, *, #955, .T. ) ;
#3996 = ADVANCED_FACE ( 'NONE', ( #2548 ), #2473, .F. ) ;
#3997 = DIRECTION ( 'NONE',  ( -1.000000000000000000, 0.000000000000000000, 0.000000000000000000 ) ) ;
#3998 = VECTOR ( 'NONE', #1484, 1000.000000000000000 ) ;
#3999 = EDGE_CURVE ( 'NONE', #3337, #1272, #1857, .T. ) ;
#4000 = ORIENTED_EDGE ( 'NONE', *, *, #3927, .F. ) ;
#4001 = VECTOR ( 'NONE', #1625, 1000.000000000000000 ) ;
#4002 = VERTEX_POINT ( 'NONE', #1550 ) ;
#4003 = DIRECTION ( 'NONE',  ( 0.000000000000000000, -1.000000000000000000, 0.000000000000000000 ) ) ;
#4004 = EDGE_CURVE ( 'NONE', #1272, #16, #374, .T. ) ;
#4005 = STYLED_ITEM ( 'NONE', ( #165 ), #1086 ) ;
#4006 = VECTOR ( 'NONE', #2983, 1000.000000000000000 ) ;
#4007 = ORIENTED_EDGE ( 'NONE', *, *, #386, .F. ) ;
#4008 = FACE_OUTER_BOUND ( 'NONE', #2535, .T. ) ;
#4009 = ORIENTED_EDGE ( 'NONE', *, *, #3072, .F. ) ;
#4010 = LINE ( 'NONE', #2426, #3112 ) ;
#4011 = DIRECTION ( 'NONE',  ( 1.000000000000000000, 0.000000000000000000, 0.000000000000000000 ) ) ;
#4012 = CARTESIAN_POINT ( 'NONE',  ( -59.63781478072815645, 0.000000000000000000, -2.200000000000004619 ) ) ;
#4013 = DIRECTION ( 'NONE',  ( 0.000000000000000000, -1.000000000000000000, 0.000000000000000000 ) ) ;
#4014 = DIRECTION ( 'NONE',  ( 0.000000000000000000, -0.000000000000000000, 1.000000000000000000 ) ) ;
#4015 = ORIENTED_EDGE ( 'NONE', *, *, #3406, .T. ) ;
#4016 = SURFACE_STYLE_FILL_AREA ( #1444 ) ;
#4017 = DIRECTION ( 'NONE',  ( 0.000000000000000000, 0.000000000000000000, 1.000000000000000000 ) ) ;
#4018 = CARTESIAN_POINT ( 'NONE',  ( -6.087814780728155739, -48.50342949555453487, 1.499999999999994449 ) ) ;
#4019 = DIRECTION ( 'NONE',  ( 1.000000000000000000, 0.000000000000000000, -0.000000000000000000 ) ) ;
#4020 = VECTOR ( 'NONE', #1125, 1000.000000000000000 ) ;
#4021 = DIRECTION ( 'NONE',  ( -1.000000000000000000, 0.000000000000000000, 0.000000000000000000 ) ) ;
#4022 = VERTEX_POINT ( 'NONE', #1610 ) ;
#4023 = FACE_OUTER_BOUND ( 'NONE', #1670, .T. ) ;
#4024 = EDGE_CURVE ( 'NONE', #282, #2019, #2466, .T. ) ;
#4025 = ORIENTED_EDGE ( 'NONE', *, *, #1469, .T. ) ;
#4026 = CARTESIAN_POINT ( 'NONE',  ( 8.000000000000000000, -1.999999999999998224, 9.199999999999999289 ) ) ;
#4027 = VECTOR ( 'NONE', #2249, 1000.000000000000000 ) ;
#4028 = CIRCLE ( 'NONE', #3019, 1.500000000000000666 ) ;
#4029 = EDGE_LOOP ( 'NONE', ( #3127, #52 ) ) ;
#4030 = DIRECTION ( 'NONE',  ( -4.336808689942013792E-16, -1.000000000000000000, 0.000000000000000000 ) ) ;
#4031 = ADVANCED_FACE ( 'NONE', ( #2158 ), #3434, .T. ) ;
#4032 = ORIENTED_EDGE ( 'NONE', *, *, #153, .F. ) ;
#4033 = CARTESIAN_POINT ( 'NONE',  ( -35.75000000000000711, 0.001000000000000132727, 14.79999999999999716 ) ) ;
#4034 = CARTESIAN_POINT ( 'NONE',  ( -14.08781478072797810, 14.49657050444529105, -2.200000000000004619 ) ) ;
#4035 = CARTESIAN_POINT ( 'NONE',  ( -2.874004705738750115E-14, 14.49657050444521111, -2.200000000000004619 ) ) ;
#4036 = EDGE_LOOP ( 'NONE', ( #3661, #689 ) ) ;
#4037 = CARTESIAN_POINT ( 'NONE',  ( 47.46218521927219314, -5.066693348986541409E-15, 4.000000000000003553 ) ) ;
#4038 = CARTESIAN_POINT ( 'NONE',  ( -6.626331261441737119, -48.49867502662053198, 1.400000000000303668 ) ) ;
#4039 = DIRECTION ( 'NONE',  ( 1.000000000000000000, 0.000000000000000000, -0.000000000000000000 ) ) ;
#4040 = CARTESIAN_POINT ( 'NONE',  ( 43.75000000000000000, -4.000000000000000000, 11.40000000000000036 ) ) ;
#4041 = EDGE_LOOP ( 'NONE', ( #2961, #2277, #2916, #2775 ) ) ;
#4042 = DIRECTION ( 'NONE',  ( 0.000000000000000000, -1.000000000000000000, 0.000000000000000000 ) ) ;
#4043 = VERTEX_POINT ( 'NONE', #1265 ) ;
#4044 = CARTESIAN_POINT ( 'NONE',  ( 0.000000000000000000, -1.000000000000000000, 2.200000000000000622 ) ) ;
#4045 = EDGE_CURVE ( 'NONE', #837, #3584, #2993, .T. ) ;
#4046 = EDGE_LOOP ( 'NONE', ( #1784, #219, #103, #3769 ) ) ;
#4047 = CARTESIAN_POINT ( 'NONE',  ( 55.75000000000000000, -6.000000000000000000, 17.19999999999999929 ) ) ;
#4048 = ORIENTED_EDGE ( 'NONE', *, *, #2489, .T. ) ;
#4049 = LINE ( 'NONE', #1194, #3453 ) ;
#4050 = EDGE_CURVE ( 'NONE', #3651, #3910, #3810, .T. ) ;
#4051 = AXIS2_PLACEMENT_3D ( 'NONE', #846, #1682, #2951 ) ;
#4052 = CARTESIAN_POINT ( 'NONE',  ( -6.087814780728155739, 10.49657050444530526, -5.204170427930421283E-15 ) ) ;
#4053 = PRODUCT_DEFINITION_SHAPE ( 'NONE', 'NONE',  #2414 ) ;
#4054 = CARTESIAN_POINT ( 'NONE',  ( -8.326672684688655318E-16, -1.000000000000000000, 7.199999999999981526 ) ) ;
#4055 = ORIENTED_EDGE ( 'NONE', *, *, #596, .F. ) ;
#4056 = ADVANCED_FACE ( 'NONE', ( #653 ), #3171, .T. ) ;
#4057 = DIRECTION ( 'NONE',  ( 1.000000000000000000, 0.000000000000000000, -0.000000000000000000 ) ) ;
#4058 = SURFACE_STYLE_USAGE ( .BOTH. , #287 ) ;
#4059 = DIRECTION ( 'NONE',  ( 1.067522139062656218E-16, 1.000000000000000000, 0.000000000000000000 ) ) ;
#4060 = DIRECTION ( 'NONE',  ( -1.000000000000000000, -2.478176394252582620E-16, 0.000000000000000000 ) ) ;
#4061 = ORIENTED_EDGE ( 'NONE', *, *, #1230, .F. ) ;
#4062 = FACE_OUTER_BOUND ( 'NONE', #4092, .T. ) ;
#4063 = VECTOR ( 'NONE', #4014, 1000.000000000000000 ) ;
#4064 = VERTEX_POINT ( 'NONE', #2352 ) ;
#4065 = DIRECTION ( 'NONE',  ( 0.000000000000000000, 0.000000000000000000, -1.000000000000000000 ) ) ;
#4066 = VECTOR ( 'NONE', #2219, 1000.000000000000000 ) ;
#4067 = FACE_BOUND ( 'NONE', #442, .T. ) ;
#4068 = EDGE_CURVE ( 'NONE', #2588, #3910, #141, .T. ) ;
#4069 = COLOUR_RGB ( '',1.000000000000000000, 1.000000000000000000, 1.000000000000000000 ) ;
#4070 = DIRECTION ( 'NONE',  ( 0.000000000000000000, 0.000000000000000000, 1.000000000000000000 ) ) ;
#4071 = VECTOR ( 'NONE', #3026, 1000.000000000000000 ) ;
#4072 = CARTESIAN_POINT ( 'NONE',  ( 29.66218521927184426, 14.49657050444530526, -1.500000000000004219 ) ) ;
#4073 = DIRECTION ( 'NONE',  ( -1.067522139062655848E-16, -1.000000000000000000, 0.000000000000000000 ) ) ;
#4074 = ORIENTED_EDGE ( 'NONE', *, *, #2744, .F. ) ;
#4075 = EDGE_CURVE ( 'NONE', #1504, #2297, #1720, .T. ) ;
#4076 = CARTESIAN_POINT ( 'NONE',  ( -59.63781478072815645, 6.366468760374541412E-15, 0.000000000000000000 ) ) ;
#4077 = EDGE_CURVE ( 'NONE', #2734, #1822, #3603, .T. ) ;
#4078 = FACE_OUTER_BOUND ( 'NONE', #850, .T. ) ;
#4079 = ORIENTED_EDGE ( 'NONE', *, *, #854, .T. ) ;
#4080 = CARTESIAN_POINT ( 'NONE',  ( 40.46218521927218603, -50.50342949555436434, -2.200000000000004619 ) ) ;
#4081 = FACE_OUTER_BOUND ( 'NONE', #504, .T. ) ;
#4082 = AXIS2_PLACEMENT_3D ( 'NONE', #1314, #3184, #989 ) ;
#4083 = CARTESIAN_POINT ( 'NONE',  ( 35.75000000000000711, 0.001000000000000132727, 13.19999999999999929 ) ) ;
#4084 = ORIENTED_EDGE ( 'NONE', *, *, #302, .T. ) ;
#4085 = VERTEX_POINT ( 'NONE', #3536 ) ;
#4086 = CARTESIAN_POINT ( 'NONE',  ( 35.75000000000000711, 0.000000000000000000, 14.79999999999999716 ) ) ;
#4087 = VECTOR ( 'NONE', #2717, 1000.000000000000000 ) ;
#4088 = ORIENTED_EDGE ( 'NONE', *, *, #1812, .F. ) ;
#4089 = VECTOR ( 'NONE', #2056, 1000.000000000000000 ) ;
#4090 = CARTESIAN_POINT ( 'NONE',  ( -5.634637614371970749, -48.50018203620296475, 1.432826162310117724 ) ) ;
#4091 = CARTESIAN_POINT ( 'NONE',  ( 55.75000000000000000, -10.00000000000000000, 17.19999999999999929 ) ) ;
#4092 = EDGE_LOOP ( 'NONE', ( #1598, #773, #3319, #2816, #1029 ) ) ;
#4093 = EDGE_CURVE ( 'NONE', #1235, #2669, #2263, .T. ) ;
#4094 = DIRECTION ( 'NONE',  ( 1.000000000000000000, 0.000000000000000000, 0.000000000000000000 ) ) ;
#4095 = DIRECTION ( 'NONE',  ( 0.000000000000000000, 1.000000000000000000, 0.000000000000000000 ) ) ;
#4096 = FACE_OUTER_BOUND ( 'NONE', #702, .T. ) ;
#4097 = ADVANCED_FACE ( 'NONE', ( #99 ), #3855, .F. ) ;
#4098 = CARTESIAN_POINT ( 'NONE',  ( 0.000000000000000000, -1.000000000000000000, 0.000000000000000000 ) ) ;
#4099 = EDGE_LOOP ( 'NONE', ( #2933, #3305, #1753, #113, #3446, #1790, #339 ) ) ;
#4100 = DIRECTION ( 'NONE',  ( 0.000000000000000000, 0.000000000000000000, 1.000000000000000000 ) ) ;
#4101 = CARTESIAN_POINT ( 'NONE',  ( -17.97074738096943136, -46.50342949555435723, -0.8366659531755477053 ) ) ;
#4102 = EDGE_CURVE ( 'NONE', #2370, #3873, #3877, .T. ) ;
#4103 = LINE ( 'NONE', #2515, #1404 ) ;
#4104 = ORIENTED_EDGE ( 'NONE', *, *, #754, .F. ) ;
#4105 = MANIFOLD_SOLID_BREP ( '凸台-拉伸5', #1651 ) ;
#4106 = ORIENTED_EDGE ( 'NONE', *, *, #1391, .T. ) ;
#4107 = CARTESIAN_POINT ( 'NONE',  ( 29.66218521927184426, -46.50342949555435723, -3.469446951953614189E-15 ) ) ;
#4108 = DIRECTION ( 'NONE',  ( 1.000000000000000000, 0.000000000000000000, 0.000000000000000000 ) ) ;
#4109 = EDGE_LOOP ( 'NONE', ( #1102, #2178, #3685, #92 ) ) ;
#4110 = NEXT_ASSEMBLY_USAGE_OCCURRENCE ( 'NAUO1', ' ', ' ', #2281, #2414, $ ) ;
#4111 = NEXT_ASSEMBLY_USAGE_OCCURRENCE ( 'NAUO2', ' ', ' ', #2281, #1913, $ ) ;
#4112 = NEXT_ASSEMBLY_USAGE_OCCURRENCE ( 'NAUO3', ' ', ' ', #2281, #32, $ ) ;
ENDSEC;
END-ISO-10303-21;
